# Time-averaged data for fix msd_out
# TimeStep c_msd_co2[1] c_msd_co2[2] c_msd_co2[3] c_msd_co2[4]
0 5.27368e-30 3.50605e-30 1.48423e-29 2.3622e-29
100 0.0193693 0.0357561 0.00756479 0.0626902
200 0.0643489 0.10265 0.0291551 0.196154
300 0.127145 0.156828 0.0820719 0.366045
400 0.197613 0.208711 0.152661 0.558985
500 0.255575 0.265474 0.211357 0.732406
600 0.301397 0.325499 0.205823 0.832719
700 0.346696 0.382807 0.18098 0.910482
800 0.40722 0.476898 0.16527 1.04939
900 0.511972 0.526353 0.163008 1.20133
1000 0.58269 0.550389 0.187122 1.3202
1100 0.575429 0.563185 0.225664 1.36428
1200 0.527503 0.564859 0.272418 1.36478
1300 0.552364 0.539506 0.311006 1.40288
1400 0.568644 0.56706 0.284205 1.41991
1500 0.550239 0.627054 0.26667 1.44396
1600 0.580471 0.671019 0.293674 1.54516
1700 0.663343 0.661751 0.331279 1.65637
1800 0.74447 0.645623 0.305526 1.69562
1900 0.764891 0.636299 0.286501 1.68769
2000 0.73542 0.641099 0.251916 1.62844
2100 0.634177 0.642371 0.220244 1.49679
2200 0.549649 0.643618 0.199046 1.39231
2300 0.548768 0.592334 0.195632 1.33673
2400 0.544928 0.51206 0.234309 1.2913
2500 0.519931 0.491254 0.257163 1.26835
2600 0.487054 0.531213 0.258285 1.27655
2700 0.50455 0.577234 0.242 1.32378
2800 0.57952 0.613994 0.240462 1.43398
2900 0.667878 0.637087 0.243551 1.54852
3000 0.736939 0.601766 0.222963 1.56167
3100 0.78456 0.59064 0.253797 1.629
3200 0.820555 0.615318 0.270459 1.70633
3300 0.889775 0.657785 0.249839 1.7974
3400 1.03588 0.675711 0.251609 1.9632
3500 1.11336 0.76087 0.270063 2.14429
3600 1.17608 0.798314 0.294849 2.26925
3700 1.22309 0.832426 0.323172 2.37869
3800 1.28458 0.783255 0.330608 2.39845
3900 1.27437 0.813632 0.276999 2.365
4000 1.32115 0.855975 0.21334 2.39047
4100 1.34736 0.878173 0.2051 2.43063
4200 1.33749 0.830043 0.2434 2.41093
4300 1.26206 0.826162 0.290748 2.37897
4400 1.20742 0.82551 0.330977 2.36391
4500 1.10893 0.808391 0.321421 2.23875
4600 1.07504 0.763298 0.294898 2.13324
4700 1.1122 0.744693 0.312441 2.16934
4800 1.1166 0.658112 0.331462 2.10617
4900 1.07022 0.602072 0.341882 2.01418
5000 1.05627 0.591394 0.347825 1.99549
5100 0.967431 0.578187 0.340222 1.88584
5200 0.8569 0.553748 0.32853 1.73918
5300 0.79611 0.583654 0.325308 1.70507
5400 0.826732 0.640565 0.296209 1.76351
5500 0.835761 0.725754 0.276613 1.83813
5600 0.879536 0.817289 0.295294 1.99212
5700 0.98491 0.841972 0.303355 2.13024
5800 1.06789 0.784445 0.296286 2.14862
5900 1.06562 0.746062 0.263948 2.07563
6000 1.06463 0.794089 0.256653 2.11537
6100 1.00783 0.837681 0.272891 2.1184
6200 0.940625 0.791758 0.276861 2.00924
6300 0.957122 0.761412 0.291053 2.00959
6400 0.993986 0.730368 0.264408 1.98876
6500 0.968406 0.713048 0.220832 1.90229
6600 0.981907 0.743722 0.191052 1.91668
6700 1.04848 0.813382 0.211308 2.07317
6800 1.0756 0.757301 0.254204 2.0871
6900 1.1076 0.689537 0.255316 2.05245
7000 1.12935 0.658566 0.216851 2.00476
7100 1.08458 0.684205 0.201568 1.97035
7200 1.02823 0.675985 0.190274 1.89449
7300 1.05648 0.672236 0.199254 1.92797
7400 1.11407 0.6556 0.232618 2.00229
7500 1.18812 0.602538 0.242864 2.03352
7600 1.23648 0.59596 0.217828 2.05026
7700 1.19509 0.607233 0.202802 2.00512
7800 1.06699 0.60076 0.235259 1.90301
7900 0.954983 0.660283 0.25737 1.87264
8000 0.955618 0.71726 0.266866 1.93974
8100 1.02287 0.681552 0.257875 1.9623
8200 1.09008 0.663799 0.261415 2.0153
8300 1.11314 0.641766 0.287508 2.04241
8400 1.05286 0.620703 0.295477 1.96904
8500 1.01003 0.59714 0.272825 1.88
8600 0.986877 0.594798 0.24462 1.8263
8700 0.946235 0.625089 0.245888 1.81721
8800 0.930343 0.656016 0.262336 1.8487
8900 0.920808 0.639484 0.288666 1.84896
9000 0.898775 0.612676 0.292201 1.80365
9100 0.912358 0.651687 0.263848 1.82789
9200 0.927164 0.661883 0.238449 1.8275
9300 0.958626 0.617141 0.215465 1.79123
9400 1.00298 0.585569 0.217535 1.80608
9500 1.04266 0.571265 0.228016 1.84194
9600 1.03704 0.551494 0.239605 1.82814
9700 1.00754 0.585043 0.242914 1.83549
9800 0.975005 0.592465 0.260613 1.82808
9900 0.956928 0.591117 0.283401 1.83145
10000 0.973264 0.609997 0.321155 1.90442
10100 0.990023 0.563792 0.293597 1.84741
10200 1.00608 0.54763 0.231147 1.78485
10300 1.01692 0.571462 0.202805 1.79119
10400 1.01088 0.551732 0.183359 1.74597
10500 0.97588 0.564023 0.189223 1.72913
10600 0.975697 0.578563 0.218864 1.77312
10700 1.00772 0.57112 0.221741 1.80058
10800 1.07276 0.533677 0.222903 1.82934
10900 1.10404 0.540532 0.242236 1.88681
11000 1.07722 0.537127 0.243731 1.85808
11100 1.00399 0.5538 0.243331 1.80113
11200 0.978894 0.573878 0.284828 1.8376
11300 0.988513 0.588193 0.314691 1.8914
11400 0.99895 0.520636 0.304794 1.82438
11500 0.927166 0.524613 0.267674 1.71945
11600 0.893583 0.538814 0.26863 1.70103
11700 0.900449 0.528858 0.267504 1.69681
11800 0.925674 0.504582 0.290943 1.7212
11900 0.897573 0.496519 0.322981 1.71707
12000 0.843677 0.488022 0.292377 1.62408
12100 0.763947 0.476071 0.245656 1.48567
12200 0.805507 0.47527 0.271941 1.55272
12300 0.842432 0.514062 0.28453 1.64102
12400 0.876298 0.530445 0.26341 1.67015
12500 0.891172 0.565139 0.280875 1.73719
12600 0.882619 0.554527 0.28754 1.72469
12700 0.848115 0.502668 0.25193 1.60271
12800 0.825563 0.465395 0.255618 1.54658
12900 0.83207 0.486981 0.235095 1.55415
13000 0.797921 0.483415 0.172119 1.45345
13100 0.763869 0.4716 0.155888 1.39136
13200 0.771287 0.458702 0.16682 1.39681
13300 0.755694 0.459766 0.162683 1.37814
13400 0.737644 0.484887 0.170231 1.39276
13500 0.734553 0.520505 0.195674 1.45073
13600 0.777824 0.522238 0.198372 1.49843
13700 0.835385 0.517661 0.197571 1.55062
13800 0.868407 0.519656 0.210764 1.59883
13900 0.876539 0.549782 0.217085 1.64341
14000 0.889649 0.579774 0.234025 1.70345
14100 0.873175 0.610434 0.252024 1.73563
14200 0.890526 0.65345 0.263018 1.80699
14300 0.971884 0.646665 0.254483 1.87303
14400 1.0285 0.639443 0.246656 1.9146
14500 1.06078 0.678029 0.221383 1.96019
14600 1.06427 0.73065 0.184248 1.97917
14700 1.02559 0.748279 0.178358 1.95222
14800 1.00471 0.706005 0.237556 1.94827
14900 1.00306 0.676883 0.226054 1.906
15000 0.967052 0.625677 0.185206 1.77793
15100 0.927178 0.601187 0.164154 1.69252
15200 0.823546 0.636569 0.184728 1.64484
15300 0.757995 0.622065 0.171759 1.55182
15400 0.709583 0.620407 0.17871 1.5087
15500 0.712757 0.645205 0.20563 1.56359
15600 0.738532 0.610776 0.211439 1.56075
15700 0.785668 0.600165 0.213709 1.59954
15800 0.774166 0.614351 0.20559 1.59411
15900 0.763259 0.600902 0.202579 1.56674
16000 0.739516 0.6058 0.217294 1.56261
16100 0.748017 0.608899 0.229998 1.58691
16200 0.770276 0.541616 0.229525 1.54142
16300 0.79392 0.510573 0.20249 1.50698
16400 0.752572 0.516679 0.195239 1.46449
16500 0.722 0.557105 0.234179 1.51328
16600 0.705109 0.585286 0.229526 1.51992
16700 0.763444 0.565029 0.234897 1.56337
16800 0.839305 0.514184 0.266692 1.62018
16900 0.904271 0.505508 0.262546 1.67232
17000 0.890297 0.547477 0.253061 1.69084
17100 0.876775 0.614612 0.290085 1.78147
17200 0.887901 0.648214 0.30743 1.84355
17300 0.957528 0.633099 0.314658 1.90529
17400 1.00708 0.586852 0.332132 1.92606
17500 1.01861 0.574296 0.332579 1.92549
17600 1.00508 0.604006 0.301441 1.91052
17700 0.934259 0.65967 0.299418 1.89335
17800 0.874628 0.670244 0.304751 1.84962
17900 0.931165 0.638169 0.315908 1.88524
18000 0.982118 0.625641 0.318062 1.92582
18100 1.00584 0.621956 0.290829 1.91863
18200 1.03591 0.671477 0.233518 1.9409
18300 1.09084 0.747124 0.199614 2.03757
18400 1.16053 0.729597 0.196304 2.08643
18500 1.2341 0.754076 0.226733 2.2149
18600 1.22912 0.811729 0.233694 2.27454
18700 1.20318 0.876244 0.22293 2.30235
18800 1.1683 0.945057 0.227387 2.34074
18900 1.21088 0.949229 0.275025 2.43514
19000 1.26613 0.914139 0.285337 2.4656
19100 1.27844 0.918734 0.257086 2.45426
19200 1.23136 0.941792 0.299185 2.47234
19300 1.22917 0.972514 0.316628 2.51831
19400 1.21134 0.97536 0.251705 2.43841
19500 1.15743 0.899872 0.254296 2.31159
19600 1.09646 0.821028 0.297173 2.21466
19700 1.06012 0.794122 0.319105 2.17335
19800 0.979667 0.785035 0.326638 2.09134
19900 0.948311 0.813242 0.302403 2.06396
20000 0.992915 0.844714 0.259913 2.09754
20100 1.0734 0.870727 0.264954 2.20908
20200 1.16194 0.865878 0.321984 2.3498
20300 1.21309 0.915196 0.342304 2.47059
20400 1.24181 0.988684 0.33439 2.56488
20500 1.23997 1.04741 0.34838 2.63576
20600 1.22792 1.05135 0.293878 2.57314
20700 1.27099 0.993623 0.201314 2.46593
20800 1.36499 0.85897 0.202109 2.42607
20900 1.3527 0.81501 0.237968 2.40568
21000 1.25197 0.850217 0.205645 2.30783
21100 1.15634 0.885381 0.182896 2.22462
21200 1.11296 0.86649 0.226996 2.20645
21300 1.08709 0.831085 0.238061 2.15624
21400 1.11696 0.792 0.221585 2.13055
21500 1.15771 0.796547 0.248905 2.20317
21600 1.1574 0.812198 0.287136 2.25674
21700 1.12974 0.846047 0.243631 2.21941
21800 1.12951 0.868826 0.204351 2.20268
21900 1.09793 0.881354 0.227999 2.20728
22000 1.07544 0.895458 0.239756 2.21065
22100 1.05142 0.945389 0.247992 2.2448
22200 1.05384 0.910901 0.254521 2.21927
22300 1.08981 0.866602 0.232786 2.1892
22400 1.13465 0.829656 0.231404 2.19571
22500 1.11203 0.832878 0.252088 2.19699
22600 1.04463 0.878983 0.235705 2.15932
22700 1.02523 0.970127 0.227878 2.22324
22800 1.07518 0.973833 0.253248 2.30226
22900 1.13567 0.930641 0.224404 2.29071
23000 1.20045 0.946406 0.176875 2.32374
23100 1.19403 0.963363 0.181556 2.33895
23200 1.16289 0.976251 0.206749 2.34589
23300 1.12434 1.03891 0.209466 2.37272
23400 1.12951 0.978137 0.227389 2.33503
23500 1.15258 0.899498 0.228745 2.28083
23600 1.17832 0.866218 0.205694 2.25024
23700 1.11928 0.836662 0.157382 2.11332
23800 1.06065 0.815231 0.140433 2.01632
23900 1.07288 0.865313 0.175177 2.11337
24000 1.09846 0.851581 0.200489 2.15053
24100 1.08572 0.863443 0.215055 2.16422
24200 1.16219 0.89178 0.237731 2.2917
24300 1.22154 0.879501 0.255058 2.3561
24400 1.26116 0.834584 0.262464 2.35821
24500 1.31077 0.866789 0.246971 2.42453
24600 1.351 0.83902 0.214245 2.40427
24700 1.29709 0.806912 0.223589 2.32759
24800 1.22001 0.766207 0.237293 2.22351
24900 1.14231 0.72598 0.23573 2.10402
25000 1.08703 0.708931 0.238019 2.03398
25100 1.04339 0.710559 0.260527 2.01447
25200 1.03516 0.676527 0.247036 1.95872
25300 1.04413 0.674657 0.193931 1.91272
25400 1.04714 0.661562 0.187631 1.89633
25500 1.08061 0.668776 0.177958 1.92734
25600 1.12613 0.722501 0.184112 2.03274
25700 1.14911 0.723278 0.225561 2.09795
25800 1.17343 0.747395 0.246365 2.16719
25900 1.19832 0.811381 0.23145 2.24115
26000 1.19959 0.812205 0.21657 2.22837
26100 1.23935 0.826364 0.197874 2.26359
26200 1.37654 0.922295 0.17255 2.47139
26300 1.43346 0.916247 0.176039 2.52575
26400 1.45075 0.894341 0.186866 2.53196
26500 1.5088 0.987718 0.20715 2.70367
26600 1.51399 1.03961 0.215331 2.76892
26700 1.51017 0.995578 0.218347 2.7241
26800 1.56603 0.995282 0.248961 2.81027
26900 1.57152 0.967902 0.245832 2.78526
27000 1.47441 0.900496 0.240053 2.61496
27100 1.39789 0.912517 0.253131 2.56354
27200 1.29026 0.918892 0.253193 2.46234
27300 1.15281 0.830616 0.227209 2.21063
27400 1.08839 0.734745 0.218364 2.0415
27500 1.03027 0.692838 0.22927 1.95238
27600 0.91344 0.659974 0.243951 1.81736
27700 0.857455 0.670377 0.240824 1.76866
27800 0.862642 0.700944 0.236663 1.80025
27900 0.909751 0.668529 0.22866 1.80694
28000 0.955012 0.6249 0.216074 1.79599
28100 1.01238 0.663251 0.203622 1.87925
28200 1.00219 0.704077 0.217746 1.92402
28300 0.963467 0.702617 0.223668 1.88975
28400 0.984464 0.712165 0.242596 1.93923
28500 1.00499 0.770625 0.267715 2.04333
28600 0.977703 0.777332 0.269587 2.02462
28700 1.00767 0.791435 0.274853 2.07396
28800 1.07868 0.82447 0.289326 2.19248
28900 1.10183 0.807732 0.27636 2.18592
29000 1.11836 0.805781 0.266475 2.19061
29100 1.17164 0.864231 0.283182 2.31906
29200 1.20317 0.829538 0.324565 2.35727
29300 1.21049 0.812444 0.309623 2.33256
29400 1.22214 0.808602 0.26363 2.29437
29500 1.24635 0.794944 0.263029 2.30433
29600 1.26573 0.794334 0.278878 2.33894
29700 1.31889 0.829874 0.267072 2.41583
29800 1.34771 0.83162 0.261083 2.44041
29900 1.3489 0.889682 0.238551 2.47714
30000 1.38454 0.931435 0.225587 2.54156
30100 1.44783 0.953128 0.237798 2.63876
30200 1.51803 0.945367 0.25356 2.71696
30300 1.61245 0.933816 0.266152 2.81242
30400 1.6926 0.940075 0.28086 2.91353
30500 1.71914 0.979035 0.247297 2.94547
30600 1.67224 0.995775 0.217089 2.8851
30700 1.65728 0.97913 0.223592 2.86
30800 1.63747 0.941593 0.23445 2.81352
30900 1.56746 0.929689 0.202452 2.6996
31000 1.48838 0.935251 0.171015 2.59464
31100 1.44779 0.922553 0.178767 2.54911
31200 1.40241 0.889082 0.20664 2.49813
31300 1.34808 0.852624 0.233789 2.4345
31400 1.3377 0.83281 0.238739 2.40925
31500 1.36571 0.809063 0.230202 2.40497
31600 1.36797 0.791174 0.231964 2.39111
31700 1.38715 0.784243 0.260695 2.43208
31800 1.35795 0.838408 0.270382 2.46674
31900 1.31936 0.868336 0.275084 2.46278
32000 1.34299 0.78593 0.278985 2.4079
32100 1.38155 0.729265 0.267509 2.37833
32200 1.34036 0.752983 0.262804 2.35614
32300 1.29974 0.759979 0.279186 2.3389
32400 1.2895 0.736835 0.281574 2.30791
32500 1.2929 0.755853 0.277958 2.32672
32600 1.31399 0.722555 0.308114 2.34466
32700 1.37547 0.6795 0.303207 2.35818
32800 1.38498 0.661254 0.236021 2.28226
32900 1.33428 0.641587 0.215325 2.1912
33000 1.2591 0.64333 0.244431 2.14686
33100 1.16322 0.680896 0.248264 2.09238
33200 1.05624 0.668033 0.220813 1.94509
33300 1.02961 0.645256 0.229072 1.90394
33400 1.08311 0.641022 0.26395 1.98808
33500 1.10957 0.611423 0.298281 2.01927
33600 1.07697 0.642406 0.310003 2.02938
33700 1.06047 0.721473 0.300763 2.08271
33800 1.12223 0.751742 0.286009 2.15998
33900 1.18848 0.726181 0.247421 2.16208
34000 1.24213 0.719918 0.193471 2.15551
34100 1.27696 0.725897 0.193482 2.19634
34200 1.24108 0.772162 0.242242 2.25549
34300 1.16088 0.820705 0.241099 2.22268
34400 1.15885 0.815003 0.252058 2.22591
34500 1.18656 0.759042 0.272831 2.21843
34600 1.19858 0.720838 0.245276 2.1647
34700 1.18244 0.659635 0.222747 2.06482
34800 1.13229 0.650569 0.217044 1.9999
34900 1.03436 0.710687 0.211798 1.95684
35000 0.989335 0.715783 0.242316 1.94743
35100 0.978128 0.653861 0.250931 1.88292
35200 1.00387 0.641201 0.233048 1.87812
35300 1.03751 0.616642 0.228783 1.88294
35400 1.03761 0.607811 0.249073 1.89449
35500 1.00683 0.661058 0.248823 1.91671
35600 0.981661 0.69757 0.242568 1.9218
35700 0.974922 0.67486 0.249571 1.89935
35800 1.02684 0.671799 0.247149 1.94578
35900 1.09358 0.640644 0.246555 1.98078
36000 1.12454 0.639542 0.26093 2.02501
36100 1.08531 0.697352 0.294672 2.07733
36200 1.06023 0.809237 0.305333 2.1748
36300 1.10599 0.842591 0.294891 2.24347
36400 1.22909 0.841041 0.302231 2.37236
36500 1.32815 0.814397 0.315083 2.45763
36600 1.35315 0.847837 0.313577 2.51456
36700 1.32605 0.841432 0.292803 2.46028
36800 1.24324 0.837769 0.2824 2.3634
36900 1.15461 0.802931 0.283744 2.24129
37000 1.10272 0.748601 0.283153 2.13448
37100 1.06422 0.668217 0.298681 2.03112
37200 1.00607 0.694016 0.295314 1.9954
37300 0.972454 0.718214 0.274238 1.96491
37400 0.953254 0.718536 0.26462 1.93641
37500 0.963036 0.707643 0.240842 1.91152
37600 0.975019 0.706047 0.236471 1.91754
37700 0.998209 0.675073 0.27087 1.94415
37800 1.04449 0.699968 0.257458 2.00192
37900 1.08156 0.69623 0.21286 1.99065
38000 1.07131 0.715324 0.209854 1.99649
38100 1.06226 0.72156 0.236751 2.02057
38200 1.04147 0.705283 0.247322 1.99408
38300 1.01902 0.682436 0.24537 1.94682
38400 0.999202 0.700926 0.221975 1.9221
38500 1.00137 0.673755 0.194583 1.8697
38600 0.987667 0.694481 0.176171 1.85832
38700 0.970277 0.721837 0.172169 1.86428
38800 0.987527 0.698908 0.195256 1.88169
38900 1.02815 0.690681 0.208914 1.92775
39000 1.03554 0.732867 0.199653 1.96806
39100 1.03323 0.74861 0.164155 1.946
39200 1.04755 0.774885 0.143936 1.96638
39300 1.09621 0.776995 0.168397 2.0416
39400 1.12697 0.752956 0.208807 2.08873
39500 1.16294 0.755201 0.188394 2.10654
39600 1.18466 0.77305 0.182717 2.14043
39700 1.1892 0.756431 0.211422 2.15706
39800 1.19669 0.766816 0.213785 2.17729
39900 1.18419 0.749874 0.2224 2.15647
40000 1.13887 0.670311 0.262337 2.07152
40100 1.10161 0.628816 0.271693 2.00212
40200 1.05404 0.633146 0.276486 1.96367
40300 0.982164 0.59254 0.294712 1.86942
40400 0.953369 0.548468 0.299993 1.80183
40500 0.940344 0.546764 0.329507 1.81661
40600 0.918787 0.529483 0.322448 1.77072
40700 0.891364 0.520203 0.276348 1.68792
40800 0.894869 0.528847 0.255432 1.67915
40900 0.896156 0.538079 0.231502 1.66574
41000 0.886479 0.5405 0.200634 1.62761
41100 0.88613 0.560423 0.207872 1.65443
41200 0.910972 0.546537 0.234153 1.69166
41300 0.897462 0.574933 0.239283 1.71168
41400 0.901929 0.584322 0.219335 1.70559
41500 0.954496 0.560845 0.23141 1.74675
41600 1.00954 0.559336 0.230363 1.79924
41700 1.01386 0.571125 0.243677 1.82866
41800 1.02842 0.585591 0.241875 1.85589
41900 1.02876 0.622192 0.241605 1.89256
42000 1.0455 0.621696 0.252619 1.91982
42100 1.08929 0.593069 0.270434 1.95279
42200 1.11512 0.590547 0.265707 1.97137
42300 1.07251 0.63386 0.254937 1.96131
42400 1.06664 0.68164 0.270495 2.01878
42500 1.11941 0.695425 0.25804 2.07288
42600 1.22435 0.664006 0.218686 2.10704
42700 1.32408 0.652479 0.23165 2.20821
42800 1.40435 0.67699 0.250611 2.33195
42900 1.39595 0.735358 0.24117 2.37248
43000 1.39614 0.797361 0.239007 2.43251
43100 1.42399 0.864099 0.258945 2.54704
43200 1.46202 0.833001 0.245518 2.54054
43300 1.49427 0.762567 0.233567 2.4904
43400 1.51983 0.719877 0.251795 2.4915
43500 1.4302 0.71739 0.265181 2.41277
43600 1.30062 0.7547 0.26171 2.31703
43700 1.20959 0.779574 0.258446 2.24761
43800 1.17365 0.748985 0.257747 2.18038
43900 1.11931 0.725415 0.229058 2.07379
44000 1.14495 0.68079 0.228206 2.05395
44100 1.17226 0.641487 0.250962 2.06471
44200 1.15266 0.658925 0.25817 2.06975
44300 1.06251 0.765742 0.263443 2.0917
44400 1.04063 0.792047 0.280876 2.11355
44500 1.08141 0.743317 0.283483 2.10821
44600 1.12379 0.705969 0.236003 2.06576
44700 1.14226 0.672757 0.216981 2.032
44800 1.17353 0.671077 0.241471 2.08608
44900 1.16965 0.724884 0.252772 2.14731
45000 1.18884 0.779186 0.251176 2.21921
45100 1.25305 0.784987 0.266988 2.30503
45200 1.32612 0.740113 0.259878 2.32611
45300 1.34896 0.714595 0.239107 2.30266
45400 1.31067 0.749355 0.240391 2.30042
45500 1.24812 0.797663 0.261177 2.30696
45600 1.2227 0.819116 0.248255 2.29007
45700 1.22684 0.796069 0.237396 2.26031
45800 1.24507 0.752296 0.235297 2.23266
45900 1.2443 0.717192 0.242829 2.20432
46000 1.22537 0.72893 0.253963 2.20826
46100 1.18876 0.772492 0.279486 2.24074
46200 1.14218 0.821322 0.295609 2.25911
46300 1.13173 0.827674 0.296989 2.25639
46400 1.15767 0.77837 0.272816 2.20886
46500 1.19201 0.741585 0.256702 2.1903
46600 1.17968 0.758072 0.234278 2.17203
46700 1.14718 0.784264 0.221614 2.15306
46800 1.14919 0.806094 0.228986 2.18427
46900 1.20094 0.822007 0.249548 2.2725
47000 1.28987 0.827615 0.246645 2.36413
47100 1.35452 0.809016 0.225647 2.38918
47200 1.38835 0.81466 0.235531 2.43854
47300 1.37382 0.851245 0.257494 2.48256
47400 1.321 0.884641 0.233831 2.43948
47500 1.285 0.877169 0.198915 2.36108
47600 1.25937 0.826273 0.196572 2.28221
47700 1.23182 0.74381 0.190672 2.1663
47800 1.18525 0.68854 0.189269 2.06306
47900 1.13137 0.670913 0.168064 1.97035
48000 1.07631 0.689199 0.150929 1.91643
48100 1.10797 0.712231 0.161277 1.98148
48200 1.1634 0.751067 0.171411 2.08588
48300 1.20373 0.763634 0.173334 2.1407
48400 1.28474 0.721599 0.187577 2.19391
48500 1.39631 0.730458 0.206511 2.33328
48600 1.39311 0.779102 0.200899 2.37311
48700 1.37942 0.798669 0.183518 2.3616
48800 1.42153 0.824316 0.187434 2.43328
48900 1.44311 0.841245 0.200796 2.48515
49000 1.40741 0.794681 0.174726 2.37681
49100 1.39149 0.785427 0.166323 2.34324
49200 1.36583 0.774007 0.213627 2.35346
49300 1.30748 0.784264 0.227761 2.3195
49400 1.28573 0.772652 0.209661 2.26804
49500 1.27055 0.76075 0.224884 2.25618
49600 1.2348 0.75205 0.230158 2.217
49700 1.20655 0.756085 0.225301 2.18794
49800 1.20471 0.695358 0.250114 2.15018
49900 1.19324 0.692827 0.260127 2.1462
50000 1.16653 0.71913 0.237148 2.12281
50100 1.14896 0.759317 0.233844 2.14212
50200 1.18041 0.780014 0.231714 2.19214
50300 1.20998 0.790605 0.233474 2.23406
50400 1.23033 0.739707 0.251068 2.22111
50500 1.25397 0.748484 0.265009 2.26747
50600 1.25929 0.779343 0.245941 2.28457
50700 1.23607 0.817673 0.252974 2.30672
50800 1.22952 0.816419 0.251889 2.29782
50900 1.25281 0.798438 0.252624 2.30387
51000 1.25774 0.725597 0.268078 2.25142
51100 1.21397 0.710834 0.27316 2.19796
51200 1.15811 0.748285 0.23348 2.13987
51300 1.17661 0.767023 0.214916 2.15855
51400 1.22587 0.770157 0.185356 2.18138
51500 1.26375 0.776226 0.176492 2.21647
51600 1.27585 0.743268 0.211312 2.23043
51700 1.29772 0.743998 0.235508 2.27723
51800 1.28547 0.776465 0.22149 2.28343
51900 1.28226 0.80595 0.238408 2.32662
52000 1.33857 0.824591 0.242955 2.40611
52100 1.37587 0.817815 0.225928 2.41962
52200 1.41148 0.772806 0.228412 2.41269
52300 1.45346 0.765841 0.234213 2.45351
52400 1.46287 0.774908 0.222876 2.46065
52500 1.44698 0.823896 0.212537 2.48341
52600 1.44692 0.840629 0.207545 2.4951
52700 1.43908 0.858016 0.194244 2.49134
52800 1.43364 0.801967 0.221296 2.4569
52900 1.46556 0.76094 0.239402 2.4659
53000 1.44831 0.758995 0.222795 2.4301
53100 1.36523 0.788181 0.240732 2.39414
53200 1.31758 0.787059 0.247276 2.35192
53300 1.29631 0.790131 0.207111 2.29355
53400 1.29097 0.741758 0.206196 2.23893
53500 1.27837 0.722916 0.236715 2.238
53600 1.28672 0.743567 0.205427 2.23571
53700 1.27994 0.765866 0.190104 2.23591
53800 1.25129 0.77081 0.220883 2.24298
53900 1.25512 0.798305 0.234466 2.28789
54000 1.27033 0.78135 0.202244 2.25392
54100 1.2805 0.749191 0.202228 2.23191
54200 1.3158 0.758716 0.235608 2.31013
54300 1.3466 0.831545 0.255602 2.43375
54400 1.35347 0.866037 0.245475 2.46498
54500 1.36193 0.882843 0.240662 2.48544
54600 1.41881 0.903145 0.250291 2.57225
54700 1.46642 0.888349 0.249286 2.60406
54800 1.48643 0.88935 0.223991 2.59978
54900 1.47344 0.951997 0.212477 2.63791
55000 1.46967 0.995192 0.216482 2.68134
55100 1.46525 0.987266 0.221216 2.67373
55200 1.47616 0.991221 0.216574 2.68395
55300 1.47708 0.995803 0.227259 2.70014
55400 1.4591 0.968106 0.26924 2.69645
55500 1.43594 0.954287 0.302628 2.69286
55600 1.4264 0.968298 0.300798 2.6955
55700 1.39141 0.991381 0.273416 2.65621
55800 1.37836 0.998904 0.265802 2.64306
55900 1.34667 0.97257 0.244212 2.56345
56000 1.34556 0.929425 0.221246 2.49623
56100 1.34211 0.893897 0.235378 2.47139
56200 1.32205 0.876461 0.260067 2.45857
56300 1.29408 0.867695 0.248782 2.41056
56400 1.29149 0.854076 0.252876 2.39845
56500 1.3038 0.820671 0.279145 2.40362
56600 1.37564 0.820488 0.273678 2.4698
56700 1.43878 0.856053 0.262757 2.55759
56800 1.47132 0.886808 0.267502 2.62563
56900 1.51066 0.920857 0.263182 2.6947
57000 1.59376 0.976566 0.241228 2.81156
57100 1.63973 0.941873 0.228366 2.80997
57200 1.68968 0.911677 0.236923 2.83828
57300 1.70271 0.938439 0.263607 2.90475
57400 1.59704 0.959395 0.263976 2.82041
57500 1.4763 0.92012 0.241415 2.63784
57600 1.45895 0.896181 0.24917 2.6043
57700 1.41077 0.850522 0.270339 2.53163
57800 1.33588 0.824633 0.238628 2.39914
57900 1.31356 0.836673 0.216761 2.36699
58000 1.34724 0.816047 0.256653 2.41994
58100 1.3239 0.823104 0.281837 2.42884
58200 1.31926 0.883345 0.229878 2.43248
58300 1.34083 0.873912 0.224155 2.4389
58400 1.38407 0.840296 0.251619 2.47598
58500 1.41033 0.864445 0.236334 2.51111
58600 1.45621 0.894777 0.222281 2.57327
58700 1.45148 0.933869 0.236475 2.62183
58800 1.47275 0.944777 0.243178 2.66071
58900 1.45211 0.90716 0.229951 2.58922
59000 1.46245 0.885276 0.237972 2.5857
59100 1.42531 0.894459 0.262786 2.58255
59200 1.43644 0.886908 0.281094 2.60444
59300 1.46283 0.903801 0.275017 2.64165
59400 1.48293 0.902638 0.268982 2.65455
59500 1.48656 0.885566 0.280576 2.6527
59600 1.51151 0.854216 0.281664 2.64739
59700 1.45571 0.857542 0.247229 2.56048
59800 1.38756 0.820275 0.256172 2.46401
59900 1.39972 0.79975 0.285744 2.48521
60000 1.40299 0.784937 0.27092 2.45885
60100 1.34465 0.775 0.241771 2.36142
60200 1.35533 0.809737 0.249473 2.41454
60300 1.37341 0.84188 0.254169 2.46946
60400 1.33744 0.878941 0.250677 2.46706
60500 1.35277 0.919386 0.253255 2.52541
60600 1.44551 0.894293 0.267998 2.60781
60700 1.45092 0.869387 0.283313 2.60362
60800 1.45826 0.908928 0.270179 2.63737
60900 1.51834 0.939822 0.250605 2.70876
61000 1.55012 0.922009 0.274701 2.74683
61100 1.57561 0.980195 0.29315 2.84896
61200 1.67957 1.03571 0.262432 2.97771
61300 1.81362 1.03959 0.251357 3.10456
61400 1.93325 1.05905 0.266736 3.25904
61500 2.01 1.11641 0.255458 3.38187
61600 2.02851 1.13786 0.240117 3.40649
61700 1.98572 1.12909 0.265873 3.38067
61800 1.93421 1.10844 0.293365 3.33602
61900 1.87727 1.07632 0.287693 3.24128
62000 1.80464 1.01067 0.285751 3.10107
62100 1.72747 0.979056 0.293312 2.99984
62200 1.68218 0.978821 0.291291 2.95229
62300 1.631 0.938441 0.280919 2.85036
62400 1.56136 0.882966 0.287433 2.73176
62500 1.55753 0.846657 0.296606 2.70079
62600 1.53863 0.857399 0.277813 2.67384
62700 1.44359 0.888413 0.279681 2.61168
62800 1.39472 0.955765 0.272683 2.62316
62900 1.4376 0.929451 0.265713 2.63276
63000 1.4638 0.870389 0.259735 2.59392
63100 1.51367 0.831942 0.252125 2.59774
63200 1.54472 0.822256 0.25313 2.62011
63300 1.51272 0.807554 0.266614 2.58688
63400 1.46018 0.862159 0.286918 2.60926
63500 1.47517 0.906667 0.282311 2.66415
63600 1.50431 0.846798 0.279524 2.63063
63700 1.51009 0.791791 0.275562 2.57744
63800 1.54777 0.812925 0.266181 2.62688
63900 1.57015 0.828304 0.277559 2.67601
64000 1.52731 0.828794 0.301658 2.65777
64100 1.47601 0.845386 0.299822 2.62122
64200 1.48592 0.833065 0.286096 2.60508
64300 1.50031 0.747686 0.276848 2.52484
64400 1.51155 0.718885 0.282438 2.51287
64500 1.54046 0.750736 0.286283 2.57748
64600 1.53876 0.778571 0.283062 2.60039
64700 1.51848 0.822544 0.295743 2.63676
64800 1.53617 0.912574 0.298094 2.74684
64900 1.59341 0.892185 0.287746 2.77334
65000 1.65501 0.886957 0.289193 2.83116
65100 1.74168 0.907039 0.302919 2.95164
65200 1.71878 0.949097 0.30598 2.97385
65300 1.65664 0.965506 0.282254 2.9044
65400 1.61942 1.00586 0.278789 2.90407
65500 1.67634 0.970902 0.266922 2.91416
65600 1.66186 0.976417 0.244106 2.88238
65700 1.63431 0.973263 0.258493 2.86606
65800 1.64721 0.977135 0.293896 2.91824
65900 1.63443 0.989921 0.290338 2.91469
66000 1.59938 0.972639 0.267227 2.83924
66100 1.64677 0.924371 0.275097 2.84623
66200 1.66793 0.968795 0.260495 2.89722
66300 1.58346 0.993628 0.241394 2.81848
66400 1.50121 1.0201 0.282527 2.80384
66500 1.48384 1.06144 0.315724 2.86101
66600 1.48246 0.99957 0.29904 2.78107
66700 1.53876 0.904324 0.275996 2.71908
66800 1.60554 0.957047 0.278472 2.84106
66900 1.61349 0.99187 0.285064 2.89042
67000 1.58258 1.00173 0.303953 2.88826
67100 1.58086 1.03436 0.321386 2.9366
67200 1.59884 1.04443 0.320303 2.96357
67300 1.63664 0.977154 0.283929 2.89772
67400 1.6852 0.997484 0.247875 2.93056
67500 1.72858 0.985772 0.257949 2.9723
67600 1.69119 0.990836 0.263594 2.94562
67700 1.61494 0.997813 0.277688 2.89044
67800 1.5993 0.972609 0.313602 2.88551
67900 1.59727 0.915053 0.292001 2.80432
68000 1.54163 0.922808 0.240412 2.70485
68100 1.54258 0.871447 0.264029 2.67806
68200 1.54364 0.822596 0.290841 2.65707
68300 1.45406 0.842776 0.275093 2.57193
68400 1.44 0.844162 0.28128 2.56545
68500 1.53761 0.809495 0.291826 2.63893
68600 1.57294 0.848259 0.229074 2.65027
68700 1.57405 0.890183 0.195277 2.65951
68800 1.62117 0.918953 0.226817 2.76694
68900 1.6413 0.959334 0.249616 2.85025
69000 1.63766 0.966909 0.246099 2.85067
69100 1.6354 0.917498 0.236194 2.78909
69200 1.63852 0.885246 0.219669 2.74344
69300 1.5697 0.878884 0.217224 2.66581
69400 1.48473 0.896288 0.230044 2.61106
69500 1.42239 0.910615 0.232211 2.56521
69600 1.4102 0.856984 0.25461 2.52179
69700 1.40901 0.79738 0.282243 2.48863
69800 1.44973 0.774835 0.265452 2.49002
69900 1.46584 0.811313 0.231765 2.50892
70000 1.45011 0.84858 0.261099 2.55979
70100 1.44434 0.86485 0.299887 2.60908
70200 1.52681 0.87935 0.289599 2.69576
70300 1.55924 0.853421 0.26757 2.68023
70400 1.61712 0.804558 0.284137 2.70582
70500 1.73865 0.848596 0.299058 2.88631
70600 1.80489 0.920596 0.28842 3.01391
70700 1.76995 1.01576 0.306401 3.09211
70800 1.8225 1.08992 0.352536 3.26495
70900 1.94147 1.11808 0.361647 3.42119
71000 1.99519 1.12046 0.327848 3.44349
71100 2.03061 1.11746 0.323982 3.47206
71200 2.06644 1.11727 0.332209 3.51593
71300 1.97046 1.15444 0.306629 3.43153
71400 1.82882 1.11776 0.295534 3.24212
71500 1.72752 1.03998 0.326631 3.09412
71600 1.68935 0.980093 0.333912 3.00336
71700 1.61734 0.951657 0.294161 2.86316
71800 1.55785 0.905003 0.281265 2.74412
71900 1.54874 0.907124 0.275766 2.73163
72000 1.56971 0.925014 0.265311 2.76003
72100 1.55477 0.922093 0.262495 2.73935
72200 1.59971 0.884269 0.267287 2.75126
72300 1.63621 0.856556 0.273832 2.7666
72400 1.60128 0.86757 0.294869 2.76372
72500 1.53845 0.866127 0.309139 2.71372
72600 1.51564 0.867032 0.312717 2.69539
72700 1.49759 0.90792 0.327784 2.7333
72800 1.501 0.909273 0.322715 2.73299
72900 1.54625 0.861314 0.293504 2.70107
73000 1.61321 0.876958 0.290628 2.7808
73100 1.64607 0.912891 0.306557 2.86552
73200 1.64156 0.91553 0.274755 2.83185
73300 1.66915 0.96126 0.218292 2.8487
73400 1.6894 0.968302 0.209505 2.86721
73500 1.68612 0.904017 0.229795 2.81993
73600 1.68662 0.92575 0.234996 2.84737
73700 1.7232 0.935012 0.235239 2.89345
73800 1.73745 0.895973 0.246507 2.87993
73900 1.77035 0.900156 0.249814 2.92032
74000 1.78441 0.931866 0.249366 2.96564
74100 1.77088 0.906327 0.272473 2.94968
74200 1.73958 0.960994 0.280044 2.98062
74300 1.77804 0.9768 0.277897 3.03274
74400 1.76603 0.960704 0.25725 2.98399
74500 1.74284 0.945391 0.235051 2.92328
74600 1.70749 0.982589 0.245631 2.93571
74700 1.65995 0.998304 0.267662 2.92591
74800 1.54019 1.03157 0.285807 2.85756
74900 1.52937 1.03041 0.300357 2.86013
75000 1.56008 0.966093 0.2988 2.82497
75100 1.57164 0.91387 0.278671 2.76419
75200 1.53855 0.949143 0.254384 2.74208
75300 1.56077 0.985912 0.240267 2.78695
75400 1.55651 1.02793 0.267314 2.85175
75500 1.6182 1.01167 0.292711 2.92258
75600 1.70288 1.03319 0.254163 2.99024
75700 1.80919 1.02005 0.241841 3.07108
75800 1.82121 1.02986 0.270601 3.12167
75900 1.81596 1.04697 0.273897 3.13683
76000 1.78112 1.10393 0.251292 3.13635
76100 1.76821 1.08957 0.287255 3.14504
76200 1.71134 1.07724 0.302827 3.09141
76300 1.75309 1.01105 0.252762 3.0169
76400 1.74989 0.975302 0.224665 2.94986
76500 1.71174 0.921143 0.245997 2.87888
76600 1.64986 0.97329 0.244805 2.86796
76700 1.61124 1.02721 0.237252 2.87571
76800 1.54678 1.03883 0.256031 2.84164
76900 1.57446 0.948248 0.274113 2.79682
77000 1.58976 0.905535 0.274566 2.76986
77100 1.55098 0.878469 0.289786 2.71923
77200 1.49668 0.91678 0.289912 2.70337
77300 1.55528 0.959582 0.301234 2.8161
77400 1.60166 0.987382 0.292938 2.88198
77500 1.67351 0.943666 0.262713 2.87989
77600 1.76256 0.93203 0.245962 2.94055
77700 1.85015 0.946813 0.244807 3.04177
77800 1.83568 1.02077 0.234113 3.09057
77900 1.85741 1.08196 0.240141 3.17951
78000 1.88307 1.09275 0.264267 3.24009
78100 1.8622 0.988127 0.269963 3.12029
78200 1.80944 0.929981 0.259995 2.99942
78300 1.75229 0.880594 0.276375 2.90926
78400 1.61207 0.878237 0.309982 2.80029
78500 1.4577 0.893283 0.329139 2.68013
78600 1.39596 0.924541 0.309671 2.63017
78700 1.42493 0.85422 0.321967 2.60111
78800 1.42755 0.79093 0.318974 2.53745
78900 1.4753 0.794165 0.277569 2.54703
79000 1.53848 0.846409 0.268417 2.65331
79100 1.56302 0.878254 0.300152 2.74143
79200 1.54587 0.94009 0.295508 2.78147
79300 1.64366 0.95574 0.247181 2.84659
79400 1.76079 0.905723 0.251545 2.91806
79500 1.7923 0.890351 0.276725 2.95938
79600 1.78667 0.950613 0.262198 2.99949
79700 1.73353 1.01662 0.254553 3.00471
79800 1.71504 1.03352 0.274917 3.02348
79900 1.74281 1.01334 0.26816 3.02431
80000 1.79473 0.974479 0.235737 3.00495
80100 1.75864 0.949636 0.251503 2.95978
80200 1.70115 0.923595 0.287438 2.91219
80300 1.58872 0.932169 0.293173 2.81406
80400 1.48957 0.952535 0.295605 2.73771
80500 1.41427 0.906448 0.2932 2.61392
80600 1.38472 0.825021 0.285174 2.49492
80700 1.3413 0.813147 0.288944 2.44339
80800 1.32061 0.786253 0.309256 2.41612
80900 1.2896 0.747642 0.316171 2.35342
81000 1.3293 0.758587 0.338893 2.42678
81100 1.3257 0.781848 0.349397 2.45694
81200 1.33228 0.756261 0.317311 2.40585
81300 1.36466 0.761389 0.295976 2.42202
81400 1.42992 0.782404 0.301311 2.51364
81500 1.37895 0.802389 0.28975 2.47109
81600 1.35929 0.793708 0.275957 2.42896
81700 1.34265 0.784528 0.292839 2.42002
81800 1.32175 0.761577 0.270403 2.35373
81900 1.27365 0.719782 0.234129 2.22756
82000 1.26697 0.676362 0.243526 2.18685
82100 1.18761 0.666885 0.254389 2.10888
82200 1.14091 0.660932 0.249911 2.05175
82300 1.10753 0.643623 0.263863 2.01502
82400 1.10217 0.635599 0.256499 1.99426
82500 1.0935 0.653008 0.24066 1.98717
82600 1.12687 0.686465 0.237697 2.05103
82700 1.13372 0.700129 0.24139 2.07524
82800 1.1976 0.687224 0.244175 2.129
82900 1.25192 0.716878 0.259214 2.22801
83000 1.3135 0.735724 0.271696 2.32092
83100 1.36012 0.750819 0.266315 2.37725
83200 1.44289 0.788943 0.249572 2.48141
83300 1.48784 0.835727 0.249949 2.57352
83400 1.48841 0.847585 0.251494 2.58749
83500 1.46489 0.86708 0.254869 2.58684
83600 1.45639 0.861096 0.261366 2.57885
83700 1.39183 0.838917 0.272671 2.50342
83800 1.35187 0.811011 0.25449 2.41737
83900 1.31421 0.809889 0.232663 2.35676
84000 1.26563 0.780516 0.221198 2.26734
84100 1.22684 0.766544 0.228379 2.22176
84200 1.22307 0.760107 0.235828 2.219
84300 1.18835 0.751193 0.230957 2.1705
84400 1.15767 0.76202 0.221354 2.14104
84500 1.18048 0.793749 0.225469 2.1997
84600 1.22422 0.790799 0.219164 2.23418
84700 1.24254 0.787444 0.233952 2.26394
84800 1.28283 0.822859 0.258736 2.36443
84900 1.31345 0.843763 0.268031 2.42525
85000 1.33504 0.858702 0.242349 2.43609
85100 1.39842 0.882266 0.228982 2.50966
85200 1.45196 0.892673 0.209594 2.55423
85300 1.45848 0.881992 0.208506 2.54898
85400 1.42287 0.904983 0.214736 2.54258
85500 1.40151 0.905539 0.228228 2.53528
85600 1.33631 0.87352 0.217272 2.4271
85700 1.2751 0.864341 0.219536 2.35898
85800 1.21625 0.821799 0.224327 2.26238
85900 1.1699 0.732151 0.224267 2.12632
86000 1.09527 0.706542 0.239035 2.04085
86100 1.04979 0.671218 0.285344 2.00635
86200 1.03499 0.629377 0.284692 1.94905
86300 1.03196 0.639029 0.274166 1.94516
86400 1.01501 0.679586 0.2569 1.9515
86500 1.06212 0.695767 0.224266 1.98215
86600 1.09709 0.76552 0.203241 2.06585
86700 1.15385 0.815102 0.229221 2.19817
86800 1.20977 0.822799 0.255384 2.28795
86900 1.2973 0.83502 0.260372 2.3927
87000 1.34068 0.827828 0.280223 2.44874
87100 1.39854 0.797021 0.301686 2.49724
87200 1.42704 0.824939 0.295629 2.54761
87300 1.40914 0.838338 0.281977 2.52945
87400 1.33749 0.845204 0.277385 2.46008
87500 1.33754 0.829402 0.267318 2.43426
87600 1.3077 0.840028 0.236121 2.38385
87700 1.27452 0.80648 0.227365 2.30837
87800 1.26916 0.788609 0.25506 2.31283
87900 1.27986 0.784273 0.260305 2.32444
88000 1.20075 0.826978 0.240678 2.26841
88100 1.19906 0.830734 0.258498 2.28829
88200 1.21981 0.81104 0.255078 2.28592
88300 1.23438 0.802207 0.20734 2.24393
88400 1.21825 0.822024 0.204259 2.24454
88500 1.25086 0.819008 0.244991 2.31485
88600 1.24639 0.886619 0.254484 2.38749
88700 1.22883 0.927914 0.254363 2.4111
88800 1.2391 0.935038 0.26629 2.44042
88900 1.29708 0.906663 0.244151 2.4479
89000 1.32117 0.88933 0.233355 2.44386
89100 1.32478 0.873467 0.241995 2.44024
89200 1.33232 0.907211 0.263006 2.50254
89300 1.33223 0.924931 0.263414 2.52057
89400 1.29318 0.947202 0.257764 2.49815
89500 1.29274 0.913176 0.230521 2.43644
89600 1.32258 0.883521 0.22474 2.43084
89700 1.32888 0.874427 0.231386 2.43469
89800 1.2921 0.890919 0.244732 2.42775
89900 1.28497 0.897765 0.256037 2.43877
90000 1.27497 0.934841 0.276444 2.48625
90100 1.23036 0.877073 0.26683 2.37426
90200 1.2387 0.784877 0.24373 2.26731
90300 1.27325 0.767923 0.241204 2.28238
90400 1.24132 0.809699 0.258495 2.30951
90500 1.19677 0.85071 0.240238 2.28772
90600 1.22877 0.928642 0.234728 2.39214
90700 1.26714 0.937543 0.245623 2.4503
90800 1.29927 0.892921 0.251384 2.44357
90900 1.35059 0.888372 0.219146 2.45811
91000 1.38722 0.904561 0.231893 2.52367
91100 1.3217 0.906005 0.255082 2.48278
91200 1.26326 0.96189 0.271538 2.49668
91300 1.28508 0.956752 0.254672 2.4965
91400 1.3235 0.890495 0.264792 2.47878
91500 1.34157 0.874954 0.263868 2.48039
91600 1.37978 0.927012 0.26856 2.57536
91700 1.35368 1.0083 0.256409 2.61838
91800 1.32248 1.07161 0.251515 2.64561
91900 1.36515 1.10084 0.239627 2.70562
92000 1.41987 1.06197 0.239604 2.72144
92100 1.40396 1.00406 0.235168 2.64319
92200 1.40203 0.96631 0.232279 2.60062
92300 1.38728 1.00832 0.236578 2.63218
92400 1.35553 1.02727 0.261384 2.64419
92500 1.33296 1.00299 0.268867 2.60481
92600 1.38555 0.989762 0.275262 2.65057
92700 1.4002 0.968236 0.304159 2.6726
92800 1.39582 0.931148 0.312632 2.6396
92900 1.40202 0.955485 0.286639 2.64414
93000 1.38805 0.975515 0.287722 2.65128
93100 1.31482 0.980525 0.267424 2.56277
93200 1.33544 0.963722 0.230238 2.5294
93300 1.39283 0.931099 0.207143 2.53107
93400 1.38229 0.907935 0.218614 2.50884
93500 1.35419 0.943686 0.215639 2.51351
93600 1.41407 0.974799 0.223271 2.61214
93700 1.42584 1.00887 0.2376 2.67231
93800 1.43715 1.01347 0.235819 2.68644
93900 1.51451 0.982386 0.225513 2.72241
94000 1.53211 0.965754 0.228857 2.72672
94100 1.46033 1.01708 0.221253 2.69867
94200 1.46133 1.02204 0.233683 2.71705
94300 1.5219 0.999286 0.279736 2.80092
94400 1.50306 0.967949 0.290962 2.76197
94500 1.46052 0.93875 0.278434 2.6777
94600 1.4888 0.909841 0.270175 2.66881
94700 1.48828 0.885675 0.268231 2.64219
94800 1.41384 0.888604 0.260654 2.5631
94900 1.35163 0.942196 0.257387 2.55121
95000 1.31031 0.954103 0.258415 2.52283
95100 1.26864 0.902388 0.276956 2.44799
95200 1.26756 0.899573 0.261816 2.42895
95300 1.2937 0.939582 0.23474 2.46802
95400 1.30221 0.914725 0.233536 2.45048
95500 1.36055 0.922105 0.238841 2.5215
95600 1.43329 0.970461 0.20623 2.60998
95700 1.48628 0.968801 0.213005 2.66809
95800 1.56118 0.943485 0.240092 2.74476
95900 1.66238 0.963673 0.234378 2.86043
96000 1.67376 0.983594 0.227426 2.88478
96100 1.6624 0.97549 0.255705 2.89359
96200 1.67085 0.949421 0.250597 2.87087
96300 1.6437 0.931165 0.24047 2.81534
96400 1.56218 0.906807 0.250838 2.71982
96500 1.49929 0.876293 0.259852 2.63544
96600 1.44438 0.853998 0.258559 2.55694
96700 1.35756 0.836435 0.268045 2.46204
96800 1.27235 0.802744 0.288601 2.36369
96900 1.24243 0.758092 0.29076 2.29128
97000 1.2048 0.739109 0.276639 2.22054
97100 1.15936 0.723526 0.271194 2.15408
97200 1.17066 0.693362 0.254521 2.11855
97300 1.21584 0.658707 0.231525 2.10607
97400 1.20484 0.644915 0.229753 2.0795
97500 1.21102 0.653004 0.254844 2.11887
97600 1.26363 0.667992 0.253015 2.18464
97700 1.32079 0.677628 0.250863 2.24928
97800 1.35303 0.696713 0.258659 2.3084
97900 1.43278 0.731674 0.254938 2.4194
98000 1.50938 0.759212 0.266812 2.53541
98100 1.5132 0.791981 0.289165 2.59434
98200 1.50465 0.802668 0.301371 2.60869
98300 1.51534 0.801644 0.304299 2.62128
98400 1.4715 0.774152 0.302288 2.54794
98500 1.39928 0.755618 0.29113 2.44603
98600 1.3404 0.759165 0.269227 2.36879
98700 1.28 0.749533 0.278644 2.30818
98800 1.21892 0.709193 0.304975 2.23309
98900 1.18885 0.696556 0.301442 2.18685
99000 1.21717 0.695583 0.271245 2.184
99100 1.2411 0.669005 0.260601 2.1707
99200 1.29008 0.680226 0.243985 2.21429
99300 1.33984 0.767932 0.211131 2.3189
99400 1.38392 0.800819 0.221715 2.40645
99500 1.41062 0.814153 0.253516 2.47829
99600 1.50877 0.881906 0.245393 2.63607
99700 1.56704 0.91897 0.235874 2.72188
99800 1.5725 0.901776 0.249182 2.72346
99900 1.58774 0.939353 0.243797 2.77089
100000 1.62502 0.990378 0.239884 2.85528
100100 1.56179 0.987452 0.270805 2.82005
100200 1.53181 0.969015 0.289297 2.79012
100300 1.59667 0.969243 0.286325 2.85224
100400 1.61374 0.975735 0.279657 2.86914
100500 1.55311 0.962579 0.268362 2.78405
100600 1.58091 0.959024 0.257544 2.79747
100700 1.57465 0.979722 0.271176 2.82554
100800 1.49321 0.953645 0.283324 2.73018
100900 1.42949 0.95623 0.26534 2.65106
101000 1.46669 0.935466 0.262108 2.66426
101100 1.42892 0.867454 0.277083 2.57345
101200 1.38238 0.792872 0.283861 2.45911
101300 1.39399 0.778307 0.256474 2.42877
101400 1.4024 0.755946 0.240848 2.3992
101500 1.32899 0.740231 0.241829 2.31105
101600 1.33753 0.75366 0.212067 2.30326
101700 1.3515 0.793979 0.202084 2.34757
101800 1.36354 0.757193 0.2454 2.36613
101900 1.36511 0.766186 0.271692 2.40299
102000 1.39742 0.799294 0.256331 2.45304
102100 1.38007 0.810661 0.253706 2.44444
102200 1.3967 0.76595 0.262051 2.4247
102300 1.42289 0.774824 0.239004 2.43672
102400 1.44575 0.770672 0.232941 2.44936
102500 1.41676 0.80179 0.250511 2.46906
102600 1.39911 0.840685 0.241606 2.4814
102700 1.419 0.925885 0.227685 2.57257
102800 1.46764 0.953335 0.241768 2.66275
102900 1.50778 1.00487 0.244321 2.75698
103000 1.60476 1.04531 0.235882 2.88596
103100 1.65717 1.0369 0.233725 2.92779
103200 1.59906 0.997582 0.231544 2.82818
103300 1.49631 1.01056 0.22694 2.73381
103400 1.45493 1.00093 0.235825 2.69168
103500 1.40928 0.989941 0.243916 2.64314
103600 1.39357 0.930766 0.249006 2.57334
103700 1.41278 0.85665 0.261177 2.53061
103800 1.44017 0.811255 0.256062 2.50748
103900 1.41995 0.842631 0.252028 2.51461
104000 1.37475 0.891553 0.24172 2.50802
104100 1.40894 0.958062 0.215583 2.58258
104200 1.54869 0.968581 0.211346 2.72861
104300 1.63255 0.959801 0.213231 2.80558
104400 1.65684 0.960505 0.188868 2.80621
104500 1.658 1.00329 0.193942 2.85523
104600 1.63133 1.00117 0.23717 2.86967
104700 1.61946 1.01009 0.25453 2.88408
104800 1.64927 0.96757 0.246318 2.86316
104900 1.62771 0.917703 0.238586 2.784
105000 1.56797 0.855135 0.240869 2.66397
105100 1.48192 0.870398 0.230817 2.58314
105200 1.36509 0.861695 0.243557 2.47034
105300 1.28269 0.856039 0.270959 2.40969
105400 1.2541 0.826775 0.282197 2.36307
105500 1.23822 0.80009 0.267877 2.30618
105600 1.2215 0.781097 0.254711 2.2573
105700 1.20969 0.83418 0.251693 2.29556
105800 1.22237 0.872416 0.264316 2.3591
105900 1.27354 0.884541 0.269806 2.42789
106000 1.34926 0.895425 0.248727 2.49342
106100 1.45845 0.912024 0.21645 2.58692
106200 1.51719 0.893225 0.209644 2.62006
106300 1.49011 0.882463 0.211026 2.5836
106400 1.44229 0.904176 0.219538 2.566
106500 1.41585 0.88983 0.229688 2.53537
106600 1.35139 0.846318 0.235486 2.43319
106700 1.3684 0.816767 0.238173 2.42334
106800 1.43136 0.780929 0.243576 2.45586
106900 1.41611 0.793171 0.237654 2.44693
107000 1.36777 0.855449 0.233473 2.45669
107100 1.36896 0.848872 0.233828 2.45167
107200 1.36746 0.844791 0.202729 2.41498
107300 1.3812 0.858596 0.17932 2.41911
107400 1.39422 0.832396 0.171987 2.3986
107500 1.37049 0.838216 0.179859 2.38857
107600 1.32233 0.907179 0.188176 2.41768
107700 1.30031 0.920279 0.197981 2.41857
107800 1.35928 0.871104 0.201131 2.43151
107900 1.49305 0.869947 0.208801 2.5718
108000 1.5103 0.933523 0.216834 2.66065
108100 1.44543 0.985809 0.22654 2.65778
108200 1.45613 0.991096 0.245401 2.69263
108300 1.52217 0.957048 0.259356 2.73858
108400 1.55529 0.9285 0.25031 2.7341
108500 1.59582 0.929142 0.234983 2.75995
108600 1.63955 0.930411 0.237495 2.80746
108700 1.62049 0.931654 0.243347 2.79549
108800 1.55413 0.944625 0.230484 2.72924
108900 1.48492 0.921116 0.228991 2.63503
109000 1.46504 0.886796 0.244081 2.59591
109100 1.40693 0.860704 0.246858 2.51449
109200 1.35585 0.855564 0.228262 2.43967
109300 1.35351 0.84126 0.229402 2.42417
109400 1.35854 0.82453 0.23791 2.42098
109500 1.28294 0.800853 0.236575 2.32037
109600 1.2176 0.792323 0.234558 2.24448
109700 1.19462 0.768116 0.240432 2.20317
109800 1.14156 0.716005 0.244283 2.10185
109900 1.12306 0.683736 0.245068 2.05186
110000 1.16112 0.676433 0.238734 2.07628
110100 1.13046 0.670899 0.253512 2.05487
110200 1.08835 0.665564 0.252731 2.00664
110300 1.10002 0.679708 0.22501 2.00474
110400 1.1209 0.655098 0.212798 1.9888
110500 1.09438 0.608118 0.226736 1.92924
110600 1.13733 0.593168 0.227853 1.95835
110700 1.16148 0.608863 0.231899 2.00225
110800 1.11676 0.601706 0.253155 1.97162
110900 1.07098 0.637326 0.268844 1.97715
111000 1.12049 0.653426 0.248393 2.02231
111100 1.1135 0.6473 0.213259 1.97406
111200 1.10587 0.618413 0.192585 1.91687
111300 1.12841 0.605999 0.195138 1.92955
111400 1.12088 0.601546 0.19403 1.91646
111500 1.03471 0.643598 0.191661 1.86997
111600 1.06071 0.646773 0.199367 1.90685
111700 1.10904 0.621089 0.194764 1.92489
111800 1.11221 0.602086 0.190487 1.90478
111900 1.0922 0.631739 0.214788 1.93873
112000 1.14684 0.64644 0.225327 2.01861
112100 1.13061 0.683392 0.223622 2.03762
112200 1.11858 0.722618 0.231964 2.07316
112300 1.14953 0.740547 0.235494 2.12557
112400 1.22063 0.713715 0.219213 2.15356
112500 1.21775 0.719356 0.232885 2.16999
112600 1.2383 0.711712 0.245458 2.19547
112700 1.24496 0.729046 0.24882 2.22283
112800 1.26101 0.737266 0.24544 2.24372
112900 1.29293 0.746793 0.243979 2.2837
113000 1.36932 0.738026 0.248013 2.35536
113100 1.35865 0.779082 0.249016 2.38675
113200 1.32837 0.829763 0.243761 2.4019
113300 1.29205 0.85301 0.258904 2.40397
113400 1.27935 0.86015 0.254052 2.39355
113500 1.25302 0.878794 0.225486 2.3573
113600 1.29012 0.86036 0.199057 2.34953
113700 1.30693 0.834899 0.201676 2.34351
113800 1.26165 0.846948 0.19862 2.30722
113900 1.22435 0.880448 0.213875 2.31867
114000 1.23736 0.874009 0.242701 2.35407
114100 1.24159 0.878014 0.246774 2.36637
114200 1.27517 0.883771 0.220362 2.37931
114300 1.33922 0.894189 0.236654 2.47006
114400 1.38531 0.916215 0.288023 2.58954
114500 1.35438 0.965962 0.314482 2.63483
114600 1.38574 0.979942 0.290317 2.656
114700 1.45097 0.949657 0.281902 2.68253
114800 1.47353 0.953025 0.267212 2.69377
114900 1.47771 0.963371 0.232792 2.67388
115000 1.50263 0.943783 0.229155 2.67556
115100 1.4812 0.936615 0.249327 2.66714
115200 1.40041 0.933341 0.243139 2.57689
115300 1.37355 0.905756 0.2292 2.50851
115400 1.34299 0.867313 0.219756 2.43006
115500 1.29618 0.844346 0.209203 2.34973
115600 1.26532 0.845383 0.219348 2.33006
115700 1.22583 0.830721 0.251283 2.30784
115800 1.17825 0.804468 0.25077 2.23349
115900 1.1739 0.78645 0.217385 2.17774
116000 1.17165 0.776999 0.219531 2.16818
116100 1.1585 0.759267 0.215801 2.13357
116200 1.14484 0.765866 0.203157 2.11387
116300 1.18262 0.780788 0.203083 2.16649
116400 1.19591 0.77953 0.209182 2.18462
116500 1.2418 0.796695 0.199239 2.23774
116600 1.28962 0.831733 0.190405 2.31176
116700 1.33471 0.841917 0.198424 2.37505
116800 1.32879 0.893477 0.212668 2.43494
116900 1.35276 0.944661 0.221275 2.5187
117000 1.42233 0.91567 0.22625 2.56425
117100 1.48901 0.900605 0.217792 2.60741
117200 1.4935 0.901796 0.192517 2.58781
117300 1.46424 0.872145 0.191714 2.5281
117400 1.3904 0.854664 0.195989 2.44105
117500 1.36567 0.828045 0.199621 2.39334
117600 1.35019 0.770713 0.203781 2.32468
117700 1.30364 0.754885 0.209536 2.26806
117800 1.23726 0.772646 0.196477 2.20638
117900 1.20916 0.780697 0.187792 2.17765
118000 1.16696 0.778562 0.202621 2.14814
118100 1.14872 0.783454 0.220459 2.15264
118200 1.14102 0.777265 0.221002 2.13928
118300 1.15162 0.787839 0.211338 2.1508
118400 1.13757 0.826573 0.200411 2.16455
118500 1.16156 0.857077 0.196916 2.21556
118600 1.20592 0.865765 0.200857 2.27254
118700 1.23996 0.851211 0.204794 2.29596
118800 1.275 0.848658 0.218163 2.34183
118900 1.34719 0.8709 0.234495 2.45258
119000 1.3616 0.889959 0.223272 2.47483
119100 1.35384 0.926028 0.216433 2.4963
119200 1.37591 0.969255 0.230222 2.57539
119300 1.409 0.962785 0.243016 2.6148
119400 1.39383 0.942798 0.254543 2.59117
119500 1.41669 0.917484 0.252304 2.58648
119600 1.44586 0.905505 0.243487 2.59486
119700 1.40119 0.921356 0.215875 2.53842
119800 1.3639 0.930126 0.192853 2.48688
119900 1.39407 0.91727 0.186207 2.49754
120000 1.40108 0.95854 0.189336 2.54896
120100 1.393 0.96556 0.198373 2.55694
120200 1.41339 0.930462 0.197671 2.54152
120300 1.43569 0.942037 0.188981 2.56671
120400 1.40545 0.917339 0.194112 2.5169
120500 1.39242 0.864562 0.20134 2.45832
120600 1.38809 0.901801 0.196952 2.48684
120700 1.34656 0.898165 0.208115 2.45284
120800 1.30077 0.851523 0.226666 2.37896
120900 1.31123 0.848245 0.21219 2.37166
121000 1.30314 0.828123 0.205095 2.33636
121100 1.28458 0.770413 0.215858 2.27085
121200 1.29662 0.789432 0.219418 2.30547
121300 1.30817 0.793381 0.214437 2.31599
121400 1.25686 0.773014 0.215622 2.24549
121500 1.25047 0.778274 0.221782 2.25052
121600 1.26731 0.781095 0.211427 2.25983
121700 1.24429 0.753403 0.199204 2.1969
121800 1.24204 0.7517 0.208134 2.20187
121900 1.30497 0.740658 0.214502 2.26013
122000 1.32244 0.776877 0.213403 2.31272
122100 1.30326 0.807902 0.211019 2.32218
122200 1.31295 0.827331 0.209798 2.35008
122300 1.32283 0.818072 0.189668 2.33057
122400 1.31867 0.802245 0.175851 2.29677
122500 1.34441 0.796508 0.199966 2.34088
122600 1.35588 0.849542 0.218824 2.42425
122700 1.33939 0.863094 0.222812 2.4253
122800 1.30741 0.865742 0.231749 2.40491
122900 1.29577 0.850061 0.217993 2.36382
123000 1.27655 0.829591 0.190909 2.29705
123100 1.2684 0.78037 0.203467 2.25224
123200 1.23355 0.825361 0.216491 2.2754
123300 1.18004 0.849244 0.204225 2.23351
123400 1.13937 0.824705 0.216218 2.1803
123500 1.15748 0.782162 0.240933 2.18057
123600 1.17125 0.788915 0.220806 2.18097
123700 1.20855 0.753584 0.194803 2.15694
123800 1.25876 0.793134 0.219709 2.2716
123900 1.33174 0.848429 0.232695 2.41286
124000 1.33346 0.907145 0.2033 2.4439
124100 1.34543 0.90583 0.19493 2.44619
124200 1.38283 0.8898 0.212454 2.48509
124300 1.39342 0.846572 0.183681 2.42368
124400 1.33662 0.847168 0.167816 2.3516
124500 1.32589 0.818805 0.206569 2.35127
124600 1.27761 0.830409 0.238262 2.34628
124700 1.2383 0.800306 0.227064 2.26567
124800 1.26018 0.736331 0.221445 2.21795
124900 1.30595 0.68227 0.208299 2.19652
125000 1.25999 0.696436 0.199871 2.1563
125100 1.22431 0.7154 0.204997 2.14471
125200 1.21815 0.764357 0.228856 2.21137
125300 1.24269 0.780449 0.233033 2.25617
125400 1.28463 0.785304 0.221191 2.29112
125500 1.34892 0.779678 0.193473 2.32207
125600 1.34139 0.797906 0.165002 2.3043
125700 1.28824 0.823082 0.1678 2.27912
125800 1.22219 0.890438 0.1937 2.30633
125900 1.23974 0.889336 0.208291 2.33737
126000 1.27515 0.866739 0.223205 2.3651
126100 1.34576 0.831352 0.225284 2.40239
126200 1.38644 0.818865 0.196084 2.40139
126300 1.37595 0.83405 0.19226 2.40225
126400 1.32577 0.876447 0.202879 2.40509
126500 1.33529 0.921377 0.19387 2.45053
126600 1.34342 0.917467 0.187458 2.44835
126700 1.38414 0.84746 0.17467 2.40627
126800 1.41898 0.834662 0.163279 2.41692
126900 1.42474 0.874658 0.178715 2.47811
127000 1.36658 0.887318 0.181501 2.4354
127100 1.34435 0.934329 0.184494 2.46317
127200 1.35422 0.942711 0.201096 2.49803
127300 1.3656 0.874898 0.189935 2.43043
127400 1.36288 0.825725 0.173355 2.36196
127500 1.35776 0.843803 0.197072 2.39864
127600 1.28648 0.851072 0.208665 2.34621
127700 1.22732 0.853047 0.209787 2.29016
127800 1.22661 0.843252 0.239036 2.3089
127900 1.26065 0.800143 0.247845 2.30864
128000 1.27069 0.756104 0.215158 2.24195
128100 1.31598 0.748513 0.19768 2.26217
128200 1.33815 0.762255 0.221296 2.3217
128300 1.2982 0.820801 0.226614 2.34562
128400 1.25574 0.862748 0.227712 2.3462
128500 1.2935 0.843201 0.216357 2.35305
128600 1.33008 0.798549 0.196599 2.32523
128700 1.32403 0.794194 0.167778 2.286
128800 1.33814 0.796919 0.159124 2.29419
128900 1.33771 0.84561 0.175858 2.35918
129000 1.29138 0.89757 0.195356 2.38431
129100 1.27147 0.903042 0.18884 2.36335
129200 1.33962 0.849682 0.186475 2.37578
129300 1.36906 0.826728 0.186522 2.38231
129400 1.33179 0.826369 0.177222 2.33538
129500 1.29517 0.863786 0.173483 2.33244
129600 1.27387 0.869872 0.18246 2.3262
129700 1.24928 0.874099 0.176806 2.30018
129800 1.27459 0.856666 0.178901 2.31016
129900 1.31131 0.836442 0.168908 2.31666
130000 1.30028 0.81653 0.162321 2.27913
130100 1.2389 0.860558 0.16735 2.2668
130200 1.22608 0.88129 0.187007 2.29438
130300 1.1898 0.890504 0.199528 2.27983
130400 1.15768 0.864384 0.204523 2.22658
130500 1.14288 0.831931 0.203269 2.17808
130600 1.13318 0.843419 0.19018 2.16677
130700 1.07493 0.84934 0.179931 2.1042
130800 1.0769 0.844989 0.189402 2.11129
130900 1.0972 0.882281 0.173712 2.15319
131000 1.08797 0.889462 0.159699 2.13713
131100 1.14108 0.890482 0.156782 2.18834
131200 1.21509 0.893704 0.150661 2.25945
131300 1.19606 0.896764 0.137739 2.23056
131400 1.18032 0.901541 0.148253 2.23011
131500 1.22791 0.896768 0.16943 2.29411
131600 1.25024 0.85818 0.173324 2.28174
131700 1.20694 0.841382 0.172948 2.22127
131800 1.19883 0.832455 0.168812 2.2001
131900 1.1636 0.78373 0.166673 2.11401
132000 1.1218 0.721154 0.164012 2.00697
132100 1.09252 0.717469 0.181462 1.99145
132200 1.04556 0.729561 0.188857 1.96398
132300 0.987418 0.730307 0.176516 1.89424
132400 0.976924 0.732584 0.167385 1.87689
132500 0.989867 0.724626 0.156691 1.87118
132600 1.01579 0.696625 0.147141 1.85955
132700 1.05449 0.703709 0.154005 1.9122
132800 1.08108 0.734319 0.167641 1.98304
132900 1.09328 0.825876 0.170034 2.08919
133000 1.18492 0.913457 0.180988 2.27937
133100 1.32322 0.926722 0.171313 2.42125
133200 1.42263 0.909488 0.166334 2.49845
133300 1.46242 0.959632 0.188906 2.61095
133400 1.47814 0.995131 0.199072 2.67235
133500 1.42899 1.02603 0.190975 2.646
133600 1.39814 1.05212 0.181668 2.63193
133700 1.38182 1.00009 0.171227 2.55314
133800 1.36415 0.850176 0.151705 2.36604
133900 1.28237 0.771324 0.162277 2.21597
134000 1.18461 0.767245 0.171857 2.12371
134100 1.06165 0.842708 0.164212 2.06857
134200 0.996003 0.838726 0.172127 2.00686
134300 1.04456 0.798642 0.189027 2.03223
134400 1.10516 0.754436 0.18336 2.04296
134500 1.11446 0.76668 0.189269 2.0704
134600 1.11824 0.780469 0.203469 2.10218
134700 1.13224 0.869738 0.214087 2.21606
134800 1.16074 0.931796 0.206801 2.29934
134900 1.26553 0.963882 0.200832 2.43024
135000 1.4786 0.936052 0.18455 2.5992
135100 1.65099 0.95091 0.181403 2.78331
135200 1.7318 1.00147 0.195556 2.92883
135300 1.74039 1.11607 0.212337 3.06879
135400 1.75271 1.1538 0.20909 3.1156
135500 1.7138 1.16725 0.203346 3.0844
135600 1.68173 1.0861 0.206595 2.97443
135700 1.65727 1.01034 0.209114 2.87673
135800 1.55866 0.941467 0.204249 2.70437
135900 1.39812 0.942625 0.219058 2.55981
136000 1.26324 0.911801 0.22217 2.39721
136100 1.20093 0.866649 0.204252 2.27183
136200 1.16003 0.819619 0.179436 2.15908
136300 1.15584 0.798774 0.165962 2.12057
136400 1.17001 0.777415 0.16462 2.11205
136500 1.16757 0.801703 0.18291 2.15218
136600 1.15206 0.822015 0.206864 2.18094
136700 1.16346 0.860329 0.199206 2.223
136800 1.16676 0.880547 0.198707 2.24601
136900 1.18269 0.826443 0.217211 2.22634
137000 1.18416 0.817077 0.218078 2.21932
137100 1.18217 0.871947 0.204762 2.25888
137200 1.17074 0.878555 0.20434 2.25363
137300 1.1881 0.872399 0.203123 2.26363
137400 1.22281 0.876318 0.177639 2.27676
137500 1.25867 0.820928 0.163815 2.24341
137600 1.28988 0.767355 0.177393 2.23463
137700 1.29444 0.781759 0.183139 2.25934
137800 1.20921 0.831263 0.161761 2.20223
137900 1.12759 0.841241 0.16203 2.13086
138000 1.0939 0.846768 0.1797 2.12036
138100 1.09038 0.805127 0.161202 2.05671
138200 1.05571 0.756519 0.149346 1.96158
138300 1.04545 0.750253 0.18324 1.97894
138400 1.04684 0.799227 0.201764 2.04783
138500 1.0508 0.795609 0.191042 2.03745
138600 1.04557 0.810787 0.194275 2.05063
138700 1.0745 0.800178 0.196919 2.0716
138800 1.10906 0.7899 0.172453 2.07141
138900 1.14779 0.780913 0.173177 2.10188
139000 1.18154 0.855176 0.196319 2.23303
139100 1.22748 0.911408 0.195968 2.33485
139200 1.26727 0.952022 0.175321 2.39461
139300 1.40016 0.933297 0.178207 2.51167
139400 1.50584 0.981237 0.18225 2.66933
139500 1.52021 0.998556 0.17733 2.69609
139600 1.52231 1.03299 0.183077 2.73839
139700 1.55183 1.03108 0.198359 2.78127
139800 1.51566 1.03476 0.195125 2.74555
139900 1.46224 0.968974 0.179938 2.61115
140000 1.44821 0.97565 0.175488 2.59935
140100 1.37128 0.92175 0.17802 2.47105
140200 1.27549 0.914319 0.183026 2.37283
140300 1.28576 0.919353 0.179521 2.38463
140400 1.2892 0.957672 0.179915 2.42679
140500 1.26068 0.934307 0.174731 2.36972
140600 1.29853 0.940735 0.187188 2.42645
140700 1.39151 0.916692 0.1964 2.5046
140800 1.37889 0.94691 0.196198 2.522
140900 1.36714 0.926794 0.215087 2.50902
141000 1.4018 0.984892 0.215689 2.60238
141100 1.41339 0.997329 0.190445 2.60117
141200 1.3907 1.02581 0.197001 2.61351
141300 1.44344 1.01587 0.206286 2.66559
141400 1.48187 1.04436 0.175815 2.70204
141500 1.46926 0.997995 0.158109 2.62537
141600 1.49959 1.02557 0.184767 2.70992
141700 1.52125 1.04259 0.179767 2.7436
141800 1.4532 1.05164 0.154972 2.65981
141900 1.44506 1.01241 0.17207 2.62954
142000 1.47638 1.02741 0.195648 2.69944
142100 1.44186 0.999176 0.177397 2.61844
142200 1.42763 1.00863 0.186844 2.6231
142300 1.45487 1.04411 0.214852 2.71383
142400 1.41342 1.07916 0.201357 2.69394
142500 1.38538 1.0302 0.187969 2.60355
142600 1.43583 0.997674 0.212473 2.64598
142700 1.42871 0.995791 0.211032 2.63554
142800 1.3653 1.02159 0.188145 2.57504
142900 1.35852 0.982323 0.185745 2.52659
143000 1.35486 0.993013 0.189686 2.53756
143100 1.30953 0.997958 0.163431 2.47092
143200 1.32844 0.959929 0.15742 2.44579
143300 1.37992 0.944665 0.158065 2.48265
143400 1.36485 0.975266 0.158652 2.49877
143500 1.33204 0.969415 0.16043 2.46188
143600 1.33895 0.981252 0.172404 2.4926
143700 1.33162 0.965086 0.183256 2.47996
143800 1.30459 0.921594 0.178788 2.40497
143900 1.34002 0.901182 0.173596 2.4148
144000 1.34763 0.902894 0.163194 2.41372
144100 1.29767 0.929429 0.161415 2.38851
144200 1.29666 0.964269 0.178103 2.43904
144300 1.34013 0.97507 0.165086 2.48029
144400 1.33834 0.913943 0.15507 2.40735
144500 1.32837 0.88625 0.164366 2.37899
144600 1.3358 0.873723 0.170666 2.38019
144700 1.26412 0.897848 0.163006 2.32498
144800 1.20082 0.914553 0.180336 2.29571
144900 1.22082 0.922708 0.19894 2.34247
145000 1.27329 0.885378 0.178012 2.33668
145100 1.27358 0.899051 0.173748 2.34638
145200 1.29713 0.907706 0.199313 2.40415
145300 1.33277 0.981859 0.218719 2.53335
145400 1.32873 1.01438 0.224933 2.56804
145500 1.33399 1.01401 0.259867 2.60787
145600 1.3811 0.964011 0.270757 2.61587
145700 1.35731 0.985803 0.253735 2.59685
145800 1.32529 0.968123 0.237425 2.53084
145900 1.34898 0.977786 0.234451 2.56121
146000 1.36873 0.989048 0.218943 2.57672
146100 1.33054 0.998987 0.210539 2.54007
146200 1.36004 0.956705 0.203648 2.5204
146300 1.40147 0.987803 0.199686 2.58896
146400 1.38578 0.976873 0.187224 2.54987
146500 1.33653 1.02102 0.179995 2.53754
146600 1.36845 1.02986 0.182907 2.58122
146700 1.40435 1.00162 0.198359 2.60433
146800 1.42315 0.936656 0.192126 2.55193
146900 1.43128 0.947369 0.183441 2.56209
147000 1.43754 0.92012 0.18209 2.53975
147100 1.36022 0.934994 0.192652 2.48787
147200 1.34059 0.910276 0.19492 2.44579
147300 1.36564 0.926943 0.18722 2.4798
147400 1.35853 0.890487 0.182944 2.43196
147500 1.32564 0.874555 0.179318 2.37952
147600 1.34466 0.846372 0.165664 2.3567
147700 1.28241 0.889437 0.163722 2.33557
147800 1.20804 0.901642 0.16423 2.27391
147900 1.22406 0.908207 0.161317 2.29358
148000 1.28383 0.873197 0.16469 2.32172
148100 1.28875 0.868816 0.170864 2.32843
148200 1.33148 0.862821 0.15222 2.34653
148300 1.37594 0.891127 0.151331 2.4184
148400 1.38202 0.910237 0.159985 2.45224
148500 1.37872 0.990305 0.165256 2.53428
148600 1.42169 1.0223 0.172504 2.61649
148700 1.41934 0.996995 0.175317 2.59165
148800 1.37486 0.964551 0.163524 2.50294
148900 1.31527 0.943327 0.149241 2.40783
149000 1.25417 0.86702 0.148708 2.2699
149100 1.1737 0.842817 0.1538 2.17032
149200 1.1117 0.831123 0.159563 2.10238
149300 1.06513 0.784172 0.152906 2.00221
149400 1.05472 0.742559 0.149503 1.94679
149500 1.06621 0.744652 0.151945 1.96281
149600 1.08543 0.751457 0.145185 1.98207
149700 1.0699 0.777601 0.138928 1.98643
149800 1.10076 0.789427 0.165056 2.05524
149900 1.14862 0.791017 0.176093 2.11573
150000 1.18356 0.815278 0.158692 2.15753
150100 1.22538 0.84488 0.158053 2.22831
150200 1.30713 0.850122 0.161575 2.31882
150300 1.3398 0.904006 0.137474 2.38128
150400 1.36159 0.983242 0.153001 2.49783
150500 1.43239 0.984806 0.174389 2.59158
150600 1.47554 0.951963 0.165967 2.59347
150700 1.42358 0.925159 0.14966 2.4984
150800 1.35327 0.917341 0.148742 2.41936
150900 1.30604 0.884303 0.141332 2.33167
151000 1.23012 0.844554 0.150992 2.22567
151100 1.12661 0.839233 0.173205 2.13905
151200 1.08546 0.803369 0.179312 2.06814
151300 1.09919 0.730054 0.170503 1.99975
151400 1.0794 0.727212 0.164366 1.97098
151500 1.08255 0.741556 0.153161 1.97727
151600 1.11924 0.751322 0.149156 2.01972
151700 1.10428 0.791217 0.175713 2.07121
151800 1.07198 0.792852 0.192662 2.05749
151900 1.11976 0.745698 0.17967 2.04513
152000 1.15698 0.721412 0.173836 2.05223
152100 1.15028 0.713399 0.171058 2.03474
152200 1.15088 0.73318 0.167987 2.05204
152300 1.16088 0.755894 0.18302 2.0998
152400 1.13322 0.757001 0.214307 2.10453
152500 1.14377 0.723814 0.206207 2.07379
152600 1.17956 0.711901 0.178487 2.06995
152700 1.18657 0.692757 0.176185 2.05551
152800 1.1572 0.689127 0.158783 2.00511
152900 1.1513 0.697681 0.141937 1.99092
153000 1.09428 0.712516 0.160439 1.96724
153100 1.04962 0.66344 0.170515 1.88358
153200 1.04465 0.633039 0.157454 1.83514
153300 1.07549 0.612372 0.162279 1.85014
153400 1.03768 0.626535 0.179219 1.84343
153500 1.03533 0.654293 0.171946 1.86156
153600 1.05836 0.700017 0.180998 1.93938
153700 1.05538 0.712378 0.20714 1.9749
153800 1.05618 0.732223 0.199008 1.98741
153900 1.13936 0.707347 0.18652 2.03323
154000 1.14451 0.735993 0.187051 2.06755
154100 1.08554 0.759289 0.187326 2.03216
154200 1.05887 0.782916 0.182851 2.02463
154300 1.0852 0.785917 0.194235 2.06535
154400 1.08443 0.755829 0.18759 2.02785
154500 1.14499 0.685174 0.170421 2.00058
154600 1.175 0.696903 0.155492 2.02739
154700 1.15768 0.714114 0.14562 2.01741
154800 1.11146 0.762445 0.160746 2.03465
154900 1.1635 0.778616 0.186214 2.12833
155000 1.17868 0.779109 0.188281 2.14607
155100 1.16004 0.707917 0.174024 2.04198
155200 1.17004 0.677078 0.173316 2.02044
155300 1.17061 0.678598 0.183315 2.03253
155400 1.05775 0.71241 0.172084 1.94225
155500 1.03168 0.693821 0.18524 1.91074
155600 1.07041 0.69446 0.211812 1.97669
155700 1.05734 0.638494 0.197409 1.89324
155800 1.03754 0.595763 0.15836 1.79166
155900 1.07772 0.615989 0.164673 1.85838
156000 1.04094 0.697936 0.178824 1.9177
156100 0.98185 0.710465 0.171245 1.86356
156200 1.0006 0.732302 0.170859 1.90376
156300 1.05091 0.717394 0.185184 1.95349
156400 1.06569 0.691829 0.176113 1.93363
156500 1.09973 0.68442 0.157598 1.94175
156600 1.14277 0.760052 0.173371 2.07619
156700 1.1625 0.784754 0.196545 2.1438
156800 1.19366 0.806551 0.188265 2.18848
156900 1.28783 0.798847 0.182519 2.26919
157000 1.36432 0.768589 0.188939 2.32185
157100 1.34695 0.742453 0.194091 2.2835
157200 1.3136 0.782936 0.175123 2.27166
157300 1.25069 0.779968 0.176775 2.20744
157400 1.1593 0.750415 0.193516 2.10324
157500 1.09863 0.68875 0.204597 1.99197
157600 1.07888 0.636243 0.181617 1.89674
157700 1.01475 0.589173 0.173291 1.77722
157800 0.978097 0.583591 0.172015 1.7337
157900 0.961584 0.606047 0.166736 1.73437
158000 0.954707 0.650232 0.168739 1.77368
158100 0.954533 0.669122 0.183079 1.80673
158200 1.01667 0.693346 0.180935 1.89095
158300 1.06855 0.720594 0.168641 1.95778
158400 1.10546 0.714261 0.166467 1.98619
158500 1.12673 0.724022 0.181389 2.03214
158600 1.17225 0.768072 0.194457 2.13478
158700 1.17285 0.762472 0.199485 2.1348
158800 1.19916 0.729563 0.201168 2.12989
158900 1.22824 0.727387 0.180782 2.13641
159000 1.2326 0.722373 0.164786 2.11976
159100 1.20052 0.704329 0.167295 2.07214
159200 1.20436 0.716689 0.162322 2.08337
159300 1.16145 0.720679 0.163315 2.04545
159400 1.11121 0.711884 0.187732 2.01083
159500 1.06584 0.72075 0.171018 1.9576
159600 1.06375 0.680742 0.148637 1.89313
159700 1.0186 0.655794 0.169107 1.8435
159800 1.01572 0.655293 0.19344 1.86445
159900 1.02226 0.649669 0.176747 1.84867
160000 1.02225 0.643866 0.183737 1.84985
160100 1.00603 0.67267 0.210658 1.88936
160200 1.06143 0.689874 0.199395 1.9507
160300 1.08152 0.702893 0.184639 1.96905
160400 1.12192 0.703801 0.203023 2.02875
160500 1.17692 0.729731 0.212293 2.11894
160600 1.2232 0.730322 0.179233 2.13275
160700 1.1803 0.756879 0.168371 2.10555
160800 1.15856 0.760797 0.18225 2.10161
160900 1.14 0.770097 0.169738 2.07983
161000 1.12959 0.741861 0.165307 2.03676
161100 1.12727 0.749631 0.184627 2.06153
161200 1.17061 0.765377 0.189098 2.12509
161300 1.1277 0.786568 0.168923 2.08319
161400 1.09298 0.790332 0.176401 2.05971
161500 1.11559 0.83586 0.187505 2.13895
161600 1.1424 0.811175 0.179703 2.13328
161700 1.11945 0.765208 0.177254 2.06191
161800 1.13647 0.747926 0.177263 2.06166
161900 1.14043 0.757284 0.174872 2.07259
162000 1.0894 0.737772 0.174558 2.00173
162100 1.08129 0.753314 0.173444 2.00804
162200 1.1558 0.732508 0.175347 2.06365
162300 1.19479 0.723485 0.18052 2.09879
162400 1.18334 0.723896 0.185112 2.09235
162500 1.17231 0.749256 0.171717 2.09328
162600 1.12739 0.754016 0.171891 2.0533
162700 1.05301 0.778976 0.174828 2.00681
162800 1.05142 0.751633 0.171293 1.97435
162900 1.09581 0.743778 0.171508 2.0111
163000 1.07939 0.736848 0.199357 2.0156
163100 1.08303 0.7878 0.231634 2.10247
163200 1.11404 0.816476 0.22921 2.15973
163300 1.12366 0.852311 0.20726 2.18323
163400 1.14824 0.853543 0.200959 2.20274
163500 1.24248 0.856239 0.197786 2.2965
163600 1.28702 0.813652 0.189708 2.29038
163700 1.26214 0.820303 0.175714 2.25816
163800 1.21744 0.825428 0.177213 2.22008
163900 1.20162 0.829578 0.17888 2.21008
164000 1.17541 0.79397 0.167042 2.13642
164100 1.20284 0.747774 0.155339 2.10596
164200 1.21889 0.707995 0.168231 2.09511
164300 1.20553 0.705082 0.181895 2.0925
164400 1.13379 0.708907 0.16806 2.01076
164500 1.08944 0.73323 0.17678 1.99945
164600 1.05055 0.731462 0.208294 1.99031
164700 1.04986 0.699835 0.195976 1.94567
164800 1.05631 0.678062 0.172611 1.90698
164900 1.06128 0.68405 0.181793 1.92712
165000 1.02039 0.717698 0.186753 1.92484
165100 1.03173 0.768733 0.152162 1.95262
165200 1.05821 0.776935 0.154509 1.98965
165300 1.08983 0.752769 0.176812 2.01941
165400 1.1392 0.727432 0.17154 2.03817
165500 1.20423 0.71821 0.164458 2.0869
165600 1.17817 0.741746 0.17684 2.09676
165700 1.16722 0.771893 0.194204 2.13332
165800 1.16177 0.770325 0.191644 2.12374
165900 1.1579 0.725877 0.182353 2.06613
166000 1.1414 0.686709 0.18156 2.00967
166100 1.16821 0.637047 0.172867 1.97812
166200 1.15034 0.652205 0.171265 1.97381
166300 1.10851 0.686722 0.174987 1.97022
166400 1.06312 0.724225 0.172888 1.96023
166500 1.07933 0.708876 0.172458 1.96066
166600 1.08052 0.68715 0.16847 1.93614
166700 1.10592 0.669137 0.158581 1.93363
166800 1.10822 0.69018 0.163096 1.96149
166900 1.08781 0.705796 0.188486 1.98209
167000 1.06382 0.745815 0.20037 2.01
167100 1.09352 0.74267 0.203968 2.04016
167200 1.13262 0.71634 0.198207 2.04717
167300 1.15169 0.68588 0.181235 2.01881
167400 1.19065 0.703871 0.169012 2.06353
167500 1.18409 0.735447 0.174151 2.09369
167600 1.11529 0.759243 0.172721 2.04725
167700 1.0789 0.743357 0.180567 2.00282
167800 1.0695 0.693645 0.17575 1.9389
167900 1.02054 0.655849 0.166461 1.84285
168000 0.986974 0.646656 0.165877 1.79951
168100 0.978198 0.627554 0.177285 1.78304
168200 0.93925 0.670759 0.186974 1.79698
168300 0.929606 0.674417 0.197082 1.8011
168400 1.00336 0.662437 0.200704 1.86651
168500 1.06031 0.656994 0.180719 1.89803
168600 1.09035 0.679848 0.159635 1.92983
168700 1.11786 0.696655 0.151139 1.96565
168800 1.13396 0.756605 0.157534 2.0481
168900 1.13441 0.787099 0.164768 2.08628
169000 1.16801 0.777373 0.167688 2.11307
169100 1.21922 0.735785 0.177465 2.13247
169200 1.23729 0.704726 0.179866 2.12188
169300 1.1838 0.707882 0.17986 2.07154
169400 1.17761 0.747122 0.189078 2.11381
169500 1.17461 0.765537 0.212777 2.15292
169600 1.16038 0.72682 0.218737 2.10593
169700 1.14289 0.696209 0.198681 2.03778
169800 1.14713 0.661355 0.188617 1.9971
169900 1.06025 0.663724 0.19308 1.91706
170000 0.981303 0.696107 0.19152 1.86893
170100 0.966024 0.705944 0.193551 1.86552
170200 0.99411 0.656845 0.205498 1.85645
170300 1.00095 0.637635 0.212836 1.85142
170400 1.02665 0.611985 0.20715 1.84578
170500 1.04819 0.614302 0.208216 1.87071
170600 1.05689 0.659284 0.215851 1.93202
170700 1.05581 0.712348 0.20573 1.97389
170800 1.08409 0.721177 0.197004 2.00227
170900 1.10165 0.734981 0.199012 2.03565
171000 1.12354 0.713205 0.188259 2.02501
171100 1.11951 0.721664 0.180633 2.02181
171200 1.10309 0.717811 0.206165 2.02707
171300 1.05308 0.752501 0.219252 2.02483
171400 1.04482 0.769708 0.209626 2.02416
171500 1.07536 0.74483 0.210222 2.03041
171600 1.1071 0.679287 0.210127 1.99651
171700 1.09577 0.685295 0.188158 1.96923
171800 1.08744 0.673572 0.186815 1.94783
171900 1.02938 0.694126 0.189187 1.9127
172000 1.00295 0.695316 0.19151 1.88978
172100 1.04118 0.694344 0.201891 1.93741
172200 1.06684 0.653937 0.2189 1.93968
172300 1.05143 0.679148 0.188858 1.91944
172400 1.08481 0.66072 0.171826 1.91736
172500 1.12335 0.672901 0.194229 1.99048
172600 1.13511 0.702 0.214566 2.05168
172700 1.18036 0.740765 0.200297 2.12142
172800 1.22951 0.709614 0.217216 2.15634
172900 1.22668 0.715544 0.236758 2.17899
173000 1.19724 0.705995 0.211964 2.1152
173100 1.17558 0.736786 0.188782 2.10115
173200 1.15465 0.72754 0.210401 2.09259
173300 1.11319 0.747971 0.214449 2.07561
173400 1.10588 0.719055 0.183921 2.00886
173500 1.12845 0.700118 0.193669 2.02224
173600 1.10325 0.665081 0.218225 1.98656
173700 1.05728 0.703699 0.195036 1.95602
173800 1.01404 0.713317 0.190545 1.9179
173900 0.988362 0.705614 0.218168 1.91214
174000 1.00049 0.678032 0.209155 1.88768
174100 1.04124 0.682102 0.185008 1.90835
174200 1.03649 0.661654 0.197002 1.89514
174300 1.03245 0.695561 0.203459 1.93147
174400 1.06754 0.676398 0.198733 1.94268
174500 1.09569 0.659918 0.191622 1.94723
174600 1.09193 0.635083 0.199866 1.92688
174700 1.11793 0.636123 0.194588 1.94864
174800 1.1078 0.618761 0.199607 1.92617
174900 1.05436 0.677129 0.189396 1.92088
175000 1.03317 0.674941 0.201977 1.91009
175100 1.06324 0.666553 0.213071 1.94287
175200 1.06098 0.676274 0.212102 1.94936
175300 1.05819 0.715914 0.207195 1.9813
175400 1.09613 0.706096 0.202807 2.00503
175500 1.08422 0.731343 0.19975 2.01531
175600 1.02997 0.685368 0.192532 1.90787
175700 1.02276 0.649542 0.184285 1.85659
175800 1.00157 0.630795 0.184311 1.81667
175900 0.931541 0.621918 0.209443 1.7629
176000 0.895058 0.599409 0.225283 1.71975
176100 0.907769 0.615494 0.214518 1.73778
176200 0.890243 0.599557 0.211197 1.701
176300 0.903267 0.572032 0.221057 1.69636
176400 0.917734 0.551285 0.219306 1.68832
176500 0.884175 0.560078 0.207439 1.65169
176600 0.86485 0.552835 0.202029 1.61971
176700 0.90119 0.561975 0.205569 1.66873
176800 0.951782 0.564465 0.212539 1.72879
176900 0.967083 0.576304 0.205246 1.74863
177000 0.982614 0.574414 0.207251 1.76428
177100 0.986245 0.60746 0.229452 1.82316
177200 0.964775 0.623938 0.243391 1.8321
177300 0.959281 0.614779 0.244138 1.8182
177400 0.974785 0.591151 0.234477 1.80041
177500 0.938443 0.591617 0.229071 1.75913
177600 0.887804 0.582104 0.227052 1.69696
177700 0.868738 0.582072 0.235354 1.68616
177800 0.862934 0.607514 0.232789 1.70324
177900 0.868235 0.620397 0.221665 1.7103
178000 0.943111 0.623915 0.207967 1.77499
178100 1.03221 0.641711 0.195274 1.8692
178200 1.0982 0.679229 0.198515 1.97595
178300 1.13725 0.706672 0.226296 2.07022
178400 1.15187 0.752534 0.227388 2.13179
178500 1.11259 0.773219 0.226042 2.11185
178600 1.08602 0.737265 0.238484 2.06177
178700 1.09817 0.703655 0.238394 2.04021
178800 1.12144 0.686122 0.226024 2.03358
178900 1.0894 0.648875 0.254545 1.99282
179000 1.05441 0.648914 0.267945 1.97127
179100 1.02021 0.663164 0.257155 1.94053
179200 0.972383 0.652605 0.246367 1.87136
179300 0.908259 0.633997 0.246742 1.789
179400 0.88904 0.631861 0.24334 1.76424
179500 0.873683 0.626581 0.238596 1.73886
179600 0.853157 0.614186 0.236837 1.70418
179700 0.850561 0.624682 0.247399 1.72264
179800 0.872884 0.641529 0.251154 1.76557
179900 0.859018 0.632278 0.248455 1.73975
180000 0.879111 0.607297 0.243298 1.72971
180100 0.923796 0.612048 0.260012 1.79586
180200 0.942675 0.631685 0.260509 1.83487
180300 0.943524 0.635808 0.260246 1.83958
180400 0.967133 0.649461 0.27013 1.88672
180500 0.985518 0.671526 0.259464 1.91651
180600 1.02946 0.670265 0.236729 1.93646
180700 1.08414 0.652358 0.242227 1.97873
180800 1.12419 0.660985 0.255218 2.04039
180900 1.13753 0.68167 0.262035 2.08123
181000 1.145 0.693859 0.249769 2.08863
181100 1.14478 0.683582 0.241305 2.06967
181200 1.15096 0.661218 0.234203 2.04638
181300 1.13812 0.629997 0.24957 2.01769
181400 1.08807 0.627689 0.256649 1.97241
181500 1.01827 0.62796 0.265918 1.91215
181600 0.979684 0.612032 0.28503 1.87675
181700 0.955803 0.589998 0.286812 1.83261
181800 0.921247 0.565483 0.268457 1.75519
181900 0.897461 0.553608 0.268435 1.7195
182000 0.883502 0.546102 0.286156 1.71576
182100 0.865165 0.524247 0.28077 1.67018
182200 0.846153 0.529035 0.280805 1.65599
182300 0.856297 0.569839 0.288585 1.71472
182400 0.870346 0.595736 0.280033 1.74611
182500 0.932687 0.600839 0.256934 1.79046
182600 1.01087 0.641293 0.247175 1.89934
182700 1.06911 0.678845 0.249354 1.99731
182800 1.09409 0.680688 0.249468 2.02424
182900 1.12937 0.685512 0.261495 2.07638
183000 1.14175 0.694523 0.272251 2.10852
183100 1.1672 0.643353 0.255903 2.06645
183200 1.20369 0.605458 0.238325 2.04747
183300 1.19935 0.61096 0.239276 2.04959
183400 1.12568 0.622846 0.234181 1.98271
183500 1.06555 0.613867 0.23339 1.91281
183600 1.02394 0.615138 0.251305 1.89039
183700 1.00362 0.61356 0.270181 1.88737
183800 0.963172 0.593051 0.265691 1.82191
183900 0.930758 0.579485 0.262941 1.77318
184000 0.875921 0.599825 0.265366 1.74111
184100 0.82914 0.592667 0.272014 1.69382
184200 0.795586 0.565327 0.286292 1.6472
184300 0.831063 0.561863 0.290281 1.68321
184400 0.887908 0.543519 0.282305 1.71373
184500 0.96088 0.526859 0.25759 1.74533
184600 0.993521 0.564141 0.251586 1.80925
184700 1.05273 0.622756 0.252202 1.92769
184800 1.11382 0.645893 0.252785 2.0125
184900 1.1984 0.643522 0.261094 2.10302
185000 1.24891 0.643358 0.275094 2.16736
185100 1.28895 0.633234 0.273702 2.19589
185200 1.24478 0.624423 0.265563 2.13477
185300 1.17084 0.629805 0.265069 2.06571
185400 1.08587 0.650865 0.269141 2.00588
185500 1.03059 0.592753 0.265742 1.88908
185600 0.982922 0.526914 0.256108 1.76594
185700 0.950504 0.490539 0.24509 1.68613
185800 0.883376 0.441862 0.237925 1.56316
185900 0.82362 0.408403 0.249397 1.48142
186000 0.773319 0.431272 0.273024 1.47761
186100 0.743168 0.428603 0.283513 1.45528
186200 0.724419 0.393448 0.30381 1.42168
186300 0.763701 0.398269 0.323117 1.48509
186400 0.803337 0.423983 0.312271 1.53959
186500 0.827167 0.440427 0.303274 1.57087
186600 0.881598 0.477564 0.313928 1.67309
186700 0.98336 0.523757 0.305476 1.81259
186800 1.0567 0.519203 0.288648 1.86455
186900 1.11959 0.523639 0.285164 1.9284
187000 1.16753 0.571671 0.27173 2.01093
187100 1.14705 0.580995 0.250603 1.97864
187200 1.10196 0.583662 0.243922 1.92955
187300 1.09863 0.60329 0.244921 1.94684
187400 1.08399 0.59123 0.257726 1.93295
187500 1.02257 0.549144 0.277698 1.84941
187600 0.973362 0.540003 0.28583 1.79919
187700 0.948592 0.54064 0.290173 1.77941
187800 0.913264 0.527161 0.287131 1.72756
187900 0.877824 0.527586 0.272995 1.67841
188000 0.884265 0.539312 0.276135 1.69971
188100 0.883005 0.520054 0.293894 1.69695
188200 0.910497 0.493431 0.279445 1.68337
188300 0.960141 0.517898 0.257786 1.73582
188400 0.997422 0.544737 0.247002 1.78916
188500 1.01871 0.555668 0.22647 1.80084
188600 1.07811 0.578538 0.21636 1.87301
188700 1.13226 0.583699 0.25097 1.96693
188800 1.155 0.565987 0.280539 2.00153
188900 1.16398 0.580079 0.281984 2.02604
189000 1.18878 0.624011 0.296177 2.10897
189100 1.1868 0.648508 0.303624 2.13893
189200 1.18768 0.678193 0.289172 2.15505
189300 1.20096 0.710065 0.28613 2.19716
189400 1.23578 0.696039 0.284412 2.21623
189500 1.24569 0.661241 0.272985 2.17992
189600 1.28372 0.654873 0.248527 2.18712
189700 1.2884 0.663596 0.245031 2.19703
189800 1.23218 0.664795 0.244057 2.14103
189900 1.16402 0.66798 0.239471 2.07147
190000 1.14964 0.649564 0.256691 2.0559
190100 1.11656 0.60386 0.294188 2.01461
190200 1.09225 0.580911 0.29596 1.96912
190300 1.10266 0.593237 0.267674 1.96357
190400 1.13157 0.58071 0.276768 1.98905
190500 1.10276 0.564608 0.294093 1.96146
190600 1.0852 0.600811 0.274701 1.96071
190700 1.0925 0.593198 0.274795 1.96049
190800 1.09049 0.56598 0.300752 1.95723
190900 1.09273 0.58602 0.301945 1.98069
191000 1.12582 0.626467 0.281261 2.03355
191100 1.15158 0.63209 0.263406 2.04707
191200 1.18442 0.651884 0.247731 2.08403
191300 1.27459 0.6566 0.225744 2.15693
191400 1.34381 0.66339 0.241238 2.24844
191500 1.31367 0.664642 0.263041 2.24136
191600 1.27987 0.701247 0.264424 2.24554
191700 1.25831 0.70096 0.271168 2.23043
191800 1.21813 0.694758 0.309069 2.22196
191900 1.21801 0.651192 0.313558 2.18276
192000 1.24106 0.633266 0.297075 2.1714
192100 1.21949 0.62184 0.289151 2.13048
192200 1.21608 0.61451 0.27656 2.10715
192300 1.23705 0.592039 0.255252 2.08434
192400 1.18426 0.610671 0.246812 2.04174
192500 1.11648 0.599547 0.246528 1.96256
192600 1.10405 0.578697 0.253872 1.93662
192700 1.09621 0.567946 0.259586 1.92374
192800 1.04635 0.585294 0.26285 1.8945
192900 1.01967 0.60171 0.252817 1.87419
193000 1.00583 0.637575 0.25054 1.89395
193100 1.01361 0.639683 0.239244 1.89253
193200 1.01431 0.621896 0.240298 1.8765
193300 1.04658 0.610265 0.263485 1.92033
193400 1.0558 0.614004 0.276412 1.94622
193500 1.0502 0.599793 0.262057 1.91205
193600 1.04804 0.614558 0.256345 1.91895
193700 1.07086 0.583879 0.245267 1.90001
193800 1.06049 0.582076 0.233467 1.87603
193900 1.04244 0.574172 0.240895 1.8575
194000 1.03379 0.54712 0.261884 1.8428
194100 1.02794 0.510363 0.268528 1.80684
194200 1.01684 0.496925 0.263868 1.77764
194300 0.971927 0.482962 0.258358 1.71325
194400 0.895733 0.485313 0.251427 1.63247
194500 0.851615 0.485324 0.256679 1.59362
194600 0.821971 0.463252 0.271024 1.55625
194700 0.794177 0.449677 0.278335 1.52219
194800 0.804247 0.440884 0.275077 1.52021
194900 0.816746 0.432514 0.261737 1.511
195000 0.784935 0.455285 0.25269 1.49291
195100 0.77031 0.48466 0.257552 1.51252
195200 0.798283 0.481305 0.266134 1.54572
195300 0.858481 0.462255 0.266825 1.58756
195400 0.925221 0.474093 0.261162 1.66047
195500 0.97656 0.520838 0.257614 1.75501
195600 1.02844 0.553524 0.269176 1.85114
195700 1.07 0.596709 0.279731 1.94644
195800 1.06527 0.627904 0.268705 1.96188
195900 1.062 0.591477 0.259817 1.91329
196000 1.09394 0.56239 0.264802 1.92113
196100 1.05745 0.568144 0.246808 1.8724
196200 1.00953 0.572489 0.222664 1.80468
196300 1.00866 0.57512 0.235744 1.81953
196400 1.00922 0.56202 0.239461 1.8107
196500 0.980828 0.5473 0.237512 1.76564
196600 1.00865 0.552909 0.248991 1.81055
196700 1.01601 0.566959 0.264735 1.84771
196800 1.00182 0.587952 0.246955 1.83672
196900 1.0086 0.591894 0.250586 1.85108
197000 1.02901 0.567949 0.265525 1.86249
197100 0.995086 0.543023 0.275111 1.81322
197200 0.98506 0.530113 0.291702 1.80688
197300 0.994044 0.52815 0.299825 1.82202
197400 0.992102 0.526763 0.264476 1.78334
197500 0.967518 0.522204 0.24778 1.7375
197600 0.983693 0.520828 0.249345 1.75387
197700 0.985409 0.515604 0.242702 1.74371
197800 0.938708 0.515405 0.261236 1.71535
197900 0.919933 0.512505 0.277823 1.71026
198000 0.954702 0.501717 0.262611 1.71903
198100 0.926788 0.505931 0.262258 1.69498
198200 0.898122 0.505055 0.261171 1.66435
198300 0.908765 0.491014 0.255756 1.65554
198400 0.897715 0.513891 0.271452 1.68306
198500 0.865854 0.523791 0.287336 1.67698
198600 0.909404 0.535706 0.262359 1.70747
198700 0.942937 0.533296 0.23784 1.71407
198800 0.931425 0.523472 0.232633 1.68753
198900 0.922789 0.52483 0.230864 1.67848
199000 0.918141 0.532778 0.240291 1.69121
199100 0.87372 0.482394 0.261496 1.61761
199200 0.851368 0.459671 0.257309 1.56835
199300 0.856115 0.434961 0.245674 1.53675
199400 0.842486 0.431607 0.246422 1.52051
199500 0.819424 0.431283 0.25278 1.50349
199600 0.823132 0.449307 0.26395 1.53639
199700 0.852287 0.453533 0.273663 1.57948
199800 0.86897 0.472915 0.275325 1.61721
199900 0.896382 0.467155 0.270059 1.6336
200000 0.934116 0.490272 0.272596 1.69698
200100 0.942334 0.542566 0.277088 1.76199
200200 0.959879 0.590693 0.281311 1.83188
200300 1.05394 0.584641 0.275733 1.91432
200400 1.1408 0.592879 0.278711 2.01239
200500 1.14738 0.59148 0.279782 2.01865
200600 1.13852 0.602896 0.278357 2.01977
200700 1.11667 0.601784 0.283379 2.00183
200800 1.03691 0.625271 0.289281 1.95146
200900 0.983755 0.603613 0.274197 1.86157
201000 0.987148 0.567037 0.272195 1.82638
201100 0.97151 0.523584 0.273864 1.76896
201200 0.917949 0.490612 0.26698 1.67554
201300 0.894589 0.4593 0.253608 1.6075
201400 0.875248 0.460037 0.250432 1.58572
201500 0.827465 0.461911 0.239504 1.52888
201600 0.796123 0.461118 0.235416 1.49266
201700 0.812947 0.438051 0.254108 1.50511
201800 0.796138 0.453375 0.279732 1.52924
201900 0.789794 0.498235 0.28841 1.57644
202000 0.831492 0.539606 0.300338 1.67144
202100 0.909949 0.556813 0.296428 1.76319
202200 1.00575 0.570287 0.277573 1.85361
202300 1.13652 0.549492 0.264454 1.95046
202400 1.18234 0.558266 0.283666 2.02427
202500 1.17672 0.623443 0.302315 2.10248
202600 1.17632 0.676824 0.323466 2.17661
202700 1.21854 0.688621 0.320601 2.22776
202800 1.23006 0.707473 0.289714 2.22724
202900 1.24337 0.701345 0.265436 2.21015
203000 1.23706 0.675391 0.272361 2.18481
203100 1.20562 0.689418 0.275405 2.17045
203200 1.17348 0.695052 0.275533 2.14406
203300 1.18604 0.6655 0.281233 2.13278
203400 1.17523 0.630914 0.27198 2.07813
203500 1.1289 0.61976 0.254161 2.00282
203600 1.08197 0.604096 0.282179 1.96824
203700 0.989339 0.632073 0.308446 1.92986
203800 0.921673 0.633702 0.303696 1.85907
203900 0.942217 0.637042 0.295759 1.87502
204000 0.997093 0.592649 0.28252 1.87226
204100 1.00816 0.572799 0.246262 1.82722
204200 1.06614 0.584203 0.252466 1.90281
204300 1.11236 0.61409 0.286845 2.0133
204400 1.10132 0.624128 0.292189 2.01764
204500 1.12107 0.669934 0.283026 2.07403
204600 1.19489 0.668869 0.290609 2.15437
204700 1.19837 0.659593 0.273487 2.13145
204800 1.1776 0.641167 0.259179 2.07794
204900 1.17378 0.649173 0.264568 2.08752
205000 1.15866 0.609969 0.254478 2.0231
205100 1.08536 0.600241 0.237969 1.92357
205200 1.05712 0.603333 0.253136 1.91359
205300 1.03829 0.60991 0.272173 1.92037
205400 1.03407 0.59405 0.28128 1.9094
205500 1.02255 0.6141 0.296805 1.93346
205600 1.03865 0.61239 0.311333 1.96237
205700 1.01784 0.632853 0.326314 1.97701
205800 1.02436 0.642333 0.312158 1.97885
205900 1.00684 0.658981 0.290941 1.95676
206000 1.00766 0.612482 0.283256 1.90339
206100 1.00481 0.571157 0.269911 1.84587
206200 1.00621 0.554175 0.254408 1.81479
206300 0.948937 0.575447 0.255764 1.78015
206400 0.955462 0.564577 0.270522 1.79056
206500 0.963083 0.585563 0.288846 1.83749
206600 0.995315 0.571412 0.292128 1.85885
206700 1.00919 0.536185 0.280851 1.82622
206800 1.02931 0.531071 0.278443 1.83883
206900 1.00078 0.570003 0.2869 1.85768
207000 0.979589 0.564304 0.286925 1.83082
207100 0.999708 0.567578 0.295728 1.86301
207200 1.01127 0.565815 0.306212 1.8833
207300 1.00351 0.552893 0.290126 1.84653
207400 1.01697 0.547199 0.269399 1.83356
207500 1.00196 0.613641 0.289385 1.90499
207600 0.975051 0.679416 0.290886 1.94535
207700 0.978507 0.664282 0.283291 1.92608
207800 1.00321 0.645921 0.287657 1.93679
207900 1.01957 0.644316 0.281063 1.94495
208000 1.04426 0.603086 0.26287 1.91022
208100 1.01726 0.585839 0.261977 1.86507
208200 0.956582 0.597271 0.271548 1.8254
208300 0.939899 0.569252 0.272404 1.78156
208400 0.948521 0.537045 0.274377 1.75994
208500 0.952142 0.526935 0.269519 1.7486
208600 0.93639 0.532118 0.243699 1.71221
208700 0.949234 0.533956 0.254182 1.73737
208800 0.951017 0.563761 0.273408 1.78819
208900 0.956096 0.533895 0.259396 1.74939
209000 0.97479 0.483886 0.268171 1.72685
209100 1.00996 0.462365 0.288914 1.76124
209200 0.95539 0.486095 0.277358 1.71884
209300 0.916211 0.463402 0.270343 1.64996
209400 0.906481 0.474505 0.290522 1.67151
209500 0.877903 0.457991 0.290317 1.62621
209600 0.818363 0.428684 0.273849 1.5209
209700 0.818693 0.391803 0.276089 1.48658
209800 0.801845 0.412738 0.273516 1.4881
209900 0.757922 0.423731 0.254944 1.4366
210000 0.719042 0.454333 0.236605 1.40998
210100 0.748319 0.46237 0.241367 1.45206
210200 0.764506 0.448761 0.248677 1.46195
210300 0.80323 0.42069 0.261175 1.4851
210400 0.853578 0.454968 0.274925 1.58347
210500 0.888542 0.473558 0.277159 1.63926
210600 0.856417 0.511323 0.267672 1.63541
210700 0.921836 0.539395 0.25687 1.7181
210800 0.975046 0.555805 0.276749 1.8076
210900 0.999486 0.542556 0.285096 1.82714
211000 1.00861 0.600109 0.272298 1.88102
211100 1.06939 0.637316 0.267675 1.97438
211200 1.06064 0.636097 0.267207 1.96395
211300 1.10263 0.615666 0.260603 1.9789
211400 1.1302 0.650531 0.275254 2.05599
211500 1.11485 0.66155 0.28147 2.05786
211600 1.07034 0.680704 0.263762 2.01481
211700 1.10258 0.701916 0.241779 2.04628
211800 1.08971 0.695747 0.231629 2.01709
211900 1.06302 0.647284 0.227831 1.93814
212000 1.04362 0.615984 0.242748 1.90235
212100 1.05011 0.585425 0.260821 1.89636
212200 0.988528 0.574212 0.272445 1.83518
212300 0.958061 0.55554 0.289681 1.80328
212400 0.943532 0.555361 0.294558 1.79345
212500 0.916339 0.555215 0.276546 1.7481
212600 0.883347 0.555416 0.28039 1.71915
212700 0.935609 0.541989 0.288603 1.7662
212800 0.975614 0.544737 0.281528 1.80188
212900 0.996257 0.528059 0.27804 1.80236
213000 1.0451 0.536085 0.295633 1.87682
213100 1.12985 0.557634 0.280338 1.96782
213200 1.16579 0.58866 0.259602 2.01405
213300 1.18299 0.61441 0.250017 2.04742
213400 1.21193 0.625999 0.263119 2.10105
213500 1.21453 0.638895 0.258984 2.11241
213600 1.16095 0.64686 0.261935 2.06974
213700 1.13384 0.644479 0.269916 2.04823
213800 1.13669 0.644837 0.287348 2.06888
213900 1.11326 0.628327 0.281163 2.02275
214000 1.08906 0.602203 0.279794 1.97106
214100 1.08765 0.605283 0.300233 1.99317
214200 1.06924 0.617737 0.313666 2.00064
214300 1.04331 0.63767 0.277211 1.95819
214400 1.09643 0.646628 0.287001 2.03006
214500 1.14947 0.677511 0.280934 2.10791
214600 1.18336 0.684671 0.249505 2.11754
214700 1.23645 0.700382 0.255391 2.19222
214800 1.30624 0.703444 0.28633 2.29601
214900 1.30989 0.720879 0.274399 2.30517
215000 1.3357 0.721514 0.296897 2.35411
215100 1.3505 0.756743 0.324483 2.43173
215200 1.35477 0.757495 0.304856 2.41713
215300 1.33808 0.746103 0.299752 2.38393
215400 1.34599 0.734275 0.33044 2.41071
215500 1.29256 0.764758 0.303487 2.36081
215600 1.24563 0.758661 0.280149 2.28444
215700 1.23019 0.7555 0.295567 2.28126
215800 1.23907 0.741116 0.277992 2.25818
215900 1.21526 0.730325 0.231989 2.17757
216000 1.21356 0.702091 0.251413 2.16706
216100 1.21761 0.711908 0.279805 2.20932
216200 1.215 0.706143 0.288508 2.20965
216300 1.24827 0.71588 0.306586 2.27074
216400 1.35695 0.70542 0.329415 2.39178
216500 1.41873 0.743339 0.294445 2.45651
216600 1.45964 0.780251 0.269694 2.50958
216700 1.48414 0.836278 0.308854 2.62927
216800 1.50074 0.844285 0.321534 2.66656
216900 1.44599 0.848106 0.294398 2.5885
217000 1.46021 0.815204 0.297354 2.57277
217100 1.44415 0.801626 0.295089 2.54086
217200 1.39242 0.762364 0.256855 2.41164
217300 1.33858 0.778091 0.249118 2.36579
217400 1.31853 0.785822 0.294004 2.39836
217500 1.24834 0.785127 0.297873 2.33134
217600 1.26226 0.757058 0.286835 2.30615
217700 1.28608 0.780974 0.288405 2.35546
217800 1.27348 0.77747 0.292431 2.34338
217900 1.24836 0.789187 0.27866 2.31621
218000 1.29354 0.815457 0.300751 2.40975
218100 1.30642 0.812636 0.315782 2.43484
218200 1.35086 0.7546 0.300198 2.40566
218300 1.43402 0.748856 0.298516 2.4814
218400 1.4811 0.756753 0.293278 2.53113
218500 1.4165 0.765953 0.27072 2.45317
218600 1.3779 0.793573 0.27601 2.44748
218700 1.38903 0.787608 0.307336 2.48397
218800 1.3432 0.728133 0.308882 2.38021
218900 1.27982 0.694176 0.30887 2.28287
219000 1.27676 0.69344 0.322354 2.29255
219100 1.2544 0.687491 0.319085 2.26098
219200 1.17889 0.686519 0.302952 2.16836
219300 1.17476 0.701783 0.291634 2.16818
219400 1.22352 0.714581 0.281963 2.22006
219500 1.2511 0.699512 0.289768 2.24038
219600 1.28267 0.728895 0.293506 2.30508
219700 1.3265 0.797986 0.297812 2.4223
219800 1.34971 0.8445 0.311973 2.50618
219900 1.4091 0.836662 0.333412 2.57918
220000 1.50289 0.857567 0.319197 2.67965
220100 1.59194 0.837844 0.309524 2.7393
220200 1.6053 0.802812 0.318643 2.72675
220300 1.59201 0.806451 0.313346 2.71181
220400 1.5089 0.831223 0.308018 2.64814
220500 1.42793 0.799593 0.313109 2.54063
220600 1.35495 0.788456 0.301113 2.44452
220700 1.31313 0.745386 0.304986 2.36351
220800 1.2321 0.700436 0.313782 2.24631
220900 1.16809 0.684967 0.29795 2.151
221000 1.12987 0.680052 0.294934 2.10486
221100 1.1186 0.635664 0.304533 2.05879
221200 1.09892 0.633873 0.285496 2.01829
221300 1.16064 0.638935 0.285925 2.0855
221400 1.20666 0.655426 0.319275 2.18136
221500 1.24375 0.692892 0.331593 2.26824
221600 1.29924 0.765974 0.317669 2.38289
221700 1.40246 0.80584 0.323413 2.53172
221800 1.45941 0.824771 0.315891 2.60007
221900 1.54616 0.817177 0.279344 2.64268
222000 1.59146 0.825791 0.285881 2.70313
222100 1.55454 0.824054 0.317173 2.69576
222200 1.48497 0.836502 0.32051 2.64198
222300 1.47991 0.821256 0.31504 2.61621
222400 1.39971 0.788484 0.315623 2.50382
222500 1.33592 0.755796 0.311714 2.40343
222600 1.2961 0.75791 0.294664 2.34867
222700 1.25205 0.743573 0.302589 2.29821
222800 1.15585 0.738073 0.319294 2.21321
222900 1.15173 0.765887 0.311091 2.22871
223000 1.17881 0.76194 0.298992 2.23974
223100 1.20403 0.716309 0.290028 2.21037
223200 1.22786 0.725301 0.272871 2.22603
223300 1.31681 0.777096 0.26841 2.36232
223400 1.33645 0.793718 0.305339 2.4355
223500 1.33601 0.848533 0.323281 2.50782
223600 1.38499 0.879711 0.311032 2.57573
223700 1.4854 0.858676 0.31488 2.65895
223800 1.48475 0.840439 0.309366 2.63456
223900 1.46428 0.855162 0.293809 2.61325
224000 1.4572 0.869994 0.317843 2.64503
224100 1.38259 0.903617 0.341735 2.62794
224200 1.32067 0.890208 0.311574 2.52245
224300 1.36961 0.855276 0.283386 2.50827
224400 1.40921 0.828107 0.298662 2.53598
224500 1.36863 0.816191 0.299155 2.48397
224600 1.32394 0.814729 0.304035 2.4427
224700 1.30907 0.857383 0.331981 2.49843
224800 1.27534 0.862612 0.344923 2.48287
224900 1.30762 0.827576 0.31356 2.44876
225000 1.39544 0.795016 0.293717 2.48418
225100 1.43248 0.788168 0.302898 2.52355
225200 1.42695 0.780506 0.320317 2.52777
225300 1.39087 0.81609 0.318237 2.52519
225400 1.35323 0.824176 0.298109 2.47551
225500 1.3339 0.798609 0.283647 2.41616
225600 1.37076 0.729154 0.282356 2.38227
225700 1.36067 0.717926 0.269622 2.34822
225800 1.29214 0.72459 0.275606 2.29233
225900 1.23986 0.748 0.300782 2.28865
226000 1.2282 0.761192 0.31473 2.30413
226100 1.20799 0.778794 0.300903 2.28769
226200 1.25589 0.724248 0.296738 2.27688
226300 1.30199 0.719803 0.287128 2.30892
226400 1.28978 0.752268 0.28549 2.32754
226500 1.25792 0.803591 0.295552 2.35706
226600 1.32477 0.829737 0.305303 2.45981
226700 1.41577 0.86426 0.295785 2.57581
226800 1.49594 0.85882 0.291895 2.64666
226900 1.55957 0.89309 0.290681 2.74334
227000 1.60965 0.937143 0.298856 2.84564
227100 1.574 0.974181 0.30367 2.85185
227200 1.56709 0.998128 0.300415 2.86563
227300 1.54563 0.974753 0.283523 2.80391
227400 1.52598 0.873422 0.284203 2.68361
227500 1.46682 0.834018 0.288371 2.58921
227600 1.40625 0.856896 0.297273 2.56042
227700 1.31922 0.889763 0.309934 2.51891
227800 1.31056 0.899603 0.313963 2.52412
227900 1.34944 0.900841 0.291649 2.54193
228000 1.418 0.859018 0.273962 2.55098
228100 1.42739 0.860274 0.275404 2.56306
228200 1.44418 0.881467 0.294429 2.62007
228300 1.414 0.902164 0.295364 2.61153
228400 1.4016 0.947404 0.288904 2.6379
228500 1.41063 0.954927 0.284302 2.64986
228600 1.48322 0.891923 0.2827 2.65784
228700 1.52091 0.866561 0.283484 2.67096
228800 1.50626 0.883275 0.313567 2.7031
228900 1.47582 0.896565 0.318386 2.69077
229000 1.42908 0.943497 0.299473 2.67204
229100 1.34784 0.978633 0.290748 2.61722
229200 1.30923 0.947236 0.30616 2.56263
229300 1.32418 0.868073 0.314538 2.50679
229400 1.3424 0.827858 0.311769 2.48202
229500 1.3089 0.780589 0.294246 2.38374
229600 1.30559 0.767412 0.271928 2.34493
229700 1.32505 0.795332 0.266991 2.38738
229800 1.34541 0.836529 0.269037 2.45098
229900 1.3869 0.834788 0.268092 2.48978
230000 1.44894 0.850357 0.293937 2.59324
230100 1.51462 0.857155 0.307218 2.67899
230200 1.54319 0.901213 0.306703 2.75111
230300 1.55984 0.934703 0.317702 2.81225
230400 1.54158 0.993574 0.318506 2.85366
230500 1.54194 0.998258 0.304919 2.84512
230600 1.54324 0.966607 0.314548 2.82439
230700 1.50494 0.897589 0.317159 2.71969
230800 1.43815 0.879109 0.308134 2.6254
230900 1.41827 0.858883 0.331135 2.60828
231000 1.34837 0.878477 0.346398 2.57324
231100 1.28451 0.865444 0.340522 2.49048
231200 1.25967 0.849631 0.333178 2.44248
231300 1.28109 0.802049 0.31957 2.40271
231400 1.28131 0.7654 0.301183 2.34789
231500 1.31324 0.72684 0.301109 2.34119
231600 1.35278 0.747943 0.306631 2.40736
231700 1.34058 0.763444 0.2988 2.40282
231800 1.33705 0.767501 0.303387 2.40794
231900 1.38013 0.758766 0.30621 2.44511
232000 1.41772 0.738182 0.29785 2.45375
232100 1.40915 0.7185 0.290115 2.41777
232200 1.41502 0.73122 0.287549 2.43379
232300 1.3665 0.730387 0.295028 2.39192
232400 1.3021 0.717715 0.314443 2.33426
232500 1.24383 0.706839 0.339215 2.28989
232600 1.19719 0.662863 0.350003 2.21006
232700 1.12613 0.630571 0.333981 2.09068
232800 1.09974 0.613176 0.314181 2.0271
232900 1.08833 0.603109 0.309415 2.00085
233000 1.05717 0.607124 0.312085 1.97638
233100 1.06128 0.626355 0.312038 1.99967
233200 1.13579 0.615931 0.321272 2.073
233300 1.17056 0.62006 0.314524 2.10515
233400 1.21602 0.652623 0.298432 2.16708
233500 1.26958 0.686209 0.309859 2.26565
233600 1.27852 0.728074 0.322894 2.32948
233700 1.26445 0.793274 0.306052 2.36377
233800 1.33692 0.803825 0.311827 2.45257
233900 1.40834 0.798636 0.333897 2.54087
234000 1.41335 0.791439 0.300197 2.50498
234100 1.41109 0.830729 0.278982 2.5208
234200 1.41516 0.857302 0.314254 2.58671
234300 1.3586 0.863759 0.326639 2.549
234400 1.31163 0.817672 0.292284 2.42158
234500 1.30713 0.789647 0.298631 2.39541
234600 1.28495 0.72238 0.308006 2.31534
234700 1.19838 0.704234 0.286364 2.18898
234800 1.13717 0.715693 0.289762 2.14263
234900 1.11448 0.724179 0.317888 2.15655
235000 1.11549 0.67588 0.322292 2.11366
235100 1.15476 0.659095 0.313098 2.12695
235200 1.22264 0.642064 0.309565 2.17427
235300 1.24979 0.667977 0.300191 2.21796
235400 1.25715 0.708179 0.311798 2.27713
235500 1.2888 0.779388 0.302106 2.37029
235600 1.31445 0.811578 0.288235 2.41426
235700 1.34721 0.780761 0.306497 2.43447
235800 1.38971 0.735499 0.296602 2.42181
235900 1.40186 0.74677 0.266043 2.41467
236000 1.37523 0.738217 0.260981 2.37443
236100 1.3542 0.746796 0.272322 2.37331
236200 1.3305 0.758507 0.272474 2.36148
236300 1.32311 0.74562 0.257659 2.32639
236400 1.31693 0.685462 0.252273 2.25467
236500 1.30077 0.692731 0.272182 2.26568
236600 1.25579 0.705322 0.270252 2.23136
236700 1.21209 0.713022 0.264309 2.18942
236800 1.2085 0.718651 0.292512 2.21966
236900 1.2373 0.684245 0.310974 2.23252
237000 1.23636 0.646092 0.270773 2.15323
237100 1.23741 0.664836 0.25284 2.15509
237200 1.23796 0.670365 0.272122 2.18044
237300 1.21826 0.678118 0.262474 2.15885
237400 1.19805 0.707803 0.242102 2.14796
237500 1.23073 0.704008 0.245029 2.17977
237600 1.23846 0.668802 0.243197 2.15046
237700 1.22474 0.663059 0.218637 2.10644
237800 1.20822 0.679007 0.221092 2.10832
237900 1.19952 0.686115 0.255123 2.14076
238000 1.18948 0.693934 0.281324 2.16474
238100 1.21622 0.706975 0.278038 2.20123
238200 1.27016 0.706616 0.278769 2.25554
238300 1.30099 0.687735 0.28701 2.27574
238400 1.28817 0.711076 0.284354 2.2836
238500 1.27725 0.730452 0.274485 2.28219
238600 1.26887 0.717545 0.281774 2.26819
238700 1.27967 0.681987 0.28741 2.24906
238800 1.26888 0.672988 0.260275 2.20214
238900 1.24989 0.655222 0.231645 2.13675
239000 1.2005 0.642182 0.227857 2.07054
239100 1.13226 0.655768 0.236778 2.02481
239200 1.0931 0.657043 0.248504 1.99865
239300 1.08869 0.623243 0.243665 1.9556
239400 1.10659 0.609162 0.239191 1.95495
239500 1.1299 0.618786 0.247342 1.99602
239600 1.13687 0.644315 0.253075 2.03425
239700 1.15086 0.674369 0.263174 2.0884
239800 1.18305 0.68763 0.290401 2.16108
239900 1.23584 0.676309 0.317588 2.22974
240000 1.27612 0.677007 0.305354 2.25849
240100 1.32231 0.680908 0.287167 2.29038
240200 1.35471 0.717109 0.278108 2.34992
240300 1.35798 0.733252 0.264733 2.35597
240400 1.31458 0.740238 0.248662 2.30348
240500 1.29232 0.703061 0.248192 2.24357
240600 1.2686 0.670302 0.262613 2.20152
240700 1.22382 0.645654 0.256058 2.12553
240800 1.18166 0.644553 0.243851 2.07007
240900 1.15535 0.652081 0.260402 2.06784
241000 1.1208 0.670235 0.281638 2.07267
241100 1.10483 0.661447 0.288218 2.05449
241200 1.11091 0.636796 0.293365 2.04107
241300 1.11186 0.611797 0.300788 2.02445
241400 1.10354 0.630984 0.29219 2.02671
241500 1.09719 0.656763 0.274865 2.02882
241600 1.12071 0.659709 0.271777 2.05219
241700 1.17804 0.659793 0.265383 2.10322
241800 1.22219 0.666986 0.250088 2.13926
241900 1.25341 0.663893 0.248992 2.1663
242000 1.27888 0.6853 0.255606 2.21979
242100 1.30695 0.717447 0.264105 2.28851
242200 1.30797 0.726431 0.281652 2.31606
242300 1.30036 0.738388 0.300662 2.33941
242400 1.30118 0.726214 0.303356 2.33075
242500 1.28586 0.698234 0.30042 2.28452
242600 1.24052 0.695628 0.308246 2.24439
242700 1.21367 0.696724 0.29394 2.20433
242800 1.20502 0.705808 0.272716 2.18354
242900 1.19856 0.715275 0.281316 2.19515
243000 1.21085 0.704613 0.285775 2.20123
243100 1.25094 0.712648 0.259089 2.22268
243200 1.28691 0.738047 0.260013 2.28497
243300 1.31681 0.757048 0.286924 2.36079
243400 1.32638 0.77916 0.280532 2.38607
243500 1.3559 0.793414 0.269881 2.41919
243600 1.37236 0.783896 0.286115 2.44237
243700 1.38977 0.741375 0.295789 2.42693
243800 1.35608 0.729408 0.290298 2.37579
243900 1.32382 0.731848 0.28657 2.34224
244000 1.28068 0.720172 0.289051 2.2899
244100 1.23756 0.716224 0.290011 2.2438
244200 1.20855 0.730045 0.279257 2.21785
244300 1.22904 0.721176 0.26884 2.21905
244400 1.21395 0.699144 0.283825 2.19692
244500 1.18282 0.707394 0.294173 2.18438
244600 1.18534 0.72298 0.280615 2.18893
244700 1.21996 0.705629 0.295485 2.22107
244800 1.21788 0.712722 0.31443 2.24504
244900 1.26778 0.743912 0.293201 2.30489
245000 1.34146 0.760644 0.278929 2.38104
245100 1.38661 0.763537 0.303757 2.4539
245200 1.38225 0.801219 0.306093 2.48956
245300 1.41889 0.817457 0.300249 2.5366
245400 1.43193 0.801964 0.323246 2.55714
245500 1.40802 0.77331 0.331577 2.51291
245600 1.36503 0.760268 0.310232 2.43553
245700 1.3153 0.733396 0.300547 2.34925
245800 1.2375 0.695533 0.302832 2.23586
245900 1.20314 0.672302 0.292158 2.1676
246000 1.16011 0.661644 0.281869 2.10362
246100 1.11309 0.648232 0.286564 2.04788
246200 1.08778 0.637391 0.283596 2.00877
246300 1.10988 0.639042 0.261176 2.0101
246400 1.07286 0.650674 0.251649 1.97518
246500 1.07611 0.660536 0.261852 1.9985
246600 1.1522 0.659781 0.272075 2.08406
246700 1.21964 0.683331 0.274524 2.1775
246800 1.23519 0.722778 0.280138 2.2381
246900 1.32595 0.761329 0.298848 2.38612
247000 1.41794 0.787612 0.317688 2.52324
247100 1.44728 0.81625 0.312182 2.57571
247200 1.47438 0.836099 0.299012 2.60949
247300 1.54311 0.823283 0.308217 2.67461
247400 1.51598 0.787076 0.326249 2.6293
247500 1.42223 0.806783 0.314755 2.54377
247600 1.3323 0.80893 0.311757 2.45298
247700 1.25221 0.765742 0.333575 2.35153
247800 1.18997 0.734794 0.314088 2.23885
247900 1.16697 0.721806 0.281581 2.17035
248000 1.13107 0.668865 0.286618 2.08656
248100 1.09204 0.673276 0.287593 2.05291
248200 1.06626 0.720449 0.275098 2.06181
248300 1.05015 0.731962 0.283113 2.06522
248400 1.05909 0.707358 0.290489 2.05694
248500 1.13721 0.708567 0.290762 2.13654
248600 1.21041 0.696901 0.30637 2.21368
248700 1.21115 0.717831 0.315981 2.24496
248800 1.24921 0.763529 0.330688 2.34342
248900 1.33389 0.799523 0.352835 2.48625
249000 1.33974 0.815429 0.33103 2.4862
249100 1.33581 0.803632 0.298609 2.43805
249200 1.38887 0.753287 0.303967 2.44612
249300 1.35544 0.757531 0.288647 2.40162
249400 1.24538 0.770898 0.259061 2.27534
249500 1.21097 0.738727 0.272543 2.22224
249600 1.18606 0.708362 0.288451 2.18287
249700 1.11945 0.686797 0.266457 2.0727
249800 1.10522 0.65374 0.280057 2.03901
249900 1.11561 0.649131 0.306553 2.07129
250000 1.08301 0.665309 0.307957 2.05627
250100 1.07216 0.687598 0.308182 2.06794
250200 1.14336 0.713715 0.322582 2.17966
250300 1.19981 0.715177 0.312937 2.22793
250400 1.25078 0.720461 0.296178 2.26742
250500 1.3346 0.759015 0.303266 2.39688
250600 1.41306 0.795765 0.31561 2.52444
250700 1.44927 0.832393 0.306273 2.58793
250800 1.4907 0.872973 0.302713 2.66638
250900 1.52612 0.864249 0.290418 2.68079
251000 1.51061 0.845236 0.275539 2.63138
251100 1.45016 0.834111 0.266776 2.55104
251200 1.39651 0.832931 0.269842 2.49929
251300 1.32144 0.840704 0.285104 2.44725
251400 1.27597 0.828657 0.304259 2.40889
251500 1.21448 0.776234 0.309707 2.30042
251600 1.17737 0.762716 0.303282 2.24337
251700 1.16794 0.733619 0.309555 2.21112
251800 1.18149 0.732349 0.326756 2.24059
251900 1.15123 0.767148 0.320838 2.23922
252000 1.15396 0.791035 0.311738 2.25673
252100 1.2284 0.749813 0.295041 2.27325
252200 1.28261 0.75561 0.276401 2.31462
252300 1.28961 0.741662 0.261475 2.29274
252400 1.32732 0.743085 0.265393 2.3358
252500 1.35851 0.762749 0.27915 2.40041
252600 1.34043 0.791618 0.290565 2.42262
252700 1.32937 0.76497 0.291253 2.38559
252800 1.38677 0.765595 0.300687 2.45305
252900 1.39683 0.745202 0.307525 2.44956
253000 1.33106 0.771233 0.29331 2.39561
253100 1.28401 0.784595 0.294194 2.3628
253200 1.26767 0.796581 0.317227 2.38148
253300 1.20887 0.777438 0.310728 2.29703
253400 1.16855 0.766335 0.290873 2.22576
253500 1.20582 0.722537 0.299846 2.2282
253600 1.23406 0.724617 0.302679 2.26136
253700 1.22225 0.723172 0.28015 2.22557
253800 1.22829 0.748109 0.282815 2.25921
253900 1.25727 0.782162 0.296789 2.33622
254000 1.31085 0.806606 0.283376 2.40083
254100 1.34345 0.794305 0.267275 2.40503
254200 1.38372 0.838884 0.271924 2.49453
254300 1.43287 0.822683 0.281877 2.53743
254400 1.41978 0.825327 0.293114 2.53822
254500 1.37693 0.833509 0.306206 2.51664
254600 1.36663 0.819887 0.324193 2.51072
254700 1.35972 0.781905 0.332339 2.47396
254800 1.31532 0.792284 0.314208 2.42182
254900 1.27588 0.761999 0.306299 2.34418
255000 1.2548 0.75184 0.305041 2.31168
255100 1.23446 0.73179 0.294235 2.26048
255200 1.20213 0.733423 0.285428 2.22098
255300 1.18435 0.730536 0.279279 2.19417
255400 1.20788 0.747341 0.255539 2.21076
255500 1.24196 0.753587 0.254932 2.25048
255600 1.25399 0.753094 0.273649 2.28073
255700 1.26382 0.768211 0.288433 2.32046
255800 1.28524 0.772185 0.3051 2.36253
255900 1.30137 0.76958 0.335979 2.40692
256000 1.34324 0.790224 0.333129 2.46659
256100 1.3869 0.792408 0.31839 2.4977
256200 1.40239 0.801837 0.305188 2.50942
256300 1.41481 0.831846 0.298894 2.54555
256400 1.41968 0.842815 0.289703 2.5522
256500 1.40515 0.83556 0.294705 2.53542
256600 1.40764 0.840663 0.301983 2.55028
256700 1.38715 0.847242 0.293564 2.52795
256800 1.34765 0.825543 0.278208 2.4514
256900 1.33216 0.809013 0.279994 2.42117
257000 1.32772 0.804518 0.282039 2.41428
257100 1.28537 0.80344 0.280602 2.36941
257200 1.25326 0.774056 0.290986 2.31831
257300 1.25964 0.786181 0.332121 2.37795
257400 1.26363 0.775504 0.323788 2.36292
257500 1.26659 0.761131 0.308862 2.33658
257600 1.29903 0.749731 0.311111 2.35987
257700 1.32042 0.754921 0.307632 2.38297
257800 1.30981 0.733021 0.281651 2.32448
257900 1.30406 0.744652 0.298584 2.3473
258000 1.29793 0.738117 0.321994 2.35804
258100 1.26472 0.738999 0.303117 2.30683
258200 1.23974 0.737035 0.291293 2.26807
258300 1.22431 0.748792 0.295179 2.26828
258400 1.20675 0.719362 0.278617 2.20472
258500 1.19319 0.736803 0.282153 2.21215
258600 1.20043 0.741969 0.303014 2.24541
258700 1.23331 0.726668 0.299841 2.25982
258800 1.25065 0.708907 0.298326 2.25788
258900 1.27783 0.747299 0.300937 2.32606
259000 1.29944 0.753734 0.278189 2.33136
259100 1.3221 0.775792 0.280535 2.37842
259200 1.3532 0.791519 0.312446 2.45717
259300 1.39184 0.824538 0.314787 2.53117
259400 1.40356 0.811571 0.30561 2.52074
259500 1.40051 0.82679 0.322201 2.5495
259600 1.3972 0.83726 0.319805 2.55426
259700 1.3882 0.837975 0.299733 2.5259
259800 1.36424 0.815349 0.300236 2.47983
259900 1.35758 0.824461 0.296242 2.47828
260000 1.3179 0.794347 0.284397 2.39664
260100 1.27236 0.775641 0.290842 2.33885
260200 1.22182 0.763064 0.289448 2.27433
260300 1.18775 0.754751 0.278654 2.22116
260400 1.15723 0.721703 0.283857 2.16279
260500 1.15763 0.718611 0.29327 2.16951
260600 1.15939 0.688557 0.305656 2.15361
260700 1.18641 0.674767 0.30459 2.16577
260800 1.21423 0.682597 0.305853 2.20268
260900 1.25446 0.688496 0.304476 2.24743
261000 1.28361 0.704629 0.308053 2.29629
261100 1.30827 0.746595 0.294846 2.34971
261200 1.32143 0.754617 0.288482 2.36453
261300 1.36409 0.754333 0.283568 2.40199
261400 1.37712 0.761013 0.276323 2.41445
261500 1.35617 0.75693 0.264352 2.37745
261600 1.33084 0.751645 0.260562 2.34305
261700 1.33238 0.746743 0.247017 2.32614
261800 1.30298 0.745343 0.248387 2.29671
261900 1.28335 0.741208 0.26287 2.28743
262000 1.28018 0.755711 0.265787 2.30168
262100 1.29572 0.761552 0.253413 2.31068
262200 1.28407 0.768333 0.253532 2.30593
262300 1.30703 0.769822 0.255491 2.33234
262400 1.30248 0.77188 0.242101 2.31646
262500 1.27918 0.757951 0.229289 2.26642
262600 1.25981 0.742438 0.244421 2.24667
262700 1.27091 0.704389 0.255119 2.23042
262800 1.2443 0.702303 0.234516 2.18112
262900 1.24261 0.680232 0.228338 2.15118
263000 1.22948 0.685381 0.252213 2.16707
263100 1.19028 0.702858 0.246343 2.13948
263200 1.18374 0.704563 0.24172 2.13002
263300 1.2166 0.689982 0.261798 2.16838
263400 1.20361 0.7163 0.257149 2.17706
263500 1.20982 0.701833 0.228206 2.13986
263600 1.2364 0.712238 0.231274 2.17992
263700 1.25109 0.756412 0.245459 2.25296
263800 1.23595 0.767716 0.249504 2.25316
263900 1.29467 0.747875 0.246944 2.28949
264000 1.37877 0.754934 0.243945 2.37765
264100 1.39027 0.739422 0.238444 2.36814
264200 1.371 0.744945 0.242883 2.35883
264300 1.37946 0.768541 0.253242 2.40124
264400 1.33399 0.775427 0.272652 2.38207
264500 1.28492 0.733751 0.276732 2.2954
264600 1.29652 0.705657 0.277959 2.28013
264700 1.27382 0.689112 0.273013 2.23595
264800 1.20508 0.687994 0.263561 2.15663
264900 1.16199 0.726803 0.263441 2.15223
265000 1.14139 0.734069 0.278335 2.1538
265100 1.10121 0.721447 0.282606 2.10526
265200 1.11712 0.716715 0.265419 2.09925
265300 1.15109 0.723391 0.251506 2.12599
265400 1.15183 0.759639 0.241964 2.15343
265500 1.14462 0.810335 0.24655 2.2015
265600 1.2066 0.82163 0.255461 2.28369
265700 1.25916 0.847231 0.266184 2.37257
265800 1.30492 0.832998 0.267792 2.40571
265900 1.37225 0.827547 0.263369 2.46316
266000 1.44489 0.85338 0.249261 2.54753
266100 1.44816 0.907051 0.250729 2.60594
266200 1.46597 0.929155 0.263617 2.65874
266300 1.48046 0.953516 0.263405 2.69738
266400 1.49775 0.913727 0.250228 2.66171
266500 1.47535 0.878851 0.244454 2.59865
266600 1.45709 0.857974 0.225966 2.54103
266700 1.37212 0.867335 0.233588 2.47305
266800 1.30858 0.855196 0.258612 2.42239
266900 1.26445 0.855742 0.267269 2.38746
267000 1.21862 0.809202 0.268313 2.29614
267100 1.19234 0.785603 0.261997 2.23994
267200 1.22384 0.786703 0.242011 2.25255
267300 1.21264 0.794234 0.244312 2.25118
267400 1.21546 0.809478 0.252874 2.27781
267500 1.25784 0.862129 0.261337 2.3813
267600 1.35879 0.830252 0.268613 2.45766
267700 1.34991 0.795462 0.273138 2.41851
267800 1.35601 0.825036 0.258779 2.43982
267900 1.39001 0.855801 0.253171 2.49898
268000 1.40368 0.856524 0.267542 2.52774
268100 1.38039 0.908055 0.27211 2.56055
268200 1.40508 0.915544 0.277589 2.59822
268300 1.44447 0.885123 0.289758 2.61935
268400 1.43852 0.862915 0.281234 2.58267
268500 1.40507 0.864988 0.27811 2.54816
268600 1.38331 0.872507 0.275018 2.53084
268700 1.31083 0.859328 0.280992 2.45115
268800 1.27588 0.833003 0.293938 2.40282
268900 1.25616 0.838909 0.292454 2.38753
269000 1.26493 0.822049 0.270077 2.35705
269100 1.24724 0.787746 0.256291 2.29128
269200 1.2448 0.820969 0.259283 2.32505
269300 1.2508 0.844304 0.27421 2.36931
269400 1.24095 0.845311 0.280648 2.36691
269500 1.26221 0.825359 0.285329 2.3729
269600 1.31906 0.815545 0.290835 2.42544
269700 1.36325 0.815091 0.279764 2.4581
269800 1.38123 0.843168 0.261377 2.48577
269900 1.4194 0.847212 0.267803 2.53442
270000 1.41801 0.865404 0.301218 2.58463
270100 1.36518 0.845616 0.303899 2.5147
270200 1.34129 0.819194 0.294846 2.45533
270300 1.33687 0.774273 0.302669 2.41381
270400 1.26214 0.78091 0.308717 2.35177
270500 1.21918 0.768959 0.287336 2.27548
270600 1.19988 0.747848 0.284658 2.23238
270700 1.16236 0.730279 0.294999 2.18764
270800 1.14265 0.729328 0.280369 2.15235
270900 1.17988 0.698588 0.258604 2.13708
271000 1.17444 0.699216 0.262741 2.1364
271100 1.17049 0.702727 0.271973 2.14519
271200 1.17266 0.745476 0.269799 2.18794
271300 1.17078 0.711046 0.2757 2.15753
271400 1.17063 0.685851 0.283876 2.14036
271500 1.20555 0.688036 0.271945 2.16553
271600 1.20938 0.691357 0.287806 2.18855
271700 1.19804 0.662037 0.307416 2.16749
271800 1.21738 0.709726 0.299908 2.22702
271900 1.27382 0.699611 0.295413 2.26884
272000 1.24482 0.698482 0.313815 2.25712
272100 1.26651 0.705602 0.298722 2.27084
272200 1.2817 0.745958 0.279601 2.30725
272300 1.23952 0.744657 0.278689 2.26287
272400 1.19171 0.770318 0.276964 2.23899
272500 1.24817 0.757131 0.262594 2.2679
272600 1.2308 0.753843 0.279935 2.26458
272700 1.19837 0.738965 0.289327 2.22666
272800 1.22307 0.76336 0.298129 2.28456
272900 1.25 0.752777 0.307601 2.31038
273000 1.18772 0.789823 0.297715 2.27525
273100 1.20163 0.799804 0.270959 2.2724
273200 1.23947 0.804771 0.264903 2.30914
273300 1.24622 0.793766 0.269004 2.30899
273400 1.23961 0.801189 0.275175 2.31597
273500 1.26953 0.790427 0.272767 2.33273
273600 1.22931 0.762208 0.273667 2.26518
273700 1.22758 0.745677 0.271521 2.24478
273800 1.25525 0.765395 0.275069 2.29571
273900 1.26642 0.723165 0.28246 2.27205
274000 1.23674 0.701454 0.2759 2.21409
274100 1.24094 0.742127 0.283019 2.26609
274200 1.18623 0.751527 0.294386 2.23214
274300 1.15185 0.715238 0.308414 2.1755
274400 1.18517 0.723025 0.307773 2.21597
274500 1.22808 0.691182 0.275109 2.19437
274600 1.20632 0.64219 0.267848 2.11636
274700 1.23467 0.637044 0.270599 2.14232
274800 1.25862 0.676031 0.275426 2.21008
274900 1.22823 0.70582 0.280989 2.21504
275000 1.22531 0.7162 0.286868 2.22838
275100 1.2937 0.742755 0.278787 2.31524
275200 1.30769 0.742748 0.270692 2.32112
275300 1.28163 0.738249 0.289902 2.30978
275400 1.291 0.773171 0.300414 2.36459
275500 1.29053 0.792065 0.300033 2.38262
275600 1.27333 0.776538 0.304164 2.35403
275700 1.29249 0.770515 0.299846 2.36286
275800 1.29252 0.729047 0.270908 2.29248
275900 1.22351 0.708702 0.257996 2.19021
276000 1.17525 0.720093 0.265078 2.16042
276100 1.14198 0.745881 0.263132 2.151
276200 1.12167 0.724743 0.243808 2.09022
276300 1.15453 0.751039 0.231915 2.13748
276400 1.20571 0.757989 0.23939 2.20309
276500 1.19761 0.758835 0.249708 2.20615
276600 1.21546 0.773621 0.246166 2.23525
276700 1.27344 0.834034 0.269295 2.37677
276800 1.30029 0.823727 0.286177 2.41019
276900 1.29106 0.866471 0.278767 2.43629
277000 1.37122 0.881307 0.271217 2.52375
277100 1.39114 0.873156 0.295573 2.55987
277200 1.34783 0.881829 0.295181 2.52484
277300 1.34173 0.936415 0.272055 2.5502
277400 1.40139 0.932749 0.267854 2.60199
277500 1.39953 0.946174 0.276284 2.62199
277600 1.43418 0.901926 0.254888 2.591
277700 1.46641 0.895529 0.23858 2.60052
277800 1.45035 0.889597 0.243253 2.5832
277900 1.3859 0.8781 0.264444 2.52844
278000 1.37986 0.89088 0.263373 2.53411
278100 1.38342 0.916574 0.269712 2.56971
278200 1.3826 0.876396 0.276701 2.5357
278300 1.35253 0.872366 0.277359 2.50225
278400 1.34747 0.875794 0.273726 2.49699
278500 1.31305 0.867154 0.27755 2.45775
278600 1.31376 0.868004 0.257283 2.43905
278700 1.32748 0.906022 0.261947 2.49545
278800 1.35957 0.876323 0.260634 2.49652
278900 1.36782 0.88172 0.242703 2.49224
279000 1.36694 0.887019 0.250924 2.50488
279100 1.3558 0.866601 0.291344 2.51374
279200 1.35581 0.86921 0.28115 2.50617
279300 1.35628 0.888572 0.271611 2.51646
279400 1.36626 0.866506 0.301922 2.53468
279500 1.37484 0.857576 0.295169 2.52759
279600 1.38279 0.850134 0.253594 2.48651
279700 1.37219 0.823965 0.266801 2.46296
279800 1.35583 0.832266 0.288459 2.47656
279900 1.33405 0.847489 0.266647 2.44819
280000 1.33954 0.841197 0.257959 2.4387
280100 1.36658 0.847531 0.273372 2.48748
280200 1.37769 0.840947 0.269155 2.4878
280300 1.36674 0.813281 0.24925 2.42927
280400 1.35022 0.822106 0.259013 2.43134
280500 1.34663 0.816065 0.27166 2.43435
280600 1.33711 0.815366 0.250827 2.4033
280700 1.33321 0.838114 0.235889 2.40721
280800 1.34543 0.858104 0.246379 2.44991
280900 1.35661 0.850588 0.241583 2.44878
281000 1.35394 0.861958 0.238469 2.45436
281100 1.35551 0.879853 0.248774 2.48414
281200 1.35757 0.904525 0.265112 2.52721
281300 1.37452 0.887914 0.26644 2.52887
281400 1.37145 0.895162 0.256299 2.52291
281500 1.35317 0.884964 0.246168 2.4843
281600 1.35226 0.862278 0.25242 2.46696
281700 1.36968 0.816731 0.257139 2.44355
281800 1.36952 0.824089 0.24136 2.43497
281900 1.39122 0.80939 0.218612 2.41922
282000 1.41962 0.79093 0.238198 2.44875
282100 1.41868 0.776667 0.243348 2.4387
282200 1.36611 0.794564 0.238469 2.39914
282300 1.33035 0.767039 0.248383 2.34577
282400 1.2932 0.778439 0.271941 2.34358
282500 1.25156 0.775655 0.255159 2.28237
282600 1.19912 0.780377 0.236239 2.21573
282700 1.18711 0.787064 0.238062 2.21223
282800 1.19699 0.818057 0.257615 2.27266
282900 1.21991 0.809219 0.252408 2.28153
283000 1.23765 0.831561 0.260909 2.33012
283100 1.30864 0.858748 0.269114 2.43651
283200 1.36533 0.901314 0.258045 2.52469
283300 1.38369 0.901245 0.231824 2.51676
283400 1.4116 0.919415 0.234641 2.56566
283500 1.47308 0.915459 0.238909 2.62744
283600 1.49093 0.891322 0.236692 2.61894
283700 1.46765 0.856659 0.232372 2.55668
283800 1.42186 0.892531 0.238456 2.55284
283900 1.43498 0.877292 0.24512 2.55739
284000 1.4177 0.856745 0.260169 2.53462
284100 1.38958 0.843086 0.258019 2.49069
284200 1.39694 0.835966 0.260802 2.49371
284300 1.40882 0.823803 0.263943 2.49657
284400 1.33366 0.847346 0.259024 2.44003
284500 1.31135 0.860275 0.247694 2.41932
284600 1.33024 0.862256 0.256181 2.44868
284700 1.32758 0.837934 0.251722 2.41724
284800 1.32931 0.83562 0.241401 2.40633
284900 1.38818 0.857713 0.232213 2.47811
285000 1.43661 0.869813 0.230939 2.53737
285100 1.41591 0.887089 0.236688 2.53969
285200 1.39016 0.916159 0.226771 2.53309
285300 1.37959 0.893941 0.224427 2.49796
285400 1.34495 0.836328 0.244226 2.4255
285500 1.28674 0.815555 0.262847 2.36514
285600 1.24375 0.808338 0.257436 2.30953
285700 1.19118 0.787076 0.261144 2.2394
285800 1.17175 0.805438 0.273174 2.25036
285900 1.20319 0.802236 0.271063 2.27649
286000 1.22072 0.765216 0.253776 2.23972
286100 1.24854 0.784425 0.246129 2.27909
286200 1.31685 0.816903 0.23178 2.36554
286300 1.35144 0.829598 0.211473 2.39251
286400 1.36824 0.856147 0.199569 2.42396
286500 1.41911 0.886036 0.210658 2.5158
286600 1.45063 0.878177 0.217998 2.5468
286700 1.43142 0.895244 0.225203 2.55187
286800 1.46786 0.905203 0.240509 2.61357
286900 1.52427 0.923857 0.267167 2.7153
287000 1.50166 0.946365 0.26927 2.7173
287100 1.46702 0.948611 0.28085 2.69648
287200 1.48452 0.93537 0.274594 2.69449
287300 1.43816 0.924679 0.263105 2.62595
287400 1.33595 0.863504 0.250663 2.45012
287500 1.31556 0.830409 0.239428 2.3854
287600 1.28818 0.808766 0.219704 2.31665
287700 1.2181 0.770314 0.227779 2.21619
287800 1.20951 0.762498 0.226644 2.19865
287900 1.23659 0.782276 0.221218 2.24008
288000 1.24079 0.731811 0.232464 2.20507
288100 1.26339 0.735616 0.255644 2.25465
288200 1.31614 0.764738 0.235505 2.31638
288300 1.32971 0.779413 0.234233 2.34335
288400 1.36108 0.822849 0.251758 2.43568
288500 1.4136 0.868846 0.262499 2.54495
288600 1.41858 0.882548 0.246314 2.54744
288700 1.40919 0.919307 0.266193 2.59468
288800 1.45501 0.921095 0.285792 2.6619
288900 1.48993 0.903412 0.265004 2.65835
289000 1.48053 0.904108 0.239587 2.62423
289100 1.47587 0.916732 0.2433 2.63591
289200 1.44547 0.915646 0.242131 2.60325
289300 1.36527 0.91378 0.231287 2.51034
289400 1.31837 0.885468 0.243491 2.44733
289500 1.31079 0.855535 0.261779 2.42811
289600 1.2786 0.818058 0.248385 2.34504
289700 1.25251 0.802191 0.233238 2.28794
289800 1.27964 0.788888 0.233629 2.30216
289900 1.28166 0.774517 0.248223 2.3044
290000 1.24304 0.770301 0.257818 2.27115
290100 1.25892 0.794366 0.257679 2.31097
290200 1.31429 0.814722 0.258244 2.38726
290300 1.35883 0.810892 0.259725 2.42944
290400 1.40607 0.847728 0.243565 2.49737
290500 1.45889 0.879901 0.23296 2.57175
290600 1.45641 0.875874 0.253675 2.58596
290700 1.43484 0.900629 0.265354 2.60082
290800 1.44257 0.90194 0.257311 2.60182
290900 1.4626 0.868937 0.246502 2.57804
291000 1.4394 0.886513 0.245826 2.57174
291100 1.41066 0.874269 0.243045 2.52798
291200 1.35625 0.859273 0.242057 2.45759
291300 1.30748 0.875202 0.243651 2.42633
291400 1.27504 0.866803 0.25904 2.40088
291500 1.27769 0.835524 0.254588 2.3678
291600 1.27998 0.842805 0.251927 2.37471
291700 1.25627 0.827646 0.24984 2.33376
291800 1.22979 0.827006 0.258392 2.31518
291900 1.23449 0.826611 0.254256 2.31536
292000 1.25229 0.81449 0.253459 2.32024
292100 1.2867 0.79089 0.245031 2.32262
292200 1.31235 0.810137 0.246672 2.36916
292300 1.32076 0.818324 0.238576 2.37766
292400 1.30699 0.860909 0.25339 2.42129
292500 1.32607 0.87684 0.270575 2.47348
292600 1.34672 0.879524 0.265235 2.49148
292700 1.37601 0.881105 0.244535 2.50165
292800 1.42548 0.904058 0.259738 2.58928
292900 1.47618 0.901159 0.272868 2.65021
293000 1.45495 0.950878 0.273233 2.67906
293100 1.43747 0.953242 0.268999 2.65971
293200 1.43603 0.92151 0.267642 2.62518
293300 1.41265 0.890759 0.263852 2.56726
293400 1.37491 0.894296 0.271703 2.5409
293500 1.34772 0.843213 0.267534 2.45846
293600 1.28315 0.833258 0.266885 2.38329
293700 1.21269 0.796161 0.26681 2.27566
293800 1.18468 0.762119 0.259326 2.20612
293900 1.18822 0.732113 0.23813 2.15847
294000 1.18303 0.732667 0.253077 2.16878
294100 1.22463 0.724498 0.246985 2.19611
294200 1.24767 0.782071 0.231125 2.26087
294300 1.24173 0.815394 0.253717 2.31084
294400 1.2421 0.847221 0.29927 2.38859
294500 1.26423 0.865762 0.280473 2.41046
294600 1.29204 0.881276 0.261857 2.43517
294700 1.32604 0.854369 0.267185 2.4476
294800 1.36185 0.889172 0.260018 2.51104
294900 1.35226 0.877041 0.239857 2.46916
295000 1.3485 0.876018 0.247636 2.47216
295100 1.39543 0.849144 0.260756 2.50533
295200 1.42107 0.850275 0.238589 2.50994
295300 1.3909 0.851295 0.221458 2.46365
295400 1.36987 0.860753 0.227717 2.45834
295500 1.34194 0.857151 0.245944 2.44504
295600 1.26339 0.865583 0.273893 2.40287
295700 1.22112 0.817694 0.293289 2.33211
295800 1.22305 0.785042 0.271038 2.27912
295900 1.20684 0.771765 0.262648 2.24125
296000 1.20135 0.767115 0.275821 2.24429
296100 1.2108 0.754227 0.255677 2.2207
296200 1.2369 0.776808 0.239363 2.25307
296300 1.26021 0.758821 0.265747 2.28478
296400 1.27831 0.768855 0.255728 2.30289
296500 1.30147 0.801172 0.215751 2.3184
296600 1.3393 0.804435 0.234577 2.37831
296700 1.32425 0.794141 0.259499 2.37789
296800 1.29768 0.800775 0.227388 2.32585
296900 1.29245 0.776516 0.232799 2.30177
297000 1.29165 0.747017 0.25711 2.29578
297100 1.24621 0.757296 0.250469 2.25397
297200 1.21617 0.760602 0.24082 2.2176
297300 1.18739 0.763517 0.279786 2.2307
297400 1.17122 0.744073 0.30415 2.21945
297500 1.15062 0.749494 0.305887 2.206
297600 1.14664 0.735302 0.290684 2.17263
297700 1.15278 0.734071 0.287407 2.17425
297800 1.18932 0.710026 0.271265 2.17061
297900 1.20463 0.716863 0.258561 2.18005
298000 1.22596 0.697097 0.247211 2.17027
298100 1.27556 0.689506 0.26171 2.22677
298200 1.33724 0.663666 0.259129 2.26004
298300 1.32854 0.672938 0.250561 2.25204
298400 1.3335 0.676604 0.250636 2.26074
298500 1.32945 0.70987 0.248975 2.2883
298600 1.29341 0.714254 0.250182 2.25784
298700 1.26818 0.720821 0.266083 2.25509
298800 1.31482 0.699538 0.273729 2.28809
298900 1.34057 0.700068 0.273845 2.31448
299000 1.30644 0.681238 0.285487 2.27317
299100 1.28732 0.730833 0.293422 2.31157
299200 1.28843 0.744496 0.282211 2.31514
299300 1.26851 0.737321 0.303442 2.30927
299400 1.28991 0.710695 0.308301 2.30891
299500 1.32788 0.724832 0.266779 2.31949
299600 1.30875 0.728503 0.245358 2.28261
299700 1.26932 0.758918 0.258685 2.28693
299800 1.28932 0.762429 0.240961 2.29271
299900 1.29064 0.741605 0.227377 2.25962
300000 1.28942 0.688505 0.240324 2.21825
300100 1.28938 0.684572 0.246944 2.2209
300200 1.26059 0.667181 0.235047 2.16282
300300 1.19912 0.682516 0.252056 2.13369
300400 1.19877 0.678922 0.281495 2.15919
300500 1.21376 0.684741 0.270875 2.16938
300600 1.20615 0.69757 0.265883 2.1696
300700 1.21438 0.731069 0.259438 2.20488
300800 1.27144 0.745146 0.252458 2.26905
300900 1.28283 0.773857 0.231242 2.28793
301000 1.28151 0.773679 0.229817 2.28501
301100 1.32077 0.767007 0.236947 2.32473
301200 1.35755 0.767421 0.240167 2.36514
301300 1.37383 0.766145 0.251756 2.39173
301400 1.3921 0.760735 0.267868 2.4207
301500 1.37123 0.785244 0.245843 2.40231
301600 1.32802 0.795044 0.243828 2.36689
301700 1.30726 0.779158 0.256271 2.34269
301800 1.31517 0.777155 0.250287 2.34261
301900 1.29032 0.745546 0.250068 2.28594
302000 1.25135 0.709844 0.283909 2.2451
302100 1.24341 0.685342 0.272433 2.20119
302200 1.20741 0.6701 0.24728 2.12479
302300 1.18544 0.648202 0.243006 2.07664
302400 1.15702 0.641721 0.248036 2.04678
302500 1.1588 0.611745 0.227086 1.99764
302600 1.12584 0.609876 0.236691 1.97241
302700 1.12715 0.600638 0.234084 1.96187
302800 1.16234 0.627889 0.226099 2.01633
302900 1.20989 0.652325 0.207063 2.06928
303000 1.25024 0.697673 0.200994 2.14891
303100 1.29603 0.67526 0.200137 2.17142
303200 1.33377 0.692232 0.222051 2.24805
303300 1.37531 0.681056 0.22818 2.28454
303400 1.36078 0.715677 0.228043 2.3045
303500 1.36774 0.721435 0.227427 2.3166
303600 1.36992 0.732888 0.224899 2.32771
303700 1.38568 0.703506 0.215146 2.30434
303800 1.32253 0.709728 0.217534 2.24979
303900 1.30106 0.682407 0.230224 2.21369
304000 1.27888 0.683187 0.246495 2.20856
304100 1.21121 0.640989 0.233187 2.08539
304200 1.17049 0.653738 0.210601 2.03483
304300 1.18921 0.596516 0.210272 1.996
304400 1.17435 0.578374 0.224257 1.97699
304500 1.11194 0.574298 0.204099 1.89033
304600 1.08295 0.614529 0.203768 1.90125
304700 1.11239 0.609933 0.245095 1.96742
304800 1.12545 0.646765 0.247181 2.01939
304900 1.18494 0.675319 0.227653 2.08791
305000 1.23253 0.70593 0.237356 2.17581
305100 1.26864 0.686117 0.25732 2.21208
305200 1.26157 0.718828 0.251347 2.23175
305300 1.29758 0.705332 0.253324 2.25623
305400 1.30658 0.713303 0.265384 2.28527
305500 1.33953 0.703264 0.242595 2.28539
305600 1.35176 0.725167 0.223961 2.30089
305700 1.30929 0.701178 0.229735 2.24021
305800 1.24158 0.716134 0.233996 2.19171
305900 1.23583 0.706493 0.23712 2.17944
306000 1.21397 0.709636 0.236883 2.16049
306100 1.18666 0.707516 0.236616 2.13079
306200 1.17424 0.729973 0.245083 2.14929
306300 1.16908 0.692006 0.262765 2.12385
306400 1.11663 0.681303 0.265214 2.06315
306500 1.10263 0.652243 0.261012 2.01588
306600 1.15263 0.626843 0.258641 2.03811
306700 1.17506 0.62876 0.242829 2.04665
306800 1.17733 0.664986 0.216669 2.05899
306900 1.23223 0.661129 0.236529 2.12988
307000 1.25969 0.659237 0.257245 2.17617
307100 1.2433 0.656218 0.250956 2.15047
307200 1.25098 0.655497 0.251039 2.15752
307300 1.281 0.644275 0.272314 2.19759
307400 1.30126 0.640207 0.260421 2.20189
307500 1.26101 0.639518 0.239877 2.14041
307600 1.22469 0.637885 0.234128 2.0967
307700 1.1603 0.612318 0.254234 2.02685
307800 1.10573 0.602627 0.241721 1.95008
307900 1.04961 0.593805 0.234331 1.87775
308000 1.00041 0.564985 0.2425 1.80789
308100 0.956311 0.543164 0.238864 1.73834
308200 0.909205 0.518031 0.225978 1.65321
308300 0.838821 0.50581 0.228329 1.57296
308400 0.78727 0.503329 0.232029 1.52263
308500 0.770073 0.483491 0.23161 1.48517
308600 0.807736 0.460583 0.22143 1.48975
308700 0.848143 0.475662 0.215639 1.53944
308800 0.881715 0.494868 0.217218 1.5938
308900 0.894133 0.520422 0.222976 1.63753
309000 0.938241 0.572583 0.246287 1.75711
309100 0.990189 0.594558 0.29793 1.88268
309200 1.05539 0.580553 0.306567 1.94251
309300 1.1113 0.61275 0.275302 1.99935
309400 1.16906 0.611704 0.257425 2.03819
309500 1.19501 0.613593 0.250377 2.05898
309600 1.18972 0.618442 0.221039 2.02921
309700 1.18169 0.627423 0.230834 2.03994
309800 1.19812 0.613345 0.242424 2.05389
309900 1.1798 0.633627 0.22663 2.04006
310000 1.20835 0.633682 0.225155 2.06718
310100 1.22592 0.655631 0.249081 2.13063
310200 1.20894 0.661316 0.244903 2.11516
310300 1.18391 0.673229 0.245584 2.10272
310400 1.20268 0.622901 0.263978 2.08956
310500 1.17591 0.605731 0.257693 2.03933
310600 1.12792 0.596493 0.243132 1.96754
310700 1.09612 0.596155 0.255545 1.94782
310800 1.08725 0.571008 0.25261 1.91087
310900 1.07687 0.578812 0.243172 1.89886
311000 1.10506 0.583978 0.252212 1.94125
311100 1.11546 0.611351 0.258101 1.98491
311200 1.12818 0.609736 0.247706 1.98562
311300 1.1143 0.644582 0.25401 2.0129
311400 1.11026 0.650135 0.269764 2.03016
311500 1.08597 0.648695 0.253226 1.98789
311600 1.09061 0.620649 0.237651 1.94891
311700 1.07167 0.629585 0.241282 1.94253
311800 1.05311 0.610633 0.240147 1.90389
311900 1.03721 0.626033 0.229722 1.89296
312000 1.06464 0.604586 0.233234 1.90246
312100 1.08619 0.611669 0.2468 1.94466
312200 1.11165 0.596037 0.244608 1.9523
312300 1.11953 0.592348 0.240635 1.95251
312400 1.15215 0.574726 0.238621 1.96549
312500 1.13921 0.596086 0.237736 1.97303
312600 1.12309 0.591365 0.252366 1.96682
312700 1.15854 0.626852 0.265178 2.05057
312800 1.19551 0.676486 0.259091 2.13108
312900 1.20443 0.692546 0.256803 2.15378
313000 1.23964 0.683748 0.253317 2.17671
313100 1.28458 0.698402 0.242572 2.22556
313200 1.19298 0.693169 0.248589 2.13474
313300 1.10215 0.693856 0.254834 2.05084
313400 1.10529 0.676678 0.244394 2.02636
313500 1.09786 0.650253 0.234599 1.98272
313600 1.04145 0.627718 0.218 1.88717
313700 1.03044 0.604159 0.191415 1.82601
313800 1.04203 0.600007 0.188196 1.83023
313900 1.0053 0.620517 0.201814 1.82763
314000 1.01359 0.629887 0.202118 1.8456
314100 1.0844 0.618493 0.199656 1.90255
314200 1.09793 0.630492 0.209024 1.93744
314300 1.08778 0.659659 0.219945 1.96738
314400 1.09662 0.67597 0.224071 1.99666
314500 1.10639 0.682199 0.231304 2.01989
314600 1.09201 0.700607 0.235086 2.0277
314700 1.12628 0.698927 0.222705 2.04791
314800 1.16347 0.722057 0.20471 2.09024
314900 1.1852 0.726199 0.202259 2.11366
315000 1.2268 0.760337 0.196325 2.18346
315100 1.26216 0.778109 0.191105 2.23137
315200 1.24015 0.811733 0.201329 2.25321
315300 1.23516 0.793838 0.216985 2.24598
315400 1.24671 0.793 0.21009 2.2498
315500 1.22024 0.776559 0.199913 2.19671
315600 1.16735 0.79955 0.204628 2.17153
315700 1.15283 0.745174 0.214624 2.11263
315800 1.11194 0.730432 0.229186 2.07156
315900 1.07954 0.706608 0.237195 2.02335
316000 1.05959 0.69561 0.233349 1.98855
316100 1.05848 0.667492 0.227157 1.95313
316200 1.04952 0.701276 0.212805 1.9636
316300 1.07691 0.683851 0.214892 1.97565
316400 1.07992 0.721261 0.22053 2.02171
316500 1.13237 0.729013 0.210155 2.07154
316600 1.16871 0.762317 0.20225 2.13328
316700 1.19661 0.754014 0.216894 2.16752
316800 1.23242 0.799099 0.200157 2.23167
316900 1.27229 0.794457 0.182395 2.24915
317000 1.27459 0.801056 0.20941 2.28505
317100 1.28859 0.793813 0.236635 2.31904
317200 1.28434 0.829981 0.22158 2.33591
317300 1.28374 0.796224 0.222608 2.30257
317400 1.25838 0.815151 0.242446 2.31598
317500 1.28375 0.808767 0.238598 2.33112
317600 1.27191 0.804104 0.225402 2.30141
317700 1.26167 0.766084 0.226441 2.2542
317800 1.22852 0.760885 0.21885 2.20825
317900 1.20419 0.729654 0.216476 2.15032
318000 1.13584 0.70771 0.207674 2.05122
318100 1.09252 0.693327 0.20807 1.99392
318200 1.06328 0.743231 0.218682 2.02519
318300 1.0668 0.742549 0.20558 2.01492
318400 1.10949 0.738045 0.190905 2.03844
318500 1.20502 0.736277 0.207206 2.1485
318600 1.26679 0.774926 0.209685 2.2514
318700 1.31551 0.810512 0.202751 2.32877
318800 1.34381 0.840051 0.232396 2.41626
318900 1.40419 0.847535 0.232609 2.48433
319000 1.41112 0.854634 0.204877 2.47063
319100 1.42306 0.835926 0.214665 2.47365
319200 1.42572 0.827457 0.228505 2.48169
319300 1.40893 0.849683 0.20896 2.46758
319400 1.3575 0.85666 0.209428 2.42359
319500 1.35463 0.807693 0.222526 2.38485
319600 1.3257 0.761579 0.207711 2.29499
319700 1.24627 0.741239 0.191209 2.17871
319800 1.1669 0.730801 0.219374 2.11707
319900 1.12793 0.741823 0.236604 2.10636
320000 1.09255 0.746865 0.217857 2.05727
320100 1.07519 0.752187 0.204926 2.0323
320200 1.10595 0.748927 0.21333 2.06821
320300 1.18457 0.756714 0.212263 2.15355
320400 1.22808 0.758968 0.217832 2.20488
320500 1.24942 0.794405 0.235127 2.27895
320600 1.29836 0.814888 0.257158 2.3704
320700 1.38151 0.808832 0.255758 2.4461
320800 1.41188 0.790047 0.240651 2.44258
320900 1.43472 0.793479 0.243589 2.47179
321000 1.45561 0.796338 0.264883 2.51684
321100 1.41715 0.792993 0.265431 2.47558
321200 1.34481 0.788405 0.260218 2.39343
321300 1.35463 0.744273 0.251401 2.35031
321400 1.33592 0.68808 0.22665 2.25065
321500 1.25114 0.650701 0.207526 2.10937
321600 1.1531 0.637042 0.224339 2.01448
321700 1.08692 0.653835 0.243502 1.98426
321800 1.02049 0.638287 0.251471 1.91025
321900 1.01461 0.618699 0.252277 1.88559
322000 1.04422 0.62881 0.243827 1.91685
322100 1.06934 0.651328 0.226573 1.94724
322200 1.08486 0.684863 0.238182 2.00791
322300 1.12778 0.732302 0.258759 2.11884
322400 1.18507 0.751766 0.263849 2.20069
322500 1.25816 0.758647 0.256379 2.27319
322600 1.3439 0.751496 0.247853 2.34325
322700 1.38286 0.778761 0.233276 2.3949
322800 1.40531 0.807411 0.23675 2.44947
322900 1.42599 0.853132 0.250569 2.5297
323000 1.42193 0.8772 0.252355 2.55149
323100 1.41671 0.866041 0.261816 2.54457
323200 1.42829 0.823013 0.263331 2.51463
323300 1.36936 0.810517 0.237648 2.41753
323400 1.2949 0.787429 0.224502 2.30683
323500 1.23012 0.780669 0.242234 2.25303
323600 1.18004 0.749876 0.254851 2.18476
323700 1.13143 0.72028 0.239037 2.09075
323800 1.15667 0.677626 0.234534 2.06883
323900 1.17656 0.670652 0.239873 2.08709
324000 1.16839 0.692042 0.223006 2.08344
324100 1.16569 0.734799 0.227184 2.12767
324200 1.21892 0.727053 0.274041 2.22001
324300 1.25096 0.723788 0.277841 2.25259
324400 1.31402 0.690295 0.243127 2.24744
324500 1.38069 0.686142 0.246937 2.31377
324600 1.40217 0.6886 0.244629 2.3354
324700 1.3487 0.730295 0.221043 2.30003
324800 1.33783 0.751789 0.221908 2.31153
324900 1.2882 0.731471 0.252363 2.27203
325000 1.25507 0.693797 0.241204 2.19007
325100 1.22323 0.722239 0.213846 2.15931
325200 1.19501 0.697066 0.214679 2.10675
325300 1.13475 0.705228 0.215507 2.05549
325400 1.15472 0.701989 0.203194 2.0599
325500 1.14698 0.715881 0.21202 2.07488
325600 1.15191 0.674737 0.215142 2.04179
325700 1.18447 0.689223 0.207558 2.08125
325800 1.25755 0.696546 0.213277 2.16738
325900 1.23993 0.738836 0.223426 2.20219
326000 1.26922 0.755265 0.227445 2.25193
326100 1.31547 0.783597 0.234752 2.33382
326200 1.38527 0.766149 0.239229 2.39064
326300 1.39637 0.790645 0.237359 2.42437
326400 1.45013 0.780331 0.216988 2.44745
326500 1.44174 0.811179 0.220496 2.47342
326600 1.39889 0.8132 0.234326 2.44642
326700 1.33596 0.802619 0.250748 2.38932
326800 1.34093 0.769666 0.252305 2.3629
326900 1.27285 0.766412 0.26168 2.30094
327000 1.20157 0.748231 0.256874 2.20668
327100 1.1343 0.767509 0.244112 2.14592
327200 1.11819 0.754843 0.238364 2.11139
327300 1.08449 0.753247 0.245442 2.08318
327400 1.12862 0.72734 0.233961 2.08992
327500 1.17347 0.739967 0.240631 2.15407
327600 1.20864 0.733708 0.248818 2.19117
327700 1.2081 0.77003 0.239973 2.2181
327800 1.23224 0.801699 0.242401 2.27634
327900 1.26131 0.805621 0.259523 2.32646
328000 1.30552 0.772935 0.2385 2.31695
328100 1.32863 0.766588 0.225687 2.3209
328200 1.35754 0.745792 0.245993 2.34933
328300 1.35402 0.756029 0.255283 2.36534
328400 1.34728 0.748097 0.239482 2.33486
328500 1.31971 0.733715 0.263782 2.31721
328600 1.29611 0.697649 0.278206 2.27197
328700 1.21473 0.682178 0.264393 2.1613
328800 1.13894 0.666805 0.253366 2.05911
328900 1.11378 0.655073 0.249263 2.01812
329000 1.08977 0.654441 0.227859 1.97207
329100 1.07247 0.65721 0.215661 1.94534
329200 1.11468 0.649961 0.224487 1.98913
329300 1.14571 0.656467 0.241298 2.04347
329400 1.13247 0.668801 0.235924 2.03719
329500 1.14176 0.681715 0.233622 2.0571
329600 1.18974 0.679197 0.249059 2.11799
329700 1.20621 0.67183 0.247481 2.12552
329800 1.21729 0.70041 0.224971 2.14267
329900 1.2496 0.70993 0.223714 2.18325
330000 1.27742 0.722781 0.229143 2.22934
330100 1.32494 0.735972 0.218454 2.27936
330200 1.38121 0.749773 0.221506 2.35249
330300 1.38639 0.734849 0.241845 2.36308
330400 1.31381 0.737687 0.234783 2.28628
330500 1.2869 0.722695 0.236935 2.24653
330600 1.21642 0.732527 0.2515 2.20045
330700 1.12938 0.700005 0.256383 2.08577
330800 1.09191 0.694148 0.257483 2.04354
330900 1.11189 0.67885 0.271424 2.06217
331000 1.06954 0.690316 0.271799 2.03165
331100 1.06641 0.667451 0.250588 1.98445
331200 1.09281 0.694483 0.236765 2.02406
331300 1.11246 0.689665 0.221294 2.02342
331400 1.07181 0.675409 0.213366 1.96059
331500 1.09998 0.658123 0.206764 1.96486
331600 1.09952 0.684144 0.209847 1.99351
331700 1.07371 0.654724 0.213636 1.94207
331800 1.09897 0.681496 0.220403 2.00087
331900 1.22763 0.68557 0.225581 2.13879
332000 1.25007 0.698568 0.234217 2.18285
332100 1.30235 0.675039 0.243844 2.22123
332200 1.36092 0.725911 0.259633 2.34647
332300 1.35802 0.724482 0.265612 2.34811
332400 1.29728 0.727214 0.25093 2.27543
332500 1.33958 0.700799 0.226359 2.26674
332600 1.32506 0.729471 0.207387 2.26192
332700 1.27284 0.715167 0.200116 2.18813
332800 1.23386 0.786187 0.208045 2.22809
332900 1.27446 0.820595 0.217551 2.31261
333000 1.28282 0.812333 0.216807 2.31195
333100 1.36185 0.780659 0.223516 2.36602
333200 1.39534 0.842098 0.230999 2.46844
333300 1.39411 0.817439 0.230034 2.44158
333400 1.3189 0.832469 0.244232 2.3956
333500 1.35374 0.856278 0.248398 2.45841
333600 1.36244 0.863105 0.245668 2.47121
333700 1.39188 0.810922 0.238143 2.44095
333800 1.46277 0.853591 0.24807 2.56443
333900 1.50231 0.85541 0.253271 2.61099
334000 1.43778 0.866383 0.251288 2.55546
334100 1.46722 0.852152 0.244239 2.56361
334200 1.49271 0.868953 0.236369 2.59804
334300 1.46925 0.816018 0.221061 2.50633
334400 1.40629 0.842258 0.221541 2.47009
334500 1.39779 0.893441 0.220359 2.51159
334600 1.32983 0.884361 0.216741 2.43094
334700 1.30901 0.821303 0.225939 2.35625
334800 1.36297 0.794168 0.234514 2.39166
334900 1.37651 0.754985 0.221181 2.35267
335000 1.27596 0.754276 0.22476 2.25499
335100 1.23544 0.783697 0.238174 2.25732
335200 1.22978 0.819579 0.216967 2.26633
335300 1.18587 0.794112 0.20367 2.18365
335400 1.20031 0.766252 0.201053 2.16761
335500 1.30165 0.750516 0.178047 2.23022
335600 1.32328 0.735622 0.179212 2.23812
335700 1.2914 0.764749 0.214161 2.27031
335800 1.30651 0.835643 0.225766 2.36792
335900 1.35201 0.851207 0.221485 2.4247
336000 1.33601 0.822617 0.220752 2.37938
336100 1.36499 0.807592 0.205998 2.37858
336200 1.41409 0.793137 0.190553 2.39778
336300 1.36035 0.812219 0.199064 2.37163
336400 1.25171 0.825131 0.216386 2.29323
336500 1.21582 0.832289 0.216684 2.2648
336600 1.16518 0.785807 0.212652 2.16364
336700 1.10149 0.733767 0.212579 2.04784
336800 1.07411 0.701511 0.201561 1.97719
336900 1.05037 0.698596 0.201739 1.9507
337000 1.00341 0.676515 0.217901 1.89783
337100 1.00462 0.678421 0.219993 1.90304
337200 1.04783 0.676804 0.212369 1.937
337300 1.10179 0.686239 0.207708 1.99574
337400 1.16539 0.677858 0.216641 2.05988
337500 1.24974 0.715948 0.240455 2.20614
337600 1.24877 0.75914 0.267128 2.27504
337700 1.23084 0.79986 0.267119 2.29782
337800 1.28598 0.801943 0.258195 2.34612
337900 1.34122 0.797672 0.243672 2.38257
338000 1.34614 0.774126 0.23053 2.3508
338100 1.37347 0.792073 0.232418 2.39797
338200 1.38944 0.775192 0.270704 2.43534
338300 1.29766 0.817674 0.28678 2.40211
338400 1.2272 0.833986 0.262233 2.32342
338500 1.22869 0.812489 0.25117 2.29234
338600 1.20378 0.750267 0.24061 2.19466
338700 1.14227 0.727528 0.222907 2.0927
338800 1.1053 0.682151 0.239258 2.02671
338900 1.0494 0.690972 0.260503 2.00087
339000 1.01124 0.690746 0.24232 1.94431
339100 1.04428 0.691608 0.228814 1.9647
339200 1.12216 0.650725 0.241706 2.01459
339300 1.15642 0.657669 0.244466 2.05855
339400 1.17184 0.678675 0.251854 2.10237
339500 1.19723 0.750232 0.296095 2.24355
339600 1.24935 0.807859 0.303089 2.3603
339700 1.30823 0.848931 0.258492 2.41565
339800 1.42184 0.841706 0.244712 2.50826
339900 1.48217 0.863651 0.245998 2.59181
340000 1.49716 0.829635 0.237321 2.56411
340100 1.46457 0.829899 0.254637 2.5491
340200 1.41326 0.811048 0.275772 2.50008
340300 1.33434 0.787892 0.235627 2.35786
340400 1.29969 0.734135 0.197204 2.23103
340500 1.24869 0.721378 0.208249 2.17832
340600 1.18317 0.698685 0.218447 2.1003
340700 1.11034 0.726924 0.220356 2.05762
340800 1.11442 0.700363 0.248882 2.06367
340900 1.11296 0.685258 0.255184 2.05341
341000 1.1467 0.673313 0.22584 2.04585
341100 1.16793 0.682396 0.218923 2.06925
341200 1.19117 0.667389 0.241765 2.10033
341300 1.16401 0.73471 0.248838 2.14756
341400 1.19178 0.795856 0.240514 2.22815
341500 1.28349 0.822806 0.236523 2.34282
341600 1.4218 0.804192 0.215608 2.4416
341700 1.47986 0.84066 0.190621 2.51115
341800 1.51583 0.86374 0.203044 2.58261
341900 1.49272 0.876098 0.232918 2.60173
342000 1.44693 0.86229 0.252069 2.56129
342100 1.36618 0.837422 0.254262 2.45786
342200 1.34603 0.763311 0.235713 2.34505
342300 1.28621 0.711252 0.217206 2.21466
342400 1.2198 0.704308 0.217267 2.14138
342500 1.15843 0.71953 0.221419 2.09938
342600 1.13704 0.70497 0.240592 2.0826
342700 1.13179 0.714357 0.257925 2.10407
342800 1.19833 0.708499 0.241572 2.1484
342900 1.2132 0.692748 0.214744 2.12069
343000 1.23027 0.705225 0.221209 2.1567
343100 1.20062 0.759109 0.227082 2.18681
343200 1.20317 0.773918 0.227524 2.20461
343300 1.20849 0.774346 0.231763 2.2146
343400 1.30363 0.784223 0.230225 2.31807
343500 1.38474 0.781005 0.214687 2.38043
343600 1.41131 0.815447 0.215658 2.44241
343700 1.37847 0.893119 0.234551 2.50614
343800 1.3878 0.903501 0.241708 2.53301
343900 1.374 0.857385 0.235597 2.46698
344000 1.38507 0.817305 0.234462 2.43683
344100 1.37315 0.792581 0.21778 2.38351
344200 1.34754 0.741992 0.213083 2.30261
344300 1.26496 0.742146 0.225552 2.23266
344400 1.22087 0.78307 0.238016 2.24196
344500 1.21351 0.754992 0.246557 2.21506
344600 1.21601 0.725182 0.265875 2.20707
344700 1.19442 0.737869 0.255776 2.18806
344800 1.2209 0.703849 0.224289 2.14904
344900 1.20688 0.680894 0.220775 2.10855
345000 1.17927 0.727314 0.235752 2.14234
345100 1.18868 0.756739 0.231967 2.17739
345200 1.22686 0.749567 0.230851 2.20728
345300 1.28706 0.73441 0.235434 2.2569
345400 1.36856 0.761222 0.221585 2.35137
345500 1.40697 0.77845 0.202662 2.38809
345600 1.3939 0.812391 0.223664 2.42995
345700 1.36904 0.856294 0.234853 2.46019
345800 1.35541 0.851923 0.217204 2.42454
345900 1.34394 0.801641 0.220382 2.36597
346000 1.38612 0.777406 0.244693 2.40822
346100 1.37963 0.775193 0.241829 2.39665
346200 1.31952 0.769331 0.229205 2.31806
346300 1.29611 0.764646 0.2477 2.30845
346400 1.30173 0.769023 0.263852 2.3346
346500 1.24445 0.787815 0.238902 2.27116
346600 1.22367 0.781004 0.225808 2.23049
346700 1.2512 0.794749 0.238913 2.28486
346800 1.27231 0.798445 0.223973 2.29473
346900 1.22614 0.805806 0.197044 2.22899
347000 1.22292 0.812426 0.207254 2.2426
347100 1.25199 0.808479 0.233236 2.2937
347200 1.23304 0.804611 0.231761 2.26941
347300 1.20233 0.82558 0.227385 2.2553
347400 1.23779 0.791503 0.232266 2.26156
347500 1.24597 0.775112 0.217464 2.23855
347600 1.21789 0.802223 0.190855 2.21097
347700 1.23311 0.823057 0.191614 2.24778
347800 1.25501 0.805708 0.2159 2.27661
347900 1.24176 0.812291 0.231618 2.28567
348000 1.27924 0.804224 0.223921 2.30738
348100 1.32766 0.774036 0.219276 2.32097
348200 1.32091 0.761964 0.214995 2.29787
348300 1.32 0.784312 0.222709 2.32702
348400 1.31795 0.778552 0.236144 2.33265
348500 1.26724 0.762366 0.249521 2.27912
348600 1.28865 0.74436 0.252874 2.28588
348700 1.31882 0.757348 0.24213 2.31829
348800 1.28778 0.735002 0.253311 2.27609
348900 1.28022 0.746691 0.278472 2.30538
349000 1.30628 0.782483 0.293443 2.38221
349100 1.25292 0.817192 0.299858 2.36997
349200 1.23952 0.816484 0.313695 2.3697
349300 1.31607 0.839829 0.301497 2.4574
349400 1.3577 0.825 0.28244 2.46514
349500 1.32307 0.838204 0.276802 2.43808
349600 1.38922 0.881126 0.277642 2.54799
349700 1.45728 0.904823 0.287926 2.65003
349800 1.40031 0.895755 0.296987 2.59305
349900 1.39575 0.948596 0.282115 2.62646
350000 1.50748 0.920542 0.283814 2.71183
350100 1.47155 0.869128 0.319387 2.66006
350200 1.35488 0.873329 0.313026 2.54124
350300 1.37328 0.904718 0.279374 2.55737
350400 1.34296 0.858741 0.30193 2.50363
350500 1.23141 0.842195 0.304795 2.3784
350600 1.2407 0.855126 0.26272 2.35855
350700 1.2693 0.829161 0.267054 2.36552
350800 1.17776 0.784176 0.279377 2.24131
350900 1.13134 0.847104 0.265162 2.2436
351000 1.17045 0.897468 0.247826 2.31574
351100 1.16726 0.878202 0.248766 2.29423
351200 1.2072 0.869037 0.248007 2.32424
351300 1.34862 0.944629 0.234827 2.52808
351400 1.41006 0.955714 0.226921 2.59269
351500 1.41221 1.0111 0.26118 2.68449
351600 1.52076 1.10359 0.288788 2.91313
351700 1.59108 1.15737 0.278724 3.02717
351800 1.58562 1.05523 0.297171 2.93802
351900 1.66526 1.04032 0.340693 3.04628
352000 1.73566 1.0638 0.319227 3.11869
352100 1.59089 1.08527 0.293295 2.96946
352200 1.52469 1.07659 0.307296 2.90858
352300 1.56707 1.11332 0.30221 2.9826
352400 1.49507 1.00212 0.263023 2.76021
352500 1.38743 0.924154 0.255347 2.56693
352600 1.38416 0.892384 0.275628 2.55218
352700 1.32405 0.90523 0.260981 2.49026
352800 1.19728 0.87816 0.23018 2.30562
352900 1.17596 0.92809 0.237718 2.34176
353000 1.24834 0.890893 0.239784 2.37901
353100 1.23644 0.863624 0.221004 2.32107
353200 1.26303 0.849134 0.233469 2.34563
353300 1.35066 0.911844 0.254045 2.51655
353400 1.37591 0.908356 0.249093 2.53336
353500 1.36541 0.963897 0.25345 2.58276
353600 1.45929 0.941789 0.258843 2.65993
353700 1.53608 0.937561 0.241353 2.715
353800 1.53797 0.878634 0.241612 2.65822
353900 1.53757 0.92374 0.241559 2.70287
354000 1.54157 0.947579 0.214183 2.70333
354100 1.47443 0.986283 0.222213 2.68292
354200 1.44815 0.952661 0.250788 2.6516
354300 1.45287 0.971764 0.248871 2.67351
354400 1.39104 0.899342 0.255078 2.54546
354500 1.31082 0.870802 0.297292 2.47892
354600 1.29064 0.842161 0.263427 2.39623
354700 1.26111 0.859471 0.222894 2.34347
354800 1.20699 0.82435 0.235193 2.26653
354900 1.21521 0.851519 0.241363 2.30809
355000 1.26693 0.841768 0.203201 2.3119
355100 1.25983 0.831547 0.203196 2.29457
355200 1.32505 0.811845 0.234609 2.3715
355300 1.4189 0.846685 0.230634 2.49622
355400 1.40312 0.849161 0.229041 2.48132
355500 1.32993 0.904158 0.26092 2.495
355600 1.35468 0.919602 0.262431 2.53671
355700 1.39192 0.908371 0.243994 2.54428
355800 1.36969 0.880621 0.251094 2.5014
355900 1.41006 0.911713 0.241797 2.56357
356000 1.44347 0.932711 0.225693 2.60188
356100 1.40743 0.978513 0.242651 2.62859
356200 1.38107 0.985464 0.253177 2.61971
356300 1.42785 0.98925 0.241415 2.65851
356400 1.41651 0.96344 0.24114 2.62109
356500 1.38283 0.940928 0.255819 2.57958
356600 1.37286 0.956947 0.240272 2.57008
356700 1.33215 0.975407 0.219208 2.52677
356800 1.25564 0.929117 0.240337 2.42509
356900 1.28102 0.913937 0.246583 2.44154
357000 1.33904 0.895736 0.21817 2.45294
357100 1.37221 0.821025 0.235924 2.42916
357200 1.40489 0.835556 0.270893 2.51134
357300 1.4228 0.906318 0.278179 2.60729
357400 1.35002 0.950142 0.2717 2.57187
357500 1.32886 0.980735 0.278125 2.58772
357600 1.36987 1.00475 0.260926 2.63555
357700 1.39805 0.943769 0.240626 2.58245
357800 1.37224 0.924604 0.233785 2.53063
357900 1.3651 0.935974 0.244893 2.54597
358000 1.33593 0.977063 0.261517 2.57451
358100 1.30198 1.00468 0.265599 2.57226
358200 1.31092 1.02785 0.258158 2.59692
358300 1.34529 1.00205 0.256968 2.60431
358400 1.3345 1.02187 0.25767 2.61404
358500 1.34263 1.00017 0.261411 2.60421
358600 1.33688 1.01708 0.261152 2.61511
358700 1.34093 1.03444 0.250637 2.626
358800 1.36529 1.01612 0.254233 2.63564
358900 1.43989 0.941073 0.256595 2.63756
359000 1.43082 0.939412 0.246238 2.61647
359100 1.41567 0.896005 0.248759 2.56044
359200 1.35844 0.913239 0.281975 2.55366
359300 1.30825 0.973063 0.289463 2.57078
359400 1.29633 1.00976 0.275321 2.58141
359500 1.33834 0.94419 0.268788 2.55132
359600 1.39494 0.951726 0.278536 2.6252
359700 1.40011 0.955831 0.28578 2.64172
359800 1.34141 0.985247 0.288151 2.61481
359900 1.29765 1.02056 0.319928 2.63814
360000 1.26876 1.07283 0.336656 2.67824
360100 1.27993 1.04109 0.302237 2.62326
360200 1.31669 0.981679 0.281098 2.57947
360300 1.35552 0.946084 0.277778 2.57939
360400 1.31887 0.99551 0.261088 2.57546
360500 1.28395 1.00965 0.239787 2.53339
360600 1.2926 1.01783 0.261168 2.57159
360700 1.368 0.99691 0.273794 2.6387
360800 1.41506 0.950989 0.240611 2.60666
360900 1.40651 0.904079 0.218267 2.52885
361000 1.38702 0.931576 0.224848 2.54344
361100 1.37614 0.928251 0.236768 2.54116
361200 1.32616 0.924083 0.235847 2.48609
361300 1.30985 0.92388 0.235699 2.46942
361400 1.3296 0.908478 0.248073 2.48616
361500 1.32233 0.896115 0.2468 2.46524
361600 1.28376 0.926839 0.233734 2.44433
361700 1.26909 0.96295 0.230975 2.46301
361800 1.2563 0.958939 0.23965 2.45489
361900 1.23627 0.948794 0.24618 2.43124
362000 1.20737 0.938305 0.239315 2.38499
362100 1.18113 0.934335 0.212697 2.32816
362200 1.19482 0.934525 0.196156 2.3255
362300 1.20259 0.953582 0.201107 2.35728
362400 1.20848 0.951359 0.193782 2.35363
362500 1.21621 0.929869 0.186762 2.33285
362600 1.21615 0.914541 0.210225 2.34091
362700 1.17586 0.941803 0.21826 2.33593
362800 1.18343 0.947146 0.20231 2.33288
362900 1.22285 0.952484 0.198232 2.37357
363000 1.27105 0.934305 0.216793 2.42215
363100 1.30582 0.946317 0.233302 2.48544
363200 1.3678 0.95636 0.240728 2.56488
363300 1.38901 0.999255 0.25644 2.64471
363400 1.41583 1.03469 0.256369 2.70689
363500 1.49457 1.04828 0.23195 2.7748
363600 1.57722 1.04412 0.229253 2.85059
363700 1.57406 1.10258 0.238667 2.91531
363800 1.52446 1.10026 0.233442 2.85817
363900 1.52997 1.09482 0.231642 2.85644
364000 1.52609 1.10326 0.218511 2.84786
364100 1.50171 1.07595 0.205361 2.78303
364200 1.53195 1.03389 0.203479 2.76932
364300 1.5656 1.05663 0.219141 2.84137
364400 1.5071 1.08629 0.23425 2.82764
364500 1.43368 1.11654 0.239383 2.78961
364600 1.43406 1.11305 0.250706 2.79781
364700 1.42419 1.08125 0.237036 2.74248
364800 1.4076 1.03166 0.209566 2.64883
364900 1.43392 0.999675 0.204428 2.63802
365000 1.41898 0.998428 0.223107 2.64052
365100 1.33679 1.0449 0.221492 2.60318
365200 1.32882 1.05119 0.2115 2.59151
365300 1.41018 1.035 0.216064 2.66124
365400 1.48099 1.01706 0.231982 2.73003
365500 1.49791 1.04549 0.223122 2.76652
365600 1.49527 1.08244 0.22198 2.79969
365700 1.44635 1.10877 0.25401 2.80913
365800 1.38082 1.13028 0.27083 2.78193
365900 1.38023 1.11713 0.252311 2.74967
366000 1.46653 1.04441 0.254062 2.765
366100 1.53903 0.992529 0.270871 2.80243
366200 1.521 1.04433 0.25547 2.8208
366300 1.49394 1.11121 0.229201 2.83436
366400 1.5051 1.11205 0.234404 2.85155
366500 1.54905 1.10554 0.229889 2.88448
366600 1.59975 1.08398 0.205912 2.88964
366700 1.58491 1.06975 0.195216 2.84987
366800 1.5326 1.08001 0.218354 2.83097
366900 1.46359 1.09386 0.236552 2.794
367000 1.38609 1.06513 0.252719 2.70394
367100 1.3475 1.00976 0.266543 2.6238
367200 1.38462 0.963592 0.270808 2.61902
367300 1.36663 0.967158 0.248131 2.58192
367400 1.31644 0.996144 0.266993 2.57957
367500 1.32942 0.990353 0.302945 2.62272
367600 1.32592 0.971884 0.306502 2.60431
367700 1.27085 0.956356 0.287979 2.51518
367800 1.29093 0.931602 0.276333 2.49886
367900 1.3545 0.864755 0.266117 2.48537
368000 1.34541 0.83891 0.236 2.42032
368100 1.2859 0.877883 0.230635 2.39441
368200 1.26123 0.923479 0.268104 2.45281
368300 1.27285 0.920608 0.304702 2.49816
368400 1.27213 0.950572 0.294968 2.51767
368500 1.32103 0.974283 0.300545 2.59586
368600 1.40621 0.95596 0.305699 2.66787
368700 1.40333 0.953123 0.293709 2.65017
368800 1.34693 0.992331 0.293007 2.63227
368900 1.35159 1.03058 0.326997 2.70916
369000 1.3974 0.985385 0.337662 2.72045
369100 1.41382 0.948932 0.311836 2.67458
369200 1.46154 0.94157 0.295827 2.69894
369300 1.4788 0.936777 0.30196 2.71753
369400 1.41468 0.958322 0.299528 2.67253
369500 1.33264 1.03768 0.305329 2.67566
369600 1.34795 1.03717 0.305865 2.69098
369700 1.34537 0.989551 0.295321 2.63025
369800 1.3317 0.945402 0.277522 2.55463
369900 1.30042 0.928977 0.251218 2.48062
370000 1.28043 0.906239 0.233701 2.42037
370100 1.30655 0.921724 0.230926 2.4592
370200 1.38649 0.935177 0.251826 2.57349
370300 1.45739 0.962692 0.256533 2.67662
370400 1.50906 1.02988 0.227649 2.76659
370500 1.59512 1.08516 0.238951 2.91923
370600 1.68888 1.11891 0.264311 3.0721
370700 1.71285 1.20625 0.253729 3.17283
370800 1.75805 1.18858 0.251802 3.19844
370900 1.84667 1.11599 0.282197 3.24485
371000 1.83272 1.10587 0.268182 3.20677
371100 1.74339 1.10432 0.271346 3.11907
371200 1.70118 1.04737 0.300246 3.04879
371300 1.61606 1.03455 0.273419 2.92403
371400 1.49297 0.985914 0.243138 2.72202
371500 1.46171 0.925516 0.282434 2.66966
371600 1.44865 0.884157 0.288252 2.62106
371700 1.34821 0.879741 0.265871 2.49382
371800 1.30143 0.871855 0.283478 2.45677
371900 1.35008 0.861273 0.279105 2.49046
372000 1.38306 0.800811 0.245358 2.42923
372100 1.3744 0.811345 0.244405 2.43015
372200 1.40541 0.880581 0.247974 2.53397
372300 1.43524 0.88656 0.24976 2.57156
372400 1.49831 0.885835 0.261477 2.64562
372500 1.61125 0.973933 0.267092 2.85227
372600 1.70752 0.978059 0.265194 2.95078
372700 1.74273 1.01694 0.266663 3.02634
372800 1.76332 1.09343 0.251125 3.10788
372900 1.75454 1.11014 0.240907 3.10559
373000 1.70113 1.05145 0.236106 2.98869
373100 1.68985 1.03854 0.226346 2.95473
373200 1.66135 0.970878 0.19366 2.82589
373300 1.54051 0.938128 0.185916 2.66456
373400 1.44848 0.936549 0.204509 2.58953
373500 1.40158 0.90855 0.22797 2.5381
373600 1.3359 0.857879 0.246683 2.44046
373700 1.27284 0.851046 0.278897 2.40278
373800 1.26837 0.80575 0.299672 2.3738
373900 1.27105 0.802133 0.293444 2.36663
374000 1.22357 0.789729 0.280398 2.2937
374100 1.24214 0.792686 0.269288 2.30412
374200 1.28053 0.808405 0.25797 2.3469
374300 1.30311 0.836175 0.248054 2.38734
374400 1.38653 0.855846 0.226618 2.46899
374500 1.53614 0.89824 0.206051 2.64043
374600 1.60979 0.948079 0.210791 2.76866
374700 1.65094 1.00697 0.223226 2.88114
374800 1.72222 1.07453 0.217056 3.01381
374900 1.74661 1.14196 0.217411 3.10598
375000 1.71785 1.17023 0.209775 3.09785
375100 1.7809 1.19449 0.200929 3.17631
375200 1.82376 1.16659 0.19776 3.18811
375300 1.75478 1.12713 0.203776 3.08569
375400 1.61096 1.15426 0.206574 2.97179
375500 1.52663 1.13908 0.246041 2.91176
375600 1.41916 1.06732 0.265883 2.75236
375700 1.31237 0.996686 0.249389 2.55845
375800 1.28706 0.937727 0.252404 2.47719
375900 1.26059 0.925692 0.266255 2.45254
376000 1.16729 0.952819 0.262414 2.38252
376100 1.1811 0.972555 0.256373 2.41003
376200 1.25641 0.984947 0.243208 2.48456
376300 1.33118 0.945319 0.221916 2.49842
376400 1.43082 0.91985 0.215839 2.56651
376500 1.55985 0.972905 0.222601 2.75535
376600 1.59153 1.04389 0.218652 2.85408
376700 1.60206 1.07332 0.211861 2.88725
376800 1.67419 1.09071 0.213223 2.97813
376900 1.73011 1.07283 0.208238 3.01117
377000 1.71948 1.0631 0.192571 2.97515
377100 1.73253 1.08671 0.207044 3.02629
377200 1.70551 1.14375 0.228289 3.07755
377300 1.61085 1.18437 0.238971 3.03419
377400 1.58074 1.14225 0.251035 2.97403
377500 1.6511 1.05407 0.265824 2.97099
377600 1.6561 0.986327 0.260726 2.90316
377700 1.57193 1.0135 0.260122 2.84555
377800 1.51216 1.04987 0.245866 2.8079
377900 1.43627 1.07788 0.228004 2.74216
378000 1.37686 1.0747 0.216709 2.66827
378100 1.41211 1.04353 0.198006 2.65364
378200 1.45916 1.00275 0.190013 2.65192
378300 1.49019 1.03711 0.216348 2.74365
378400 1.5266 1.08854 0.233533 2.84867
378500 1.5612 1.13564 0.237369 2.93422
378600 1.58001 1.12282 0.265975 2.96881
378700 1.63901 1.09919 0.282937 3.02114
378800 1.73692 1.08465 0.27391 3.09548
378900 1.78607 1.12753 0.279096 3.19269
379000 1.80983 1.17435 0.27886 3.26304
379100 1.86115 1.23379 0.249774 3.34471
379200 1.9351 1.24799 0.246212 3.4293
379300 1.9618 1.21328 0.249277 3.42436
379400 1.98823 1.12371 0.218224 3.33016
379500 1.97848 1.11602 0.212444 3.30694
379600 1.85332 1.13798 0.249573 3.24088
379700 1.70782 1.18315 0.265129 3.1561
379800 1.65618 1.18687 0.260166 3.10322
379900 1.64214 1.18975 0.28217 3.11406
380000 1.65382 1.13513 0.307067 3.09601
380100 1.69632 1.12684 0.3025 3.12566
380200 1.74576 1.13697 0.293197 3.17593
380300 1.69218 1.19564 0.278672 3.16648
380400 1.65021 1.24099 0.264247 3.15545
380500 1.68225 1.25404 0.241934 3.17822
380600 1.71816 1.18582 0.213187 3.11717
380700 1.70486 1.156 0.198323 3.05918
380800 1.72628 1.1255 0.21603 3.0678
380900 1.75286 1.128 0.251724 3.13258
381000 1.72514 1.1515 0.274492 3.15113
381100 1.72638 1.21345 0.257319 3.19715
381200 1.82532 1.21555 0.238984 3.27985
381300 1.85706 1.19967 0.238217 3.29495
381400 1.87478 1.19271 0.234156 3.30165
381500 1.90542 1.2171 0.235569 3.35809
381600 1.91841 1.24348 0.258406 3.4203
381700 1.86742 1.27706 0.274878 3.41936
381800 1.84861 1.3047 0.268277 3.42159
381900 1.82798 1.30967 0.246331 3.38399
382000 1.82106 1.2819 0.258859 3.36182
382100 1.83971 1.2834 0.292465 3.41557
382200 1.85289 1.29164 0.293306 3.43783
382300 1.83342 1.27952 0.278544 3.39148
382400 1.85038 1.27241 0.299174 3.42196
382500 1.82806 1.27518 0.306428 3.40967
382600 1.77889 1.25592 0.282343 3.31716
382700 1.70613 1.22469 0.277026 3.20785
382800 1.67127 1.20075 0.305888 3.17791
382900 1.63263 1.14798 0.307891 3.0885
383000 1.58615 1.11176 0.298756 2.99667
383100 1.5512 1.07264 0.296003 2.91984
383200 1.56872 1.05045 0.307063 2.92623
383300 1.5563 1.05115 0.29797 2.90542
383400 1.5573 1.05156 0.280267 2.88913
383500 1.62929 1.02057 0.269492 2.91935
383600 1.69506 1.05632 0.27452 3.0259
383700 1.68359 1.08043 0.255735 3.01976
383800 1.69947 1.09594 0.243711 3.03912
383900 1.72825 1.12782 0.259932 3.11601
384000 1.72816 1.09895 0.277192 3.1043
384100 1.73173 1.03358 0.264064 3.02938
384200 1.74166 1.04365 0.255 3.0403
384300 1.68564 1.06016 0.27325 3.01905
384400 1.6048 1.0143 0.281139 2.90024
384500 1.57177 0.995239 0.284076 2.85109
384600 1.56701 0.963736 0.309489 2.84023
384700 1.54233 0.899504 0.306809 2.74864
384800 1.53622 0.900289 0.279333 2.71584
384900 1.55284 0.916094 0.274854 2.74379
385000 1.54816 0.942288 0.286774 2.77722
385100 1.55297 0.963853 0.288543 2.80537
385200 1.6106 0.971611 0.29796 2.88017
385300 1.66464 0.953529 0.305151 2.92332
385400 1.69081 0.955177 0.291617 2.9376
385500 1.70526 0.954189 0.278598 2.93804
385600 1.71699 0.987387 0.260113 2.96449
385700 1.69312 0.996011 0.245666 2.9348
385800 1.69619 0.998806 0.264035 2.95903
385900 1.7502 0.988995 0.258596 2.99779
386000 1.75785 1.01499 0.230031 3.00288
386100 1.72479 1.02726 0.251039 3.00309
386200 1.69357 1.06392 0.283093 3.04059
386300 1.62486 1.07578 0.265194 2.96583
386400 1.56726 1.04585 0.263385 2.87649
386500 1.55838 0.970756 0.275458 2.80459
386600 1.50758 0.945772 0.248258 2.70161
386700 1.42962 0.909381 0.229205 2.5682
386800 1.3995 0.898164 0.248146 2.54581
386900 1.37925 0.884003 0.260897 2.52415
387000 1.33608 0.900195 0.263697 2.49997
387100 1.36439 0.860933 0.277203 2.50252
387200 1.42959 0.852671 0.27436 2.55662
387300 1.45295 0.85424 0.257641 2.56484
387400 1.43238 0.903245 0.264217 2.59984
387500 1.4423 0.931262 0.259461 2.63303
387600 1.48787 0.993167 0.248144 2.72918
387700 1.54325 0.982272 0.258078 2.7836
387800 1.60274 0.999996 0.245829 2.84857
387900 1.67225 1.00654 0.230287 2.90907
388000 1.64136 1.0452 0.246649 2.93322
388100 1.56799 1.06818 0.262703 2.89887
388200 1.5515 1.13907 0.249897 2.94047
388300 1.56456 1.15612 0.240061 2.96074
388400 1.54766 1.13438 0.269366 2.9514
388500 1.55404 1.07647 0.277056 2.90757
388600 1.57195 1.07532 0.282472 2.92974
388700 1.54869 1.04635 0.305746 2.90078
388800 1.53676 1.07498 0.301663 2.9134
388900 1.57961 1.12119 0.267197 2.968
389000 1.6258 1.13181 0.257164 3.01477
389100 1.65487 1.06553 0.25416 2.97456
389200 1.63824 1.06549 0.243432 2.94716
389300 1.58402 1.06009 0.256899 2.90101
389400 1.51546 1.05249 0.279841 2.84779
389500 1.4831 1.04563 0.253051 2.78178
389600 1.49422 1.0379 0.238349 2.77047
389700 1.50545 0.941521 0.246909 2.69389
389800 1.49136 0.910875 0.250111 2.65235
389900 1.45797 0.934753 0.258984 2.6517
390000 1.40841 0.958166 0.266385 2.63296
390100 1.40522 0.960429 0.243055 2.6087
390200 1.48418 0.979278 0.222652 2.68611
390300 1.56442 0.948953 0.215168 2.72855
390400 1.58076 0.956289 0.212418 2.74947
390500 1.58216 0.950502 0.234594 2.76726
390600 1.57865 0.96976 0.27543 2.82384
390700 1.5293 1.01605 0.281829 2.82718
390800 1.50865 0.988851 0.263128 2.76063
390900 1.58093 0.91981 0.259958 2.76069
391000 1.57655 0.918678 0.254165 2.74939
391100 1.46412 0.931072 0.256116 2.65131
391200 1.39006 0.940261 0.268652 2.59897
391300 1.41266 0.935438 0.279874 2.62797
391400 1.41324 0.917898 0.256609 2.58775
391500 1.4135 0.892065 0.2264 2.53196
391600 1.45311 0.876939 0.214724 2.54477
391700 1.45932 0.88765 0.244371 2.59134
391800 1.40182 0.938569 0.254433 2.59482
391900 1.43481 0.979887 0.237955 2.65265
392000 1.56984 0.971813 0.233823 2.77547
392100 1.62182 0.950338 0.2258 2.79796
392200 1.62309 0.978162 0.21706 2.81831
392300 1.68861 1.01504 0.257785 2.96144
392400 1.68196 1.05623 0.297271 3.03546
392500 1.6249 1.10065 0.280857 3.00641
392600 1.71443 1.08026 0.251775 3.04646
392700 1.78706 1.07426 0.233213 3.09453
392800 1.70709 1.04105 0.201596 2.94974
392900 1.64264 1.02854 0.200574 2.87176
393000 1.63676 1.06003 0.236708 2.93349
393100 1.55356 1.02324 0.261226 2.83803
393200 1.45911 0.941048 0.23586 2.63602
393300 1.45293 0.929985 0.228588 2.61151
393400 1.40412 0.901274 0.241127 2.54652
393500 1.29435 0.880065 0.236724 2.41114
393600 1.25185 0.905137 0.243824 2.40081
393700 1.27804 0.902398 0.280641 2.46108
393800 1.29499 0.895044 0.276057 2.46609
393900 1.34873 0.923793 0.246467 2.51899
394000 1.45431 0.956127 0.252689 2.66313
394100 1.5176 1.00202 0.277617 2.79724
394200 1.5577 1.06464 0.272005 2.89434
394300 1.65233 1.10142 0.277015 3.03076
394400 1.71711 1.1006 0.29305 3.11076
394500 1.76615 1.09778 0.300618 3.16455
394600 1.84042 1.10003 0.272925 3.21338
394700 1.82609 1.11724 0.251879 3.19521
394800 1.74265 1.10803 0.249651 3.10033
394900 1.70568 1.07732 0.259612 3.04262
395000 1.66558 1.05177 0.244624 2.96198
395100 1.57453 1.01715 0.243734 2.83542
395200 1.5159 0.975983 0.245703 2.73759
395300 1.49456 0.953297 0.239632 2.68749
395400 1.44547 0.946134 0.246296 2.6379
395500 1.41788 0.939914 0.264133 2.62193
395600 1.42294 0.967899 0.265298 2.65614
395700 1.4441 0.980285 0.258212 2.6826
395800 1.46862 0.991241 0.256223 2.71609
395900 1.524 1.00287 0.233152 2.76002
396000 1.56475 1.00378 0.219689 2.78821
396100 1.59054 0.963687 0.243816 2.79804
396200 1.63787 0.994415 0.249302 2.88159
396300 1.69607 1.02255 0.22244 2.94106
396400 1.69407 1.04717 0.226576 2.96782
396500 1.72677 1.07911 0.22469 3.03057
396600 1.78575 1.10622 0.219264 3.11123
396700 1.79203 1.1021 0.242761 3.13689
396800 1.72529 1.10243 0.269824 3.09754
396900 1.6904 1.0758 0.267224 3.03343
397000 1.62991 1.05277 0.259497 2.94218
397100 1.54936 1.02143 0.254819 2.82561
397200 1.50578 0.983182 0.237085 2.72605
397300 1.53679 0.911717 0.224253 2.67276
397400 1.50701 0.908917 0.232936 2.64887
397500 1.44417 0.919984 0.231453 2.5956
397600 1.40707 0.926634 0.222887 2.55659
397700 1.42033 0.917377 0.227416 2.56513
397800 1.4371 0.905265 0.238546 2.58091
397900 1.43713 0.892867 0.236602 2.5666
398000 1.45064 0.897662 0.236078 2.58438
398100 1.48609 0.918688 0.24884 2.65362
398200 1.505 0.966501 0.286475 2.75798
398300 1.54903 1.01544 0.307994 2.87246
398400 1.65836 1.01469 0.305678 2.97873
398500 1.76685 0.992664 0.309143 3.06865
398600 1.77486 0.976437 0.324902 3.0762
398700 1.76544 1.02249 0.304335 3.09226
398800 1.7595 1.05643 0.280113 3.09604
398900 1.73592 1.04292 0.290941 3.06979
399000 1.71281 1.05058 0.290006 3.05339
399100 1.72873 1.04106 0.261994 3.03178
399200 1.71101 0.977704 0.254296 2.94301
399300 1.68435 0.975144 0.2577 2.91719
399400 1.62556 1.01968 0.247009 2.89225
399500 1.58034 1.03264 0.250422 2.8634
399600 1.55294 1.00901 0.261637 2.82359
399700 1.55192 0.973766 0.252361 2.77805
399800 1.5405 0.942452 0.23791 2.72086
399900 1.5147 0.950736 0.230569 2.69601
400000 1.48355 0.952158 0.224958 2.66067
400100 1.47245 0.975379 0.2212 2.66903
400200 1.48267 0.99074 0.216123 2.68953
400300 1.48539 0.953153 0.20945 2.64799
400400 1.55257 0.910009 0.205966 2.66854
400500 1.60836 0.92883 0.206788 2.74397
400600 1.57429 0.975074 0.202014 2.75138
400700 1.5783 1.02364 0.218296 2.82023
400800 1.65155 1.03251 0.239905 2.92396
400900 1.69439 1.04295 0.238351 2.97569
401000 1.71804 1.03526 0.216686 2.96998
401100 1.74979 1.04924 0.231169 3.0302
401200 1.73373 1.07144 0.243057 3.04824
401300 1.67274 1.10399 0.224661 3.00138
401400 1.64718 1.11234 0.244564 3.00409
401500 1.64395 1.08458 0.288187 3.01671
401600 1.63335 1.05023 0.293795 2.97738
401700 1.59443 1.05324 0.296322 2.94399
401800 1.56 1.06875 0.342297 2.97105
401900 1.52775 1.10704 0.352868 2.98767
402000 1.54013 1.09504 0.31343 2.9486
402100 1.61661 1.0624 0.297418 2.97642
402200 1.73208 1.04229 0.265848 3.04021
402300 1.78061 1.05661 0.234672 3.07189
402400 1.80575 1.10448 0.230201 3.14043
402500 1.80542 1.16031 0.245252 3.21098
402600 1.83454 1.1761 0.257042 3.26768
402700 1.86719 1.19414 0.282554 3.34388
402800 1.9238 1.18617 0.276073 3.38605
402900 1.92077 1.18573 0.243842 3.35034
403000 1.89791 1.20426 0.247415 3.34958
403100 1.86777 1.22229 0.271488 3.36155
403200 1.81089 1.21519 0.270076 3.29615
403300 1.75262 1.16387 0.277907 3.1944
403400 1.74813 1.10687 0.274021 3.12902
403500 1.74898 1.07406 0.250916 3.07395
403600 1.71616 1.04849 0.232241 2.99689
403700 1.69848 1.05822 0.251436 3.00814
403800 1.72499 1.10555 0.271584 3.10213
403900 1.73547 1.12096 0.264901 3.12133
404000 1.80058 1.14076 0.244999 3.18634
404100 1.92879 1.13263 0.236878 3.2983
404200 1.98439 1.1371 0.244838 3.36633
404300 1.93244 1.18816 0.273735 3.39433
404400 1.88125 1.21604 0.304593 3.40189
404500 1.87996 1.22453 0.312557 3.41705
404600 1.85746 1.20405 0.287562 3.34907
404700 1.84692 1.1768 0.250599 3.27431
404800 1.87964 1.16265 0.219307 3.2616
404900 1.83633 1.1705 0.227456 3.23429
405000 1.72947 1.20385 0.258965 3.19228
405100 1.67168 1.24703 0.267848 3.18655
405200 1.68109 1.25338 0.250674 3.18515
405300 1.69272 1.18486 0.250458 3.12804
405400 1.72196 1.15176 0.217484 3.09121
405500 1.75815 1.18194 0.205686 3.14577
405600 1.75618 1.2116 0.244798 3.21258
405700 1.78868 1.24211 0.276491 3.30728
405800 1.88302 1.30475 0.261347 3.44912
405900 1.94321 1.26363 0.263625 3.47047
406000 1.94554 1.22899 0.263837 3.43837
406100 1.97255 1.19051 0.266005 3.42907
406200 1.93321 1.16433 0.283311 3.38085
406300 1.82645 1.18104 0.301971 3.30945
406400 1.74512 1.20731 0.297019 3.24945
406500 1.71757 1.175 0.270932 3.1635
406600 1.66277 1.14786 0.230902 3.04154
406700 1.64378 1.11632 0.218658 2.97876
406800 1.66572 1.0822 0.249634 2.99755
406900 1.60124 1.08008 0.277423 2.95874
407000 1.48656 1.1108 0.298259 2.89562
407100 1.47472 1.09302 0.323244 2.89098
407200 1.51198 1.02649 0.303922 2.84239
407300 1.52046 0.979467 0.259941 2.75987
407400 1.54426 0.987471 0.258229 2.78996
407500 1.55908 1.07092 0.293887 2.92389
407600 1.56121 1.14073 0.300137 3.00208
407700 1.60326 1.1842 0.299401 3.08686
407800 1.70764 1.18681 0.291705 3.18615
407900 1.77092 1.13984 0.289686 3.20044
408000 1.74795 1.09073 0.266938 3.10562
408100 1.67457 1.09479 0.255966 3.02532
408200 1.56859 1.11796 0.279138 2.96568
408300 1.50385 1.14484 0.287996 2.93668
408400 1.51079 1.12027 0.260124 2.89119
408500 1.55944 1.09592 0.240473 2.89583
408600 1.64457 1.08752 0.254411 2.9865
408700 1.70734 1.12141 0.284047 3.1128
408800 1.7074 1.17027 0.310646 3.18832
408900 1.70508 1.25128 0.312862 3.26923
409000 1.74183 1.26498 0.307298 3.31411
409100 1.78263 1.21587 0.290003 3.28851
409200 1.83799 1.15681 0.246939 3.24174
409300 1.82733 1.16555 0.241053 3.23393
409400 1.76311 1.16573 0.282083 3.21092
409500 1.71136 1.19771 0.292 3.20107
409600 1.69632 1.20707 0.281434 3.18482
409700 1.6951 1.17609 0.262265 3.13345
409800 1.70909 1.11279 0.252926 3.07481
409900 1.69897 1.12812 0.24799 3.07509
410000 1.68529 1.13923 0.255768 3.08029
410100 1.63486 1.17542 0.261485 3.07177
410200 1.6139 1.19343 0.269861 3.0772
410300 1.65387 1.19577 0.25397 3.10361
410400 1.68823 1.1723 0.232904 3.09344
410500 1.69497 1.16533 0.239724 3.10002
410600 1.74288 1.19672 0.284768 3.22437
410700 1.77795 1.27352 0.314242 3.36571
410800 1.77382 1.30439 0.314199 3.39241
410900 1.81413 1.32805 0.305948 3.44812
411000 1.92408 1.2789 0.287226 3.49021
411100 1.94902 1.25263 0.246844 3.44849
411200 1.9118 1.24227 0.2323 3.38637
411300 1.8965 1.23718 0.250843 3.38453
411400 1.84686 1.22544 0.271381 3.34368
411500 1.74148 1.2287 0.269786 3.23996
411600 1.71335 1.21073 0.247156 3.17124
411700 1.72439 1.16859 0.234166 3.12714
411800 1.67672 1.14763 0.265179 3.08953
411900 1.62753 1.17472 0.276608 3.07886
412000 1.67691 1.19498 0.259419 3.13131
412100 1.72543 1.19174 0.272251 3.18942
412200 1.72477 1.23887 0.28692 3.25056
412300 1.76526 1.29359 0.249132 3.30798
412400 1.83191 1.29617 0.244472 3.37254
412500 1.87882 1.28781 0.279095 3.44573
412600 1.92192 1.32874 0.289412 3.54007
412700 1.95002 1.34613 0.282703 3.57885
412800 1.90571 1.3421 0.286598 3.5344
412900 1.86655 1.32639 0.276883 3.46982
413000 1.85836 1.2961 0.259244 3.4137
413100 1.84396 1.20857 0.255652 3.30818
413200 1.77718 1.19995 0.251628 3.22876
413300 1.72657 1.21951 0.260484 3.20656
413400 1.65242 1.24019 0.278173 3.17078
413500 1.60953 1.22778 0.264504 3.10182
413600 1.65376 1.14428 0.241335 3.03937
413700 1.69533 1.08281 0.224924 3.00306
413800 1.63375 1.114 0.2172 2.96495
413900 1.59092 1.12106 0.237137 2.94912
414000 1.58951 1.10662 0.271375 2.96751
414100 1.62961 1.0721 0.2643 2.96601
414200 1.67484 1.0234 0.238847 2.93708
414300 1.7751 0.956142 0.24275 2.97399
414400 1.82105 0.973675 0.246043 3.04076
414500 1.85878 1.02513 0.258674 3.14258
414600 1.87842 1.0922 0.285771 3.25639
414700 1.92641 1.07575 0.290257 3.29241
414800 1.97505 1.035 0.279675 3.28973
414900 2.01517 0.956921 0.275895 3.24799
415000 1.94904 0.961049 0.264723 3.17481
415100 1.84358 0.954314 0.275499 3.07339
415200 1.75156 0.948184 0.313389 3.01314
415300 1.67847 0.935263 0.313373 2.9271
415400 1.61491 0.897292 0.277121 2.78932
415500 1.64481 0.841827 0.277522 2.76416
415600 1.64693 0.852227 0.298845 2.79801
415700 1.57987 0.890665 0.283565 2.7541
415800 1.53917 0.96137 0.29326 2.7938
415900 1.61613 0.984152 0.326356 2.92664
416000 1.66916 0.954692 0.30947 2.93332
416100 1.72961 0.928719 0.286336 2.94467
416200 1.80909 0.943534 0.332407 3.08503
416300 1.83665 0.949789 0.358842 3.14528
416400 1.81691 1.01643 0.331589 3.16492
416500 1.89941 1.04117 0.347931 3.28851
416600 1.9755 1.02128 0.351196 3.34798
416700 1.98515 0.975073 0.314619 3.27485
416800 1.9781 0.980814 0.30908 3.26799
416900 1.95393 0.967895 0.31953 3.24136
417000 1.84255 0.970267 0.306989 3.1198
417100 1.78222 0.951807 0.311078 3.04511
417200 1.73691 0.953379 0.321759 3.01205
417300 1.69807 0.942302 0.312114 2.95249
417400 1.69402 0.930625 0.297196 2.92184
417500 1.71275 0.939774 0.315478 2.968
417600 1.71883 0.987104 0.326544 3.03248
417700 1.71063 1.05039 0.319028 3.08005
417800 1.75638 1.08754 0.304466 3.14839
417900 1.81455 1.05092 0.309469 3.17494
418000 1.83058 1.01893 0.280257 3.12976
418100 1.82077 0.989513 0.243097 3.05338
418200 1.84385 0.928982 0.269717 3.04255
418300 1.82944 0.926645 0.286121 3.04221
418400 1.74315 0.957947 0.252443 2.95354
418500 1.69078 0.930583 0.267185 2.88854
418600 1.66395 0.896351 0.291027 2.85133
418700 1.60577 0.903867 0.24992 2.75956
418800 1.55075 0.871644 0.243243 2.66563
418900 1.53899 0.849743 0.279751 2.66848
419000 1.54566 0.879862 0.264047 2.68957
419100 1.52671 0.91252 0.253949 2.69318
419200 1.54311 0.930281 0.286145 2.75954
419300 1.59723 0.9773 0.279607 2.85414
419400 1.68583 0.971843 0.256972 2.91465
419500 1.72711 0.995612 0.263837 2.98656
419600 1.74567 1.08942 0.261536 3.09663
419700 1.81007 1.14384 0.25205 3.20595
419800 1.8635 1.10357 0.262247 3.22932
419900 1.87871 1.12439 0.258489 3.26159
420000 1.9349 1.09092 0.240744 3.26656
420100 1.94761 1.01738 0.257682 3.22267
420200 1.86933 0.994072 0.278457 3.14186
420300 1.78346 1.00947 0.275493 3.06842
420400 1.71168 0.962547 0.282493 2.95672
420500 1.62601 0.914278 0.30061 2.84089
420600 1.60231 0.849856 0.296222 2.74839
420700 1.57698 0.815111 0.265656 2.65774
420800 1.52028 0.78878 0.24779 2.55685
420900 1.4633 0.824794 0.261119 2.54921
421000 1.4445 0.871394 0.265545 2.58144
421100 1.44614 0.908548 0.256254 2.61094
421200 1.50732 0.8932 0.252604 2.65312
421300 1.59321 0.889798 0.251219 2.73423
421400 1.64972 0.896418 0.249011 2.79515
421500 1.64112 0.920483 0.27051 2.83211
421600 1.6329 0.990794 0.300775 2.92447
421700 1.63949 1.03356 0.310181 2.98323
421800 1.6808 0.980537 0.288432 2.94977
421900 1.7045 0.974354 0.273664 2.95252
422000 1.72759 0.963135 0.261638 2.95237
422100 1.7126 0.936857 0.255284 2.90474
422200 1.68392 0.975522 0.267612 2.92705
422300 1.68969 0.983911 0.277995 2.95159
422400 1.70152 0.93256 0.25776 2.89184
422500 1.68093 0.921454 0.242384 2.84477
422600 1.66356 0.901634 0.248144 2.81334
422700 1.63251 0.903901 0.254199 2.79061
422800 1.57487 0.950296 0.272895 2.79806
422900 1.52597 0.976634 0.294189 2.79679
423000 1.53421 0.966194 0.28001 2.78041
423100 1.56547 0.929058 0.274225 2.76875
423200 1.60939 0.883117 0.275717 2.76822
423300 1.63047 0.879904 0.254337 2.76471
423400 1.61459 0.941602 0.242504 2.7987
423500 1.6341 0.978272 0.272965 2.88534
423600 1.68415 1.01971 0.271643 2.9755
423700 1.72106 1.05782 0.248745 3.02762
423800 1.77146 1.04006 0.256957 3.06848
423900 1.82392 1.04812 0.281313 3.15335
424000 1.82768 1.11182 0.266419 3.20592
424100 1.83383 1.13537 0.248319 3.21752
424200 1.83663 1.16285 0.251289 3.25077
424300 1.81575 1.14424 0.259402 3.21939
424400 1.78746 1.11343 0.266625 3.16751
424500 1.75151 1.09424 0.267615 3.11336
424600 1.7348 1.07027 0.272831 3.0779
424700 1.7204 1.05051 0.278307 3.04921
424800 1.67861 1.10587 0.281415 3.0659
424900 1.64153 1.09257 0.282456 3.01656
425000 1.64518 1.06121 0.31047 3.01686
425100 1.64961 1.06649 0.32038 3.03648
425200 1.65683 1.05981 0.315856 3.0325
425300 1.67228 1.05865 0.312141 3.04307
425400 1.67905 1.13707 0.330051 3.14617
425500 1.67789 1.18017 0.332662 3.19073
425600 1.71921 1.18108 0.322748 3.22304
425700 1.76679 1.14829 0.320475 3.23556
425800 1.80431 1.10216 0.30193 3.2084
425900 1.83497 1.08336 0.276381 3.19471
426000 1.7833 1.13983 0.286806 3.20993
426100 1.71726 1.13509 0.307381 3.15973
426200 1.72233 1.10939 0.29532 3.12704
426300 1.74452 1.06177 0.271702 3.07799
426400 1.71446 1.00071 0.24954 2.96471
426500 1.66568 0.965582 0.229238 2.8605
426600 1.62451 0.988803 0.239269 2.85258
426700 1.56133 0.967147 0.262591 2.79107
426800 1.53125 0.973241 0.262749 2.76724
426900 1.56148 0.959413 0.24272 2.76361
427000 1.58665 0.924109 0.250082 2.76084
427100 1.6036 0.914302 0.244038 2.76195
427200 1.65182 0.937159 0.242974 2.83195
427300 1.66437 0.963731 0.277103 2.9052
427400 1.61833 1.02554 0.288269 2.93215
427500 1.67328 1.03177 0.247706 2.95276
427600 1.76039 0.994092 0.229803 2.98429
427700 1.72015 0.993455 0.218534 2.93214
427800 1.66853 1.00541 0.210773 2.88471
427900 1.68542 0.976081 0.234886 2.89639
428000 1.62123 1.02305 0.265548 2.90982
428100 1.54949 1.04272 0.243788 2.83599
428200 1.58079 1.01306 0.232244 2.82609
428300 1.60026 0.969901 0.241035 2.8112
428400 1.51512 0.947485 0.246148 2.70875
428500 1.49766 0.938276 0.247008 2.68294
428600 1.55359 0.948791 0.274692 2.77707
428700 1.57581 0.950632 0.274254 2.80069
428800 1.59345 0.995885 0.248643 2.83798
428900 1.70514 1.0369 0.230699 2.97274
429000 1.75503 1.01885 0.245493 3.01938
429100 1.74301 1.01193 0.261076 3.01601
429200 1.81045 1.04989 0.275371 3.13572
429300 1.87997 1.077 0.274617 3.23159
429400 1.85878 1.11123 0.25775 3.22776
429500 1.87957 1.12768 0.228881 3.23613
429600 1.924 1.12916 0.227016 3.28017
429700 1.88149 1.11688 0.231365 3.22973
429800 1.81168 1.10737 0.230724 3.14978
429900 1.80009 1.15883 0.223389 3.18231
430000 1.76709 1.15602 0.227767 3.15087
430100 1.71383 1.1301 0.238174 3.0821
430200 1.67671 1.12176 0.248414 3.04688
430300 1.64055 1.12151 0.231123 2.99318
430400 1.6121 1.07806 0.223541 2.9137
430500 1.63845 1.06303 0.219975 2.92146
430600 1.68879 1.07612 0.21776 2.98267
430700 1.66656 1.07674 0.235 2.97831
430800 1.68473 1.05723 0.255548 2.99751
430900 1.73986 1.07181 0.259288 3.07096
431000 1.75736 1.05134 0.245319 3.05402
431100 1.75808 1.04821 0.236855 3.04314
431200 1.80875 1.09298 0.245969 3.1477
431300 1.82717 1.1299 0.239798 3.19687
431400 1.82685 1.11071 0.23617 3.17373
431500 1.87236 1.10091 0.234099 3.20737
431600 1.89063 1.09702 0.213095 3.20074
431700 1.79424 1.10269 0.199294 3.09622
431800 1.74557 1.08236 0.221265 3.0492
431900 1.7098 1.10986 0.228786 3.04845
432000 1.62836 1.09525 0.237534 2.96114
432100 1.55892 1.01681 0.265846 2.84158
432200 1.58268 0.983682 0.253855 2.82022
432300 1.59034 1.02861 0.221457 2.8404
432400 1.59659 1.0203 0.244605 2.8615
432500 1.63384 1.0503 0.281628 2.96576
432600 1.71127 1.11904 0.263499 3.09381
432700 1.74756 1.11133 0.258212 3.11711
432800 1.81141 1.07249 0.25772 3.14161
432900 1.84992 1.10055 0.21437 3.16484
433000 1.80934 1.0955 0.196603 3.10144
433100 1.73692 1.0908 0.232846 3.06056
433200 1.76328 1.0914 0.252506 3.10719
433300 1.72171 1.08681 0.24284 3.05136
433400 1.66706 1.0796 0.241612 2.98828
433500 1.66794 1.10566 0.236063 3.00965
433600 1.67282 1.09068 0.229685 2.99318
433700 1.61596 1.12851 0.24233 2.9868
433800 1.64463 1.1087 0.265277 3.0186
433900 1.68205 1.0826 0.262429 3.02708
434000 1.68573 1.09112 0.224927 3.00177
434100 1.6585 1.148 0.19729 3.0038
434200 1.70612 1.11909 0.19491 3.02013
434300 1.68938 1.13995 0.217441 3.04678
434400 1.73236 1.13333 0.245353 3.11104
434500 1.80519 1.14004 0.256814 3.20204
434600 1.88056 1.15353 0.255561 3.28965
434700 1.89659 1.1938 0.256124 3.34651
434800 1.92967 1.20621 0.227481 3.36336
434900 1.8978 1.25679 0.20349 3.35807
435000 1.87957 1.2483 0.213769 3.34164
435100 1.84483 1.24072 0.22991 3.31546
435200 1.85861 1.21802 0.204475 3.28111
435300 1.766 1.20926 0.197325 3.17259
435400 1.71774 1.16147 0.219777 3.09899
435500 1.6646 1.185 0.227299 3.0769
435600 1.60866 1.20141 0.226683 3.03675
435700 1.5262 1.19564 0.241323 2.96317
435800 1.58432 1.13139 0.238776 2.95448
435900 1.63561 1.09059 0.221288 2.94749
436000 1.64502 1.06173 0.199366 2.90612
436100 1.68305 1.10538 0.187853 2.97628
436200 1.81914 1.11708 0.203504 3.13972
436300 1.85062 1.17448 0.221318 3.24642
436400 1.88219 1.22016 0.214885 3.31723
436500 1.92924 1.24993 0.219519 3.39868
436600 1.96349 1.23214 0.234694 3.43032
436700 1.88724 1.21385 0.236066 3.33716
436800 1.83906 1.17791 0.239049 3.25601
436900 1.76631 1.20192 0.250654 3.21889
437000 1.71844 1.12956 0.256443 3.10445
437100 1.66254 1.10056 0.235768 2.99886
437200 1.64216 1.10551 0.215749 2.96342
437300 1.62085 1.07357 0.210902 2.90533
437400 1.62013 1.01176 0.20906 2.84095
437500 1.60706 1.04838 0.199987 2.85543
437600 1.57891 1.05546 0.207036 2.8414
437700 1.53982 1.01318 0.229506 2.7825
437800 1.58306 0.968862 0.24043 2.79235
437900 1.63454 0.988997 0.237027 2.86057
438000 1.64773 0.9842 0.231514 2.86345
438100 1.69276 0.998127 0.247401 2.93829
438200 1.79437 1.05759 0.271119 3.12308
438300 1.83541 1.10103 0.27282 3.20926
438400 1.86077 1.13551 0.253686 3.24996
438500 1.98242 1.15815 0.252145 3.39272
438600 2.02502 1.14603 0.235753 3.4068
438700 1.93647 1.14976 0.21196 3.29819
438800 1.86711 1.18824 0.211272 3.26662
438900 1.80379 1.18133 0.234387 3.21951
439000 1.66745 1.16377 0.239764 3.07098
439100 1.64033 1.10648 0.227866 2.97468
439200 1.64218 1.08536 0.223859 2.9514
439300 1.5879 1.04581 0.235177 2.86889
439400 1.53269 1.07659 0.239409 2.84868
439500 1.53662 1.11799 0.251393 2.906
439600 1.53817 1.11167 0.260916 2.91076
439700 1.644 1.04873 0.253378 2.94612
439800 1.74845 1.0716 0.220233 3.04029
439900 1.79233 1.07231 0.196369 3.06101
440000 1.78173 1.12996 0.205975 3.11766
440100 1.84717 1.1885 0.227658 3.26333
440200 1.84962 1.25764 0.23992 3.34718
440300 1.85436 1.1947 0.244152 3.29322
440400 1.87041 1.17106 0.241345 3.28281
440500 1.89784 1.12525 0.252409 3.2755
440600 1.80734 1.137 0.255363 3.1997
440700 1.74663 1.14879 0.261134 3.15656
440800 1.75758 1.21403 0.273338 3.24496
440900 1.76808 1.19326 0.274389 3.23573
441000 1.72065 1.23648 0.238775 3.1959
441100 1.80072 1.18204 0.221107 3.20387
441200 1.78935 1.19175 0.224446 3.20555
441300 1.70826 1.177 0.238664 3.12392
441400 1.67048 1.20189 0.246838 3.1192
441500 1.70558 1.14036 0.241943 3.08788
441600 1.6075 1.13711 0.224455 2.96906
441700 1.61299 1.07806 0.221448 2.9125
441800 1.65706 1.09447 0.2345 2.98602
441900 1.6823 1.07255 0.238777 2.99362
442000 1.6673 1.1299 0.224565 3.02176
442100 1.74629 1.1344 0.223313 3.10401
442200 1.73825 1.14531 0.236182 3.11973
442300 1.69128 1.12076 0.243883 3.05592
442400 1.65137 1.18087 0.240774 3.07302
442500 1.66766 1.16277 0.258855 3.08928
442600 1.64174 1.16484 0.260616 3.06719
442700 1.67244 1.16784 0.231202 3.07148
442800 1.75768 1.18426 0.227623 3.16956
442900 1.85661 1.11083 0.236957 3.2044
443000 1.87863 1.18318 0.230302 3.29211
443100 1.92343 1.22628 0.249286 3.399
443200 1.94545 1.26611 0.264338 3.4759
443300 1.95722 1.29311 0.242867 3.49319
443400 1.93298 1.32274 0.23439 3.49011
443500 1.93022 1.21436 0.251463 3.39604
443600 1.90268 1.18624 0.251636 3.34055
443700 1.82147 1.15205 0.237622 3.21114
443800 1.71004 1.14271 0.239073 3.09182
443900 1.61969 1.12336 0.24934 2.99239
444000 1.55924 1.06403 0.265459 2.88872
444100 1.53559 0.970075 0.266764 2.77243
444200 1.54216 0.93646 0.240923 2.71954
444300 1.54858 0.902706 0.233855 2.68514
444400 1.47791 0.914248 0.254768 2.64693
444500 1.43324 0.957072 0.243724 2.63403
444600 1.44019 0.980029 0.243733 2.66395
444700 1.46679 0.936074 0.251996 2.65486
444800 1.50262 0.921583 0.237026 2.66123
444900 1.55283 0.942759 0.228629 2.72422
445000 1.56688 0.999383 0.26331 2.82957
445100 1.54924 1.04747 0.275807 2.87251
445200 1.57903 1.07097 0.254252 2.90425
445300 1.62691 1.07463 0.249543 2.95108
445400 1.65543 1.04589 0.26135 2.96267
445500 1.67035 0.993505 0.238948 2.90281
445600 1.64339 1.0087 0.229731 2.88182
445700 1.6142 1.02488 0.237407 2.87648
445800 1.61081 0.97872 0.248984 2.83851
445900 1.61245 0.957453 0.230886 2.80079
446000 1.60765 0.949897 0.205307 2.76286
446100 1.56228 0.928965 0.197549 2.68879
446200 1.5416 0.919167 0.210823 2.67159
446300 1.5268 0.932372 0.230257 2.68943
446400 1.51325 0.915167 0.261393 2.6898
446500 1.52308 0.901027 0.280278 2.70438
446600 1.54977 0.887745 0.277543 2.71506
446700 1.54555 0.89919 0.259181 2.70393
446800 1.54944 0.921044 0.247007 2.71749
446900 1.53289 0.963217 0.245483 2.74159
447000 1.5394 0.966751 0.240033 2.74618
447100 1.58666 0.982415 0.217022 2.7861
447200 1.65163 0.968485 0.212213 2.83233
447300 1.67659 1.00505 0.218454 2.90009
447400 1.69426 1.05772 0.223821 2.9758
447500 1.71432 1.11046 0.24248 3.06726
447600 1.74032 1.08912 0.278475 3.10791
447700 1.78968 1.06184 0.260859 3.11238
447800 1.80861 1.00882 0.236001 3.05342
447900 1.72655 1.02434 0.2366 2.98749
448000 1.63369 1.03666 0.242535 2.91289
448100 1.5882 1.03953 0.245385 2.87311
448200 1.56893 0.982651 0.260038 2.81162
448300 1.55621 0.929149 0.249906 2.73526
448400 1.61008 0.885982 0.227125 2.72319
448500 1.61487 0.927033 0.228289 2.7702
448600 1.549 0.976806 0.245516 2.77132
448700 1.50258 1.03959 0.247303 2.78947
448800 1.52495 1.0511 0.261499 2.83755
448900 1.53394 1.02887 0.272745 2.83556
449000 1.57965 0.991977 0.260804 2.83243
449100 1.61647 1.02141 0.255244 2.89313
449200 1.60387 1.06959 0.26433 2.93779
449300 1.59947 1.13041 0.267081 2.99695
449400 1.6511 1.15967 0.250891 3.06166
449500 1.68297 1.16538 0.249488 3.09784
449600 1.70456 1.11191 0.242473 3.05894
449700 1.73848 1.0837 0.234141 3.05632
449800 1.75685 1.08581 0.240961 3.08361
449900 1.72758 1.11612 0.278337 3.12204
450000 1.68484 1.10773 0.276151 3.06872
450100 1.67852 1.0912 0.26479 3.03451
450200 1.67425 1.03528 0.262473 2.972
450300 1.6365 0.9805 0.256075 2.87308
450400 1.58457 0.931595 0.241289 2.75746
450500 1.49164 0.964651 0.253447 2.70974
450600 1.3837 0.961942 0.259211 2.60485
450700 1.33514 0.930901 0.258647 2.52469
450800 1.35931 0.872658 0.25107 2.48304
450900 1.36901 0.827133 0.236008 2.43215
451000 1.34775 0.822006 0.222827 2.39258
451100 1.3174 0.900681 0.240656 2.45873
451200 1.30622 0.943271 0.245995 2.49548
451300 1.35245 0.967905 0.220574 2.54093
451400 1.47118 0.948796 0.223584 2.64356
451500 1.58831 0.912012 0.253459 2.75378
451600 1.65234 0.919371 0.247115 2.81882
451700 1.65267 1.02482 0.253755 2.93124
451800 1.62568 1.10095 0.265467 2.99209
451900 1.6631 1.12923 0.258565 3.0509
452000 1.72325 1.08682 0.231463 3.04153
452100 1.73889 1.0362 0.239201 3.01429
452200 1.72882 1.00371 0.245556 2.97808
452300 1.70345 1.01198 0.248716 2.96414
452400 1.58517 1.03611 0.245949 2.86723
452500 1.50602 1.06514 0.234452 2.80561
452600 1.52812 1.02692 0.214471 2.76952
452700 1.55342 0.952801 0.218289 2.72451
452800 1.51051 0.955875 0.230982 2.69737
452900 1.50703 0.992388 0.249664 2.74908
453000 1.49091 1.00023 0.25041 2.74155
453100 1.47884 1.00212 0.252938 2.7339
453200 1.49555 1.01207 0.239597 2.74721
453300 1.55301 0.985646 0.239632 2.77829
453400 1.58627 0.964556 0.261883 2.81271
453500 1.60447 0.983756 0.276329 2.86455
453600 1.60352 1.03721 0.261146 2.90188
453700 1.64029 1.05162 0.253284 2.94519
453800 1.66503 1.05453 0.235311 2.95488
453900 1.65771 1.07092 0.214041 2.94267
454000 1.64095 1.08258 0.210321 2.93386
454100 1.62832 1.02391 0.238283 2.89052
454200 1.57825 0.990366 0.252406 2.82102
454300 1.51998 0.973536 0.241658 2.73517
454400 1.46978 0.945083 0.232459 2.64732
454500 1.43271 0.891247 0.237126 2.56108
454600 1.35856 0.925343 0.225394 2.50929
454700 1.29454 0.91708 0.221915 2.43353
454800 1.29941 0.87052 0.250647 2.42058
454900 1.35465 0.839865 0.259003 2.45352
455000 1.3763 0.870619 0.235949 2.48286
455100 1.41722 0.872408 0.249452 2.53908
455200 1.49207 0.891263 0.277187 2.66052
455300 1.53462 0.929462 0.263504 2.72759
455400 1.5423 0.987833 0.242951 2.77308
455500 1.60864 0.986429 0.264411 2.85948
455600 1.64241 1.03965 0.262626 2.94468
455700 1.6512 1.06554 0.248704 2.96544
455800 1.64472 1.07434 0.258029 2.97709
455900 1.64993 1.06973 0.286062 3.00572
456000 1.63712 1.05512 0.294972 2.98721
456100 1.62877 1.02068 0.275206 2.92466
456200 1.59348 1.06083 0.26343 2.91774
456300 1.59616 1.05149 0.251317 2.89897
456400 1.60739 1.04019 0.233784 2.88137
456500 1.61678 1.04422 0.240284 2.90129
456600 1.62602 1.05388 0.269129 2.94903
456700 1.68757 1.02199 0.278363 2.98792
456800 1.71724 1.06505 0.27297 3.05525
456900 1.71855 1.10369 0.26414 3.08638
457000 1.75074 1.10773 0.252396 3.11087
457100 1.78355 1.08621 0.255228 3.12499
457200 1.73814 1.12423 0.277277 3.13964
457300 1.71548 1.12891 0.255055 3.09944
457400 1.7412 1.0825 0.232888 3.05658
457500 1.70725 1.06887 0.248912 3.02503
457600 1.63056 1.08872 0.240085 2.95937
457700 1.64183 1.04133 0.215999 2.89917
457800 1.64951 1.00104 0.244714 2.89527
457900 1.60575 1.01945 0.264978 2.89018
458000 1.55691 1.03764 0.240248 2.8348
458100 1.57199 1.03702 0.235137 2.84414
458200 1.58805 1.04351 0.254927 2.88648
458300 1.60122 1.04113 0.263283 2.90563
458400 1.62801 1.00862 0.279299 2.91593
458500 1.68607 1.01093 0.287074 2.98407
458600 1.71371 1.05721 0.276174 3.04709
458700 1.753 1.09142 0.267809 3.11223
458800 1.79878 1.14911 0.256912 3.2048
458900 1.8421 1.17481 0.250714 3.26762
459000 1.85466 1.14703 0.259503 3.26119
459100 1.86852 1.15002 0.261032 3.27957
459200 1.86694 1.16702 0.260014 3.29398
459300 1.83317 1.1941 0.25169 3.27895
459400 1.74365 1.22935 0.249547 3.22255
459500 1.7136 1.24762 0.27273 3.23395
459600 1.75395 1.1999 0.276899 3.23075
459700 1.78348 1.1563 0.265673 3.20545
459800 1.73363 1.149 0.279324 3.16196
459900 1.69116 1.15999 0.269023 3.12017
460000 1.66998 1.14586 0.233414 3.04925
460100 1.66217 1.12285 0.244275 3.02929
460200 1.67271 1.09672 0.261084 3.03051
460300 1.7166 1.0908 0.233381 3.04078
460400 1.74423 1.05288 0.242551 3.03966
460500 1.76915 1.07864 0.267349 3.11515
460600 1.78237 1.12121 0.251238 3.15482
460700 1.78221 1.12667 0.24451 3.15339
460800 1.75964 1.1388 0.270713 3.16915
460900 1.76177 1.14963 0.264725 3.17613
461000 1.77015 1.06371 0.262712 3.09657
461100 1.71384 1.07451 0.27165 3.05999
461200 1.64387 1.08847 0.269345 3.00168
461300 1.60482 1.05585 0.263042 2.92371
461400 1.58915 1.02699 0.266737 2.88288
461500 1.5741 1.06771 0.253512 2.89532
461600 1.54614 1.02686 0.256736 2.82974
461700 1.52033 1.01676 0.261347 2.79844
461800 1.50469 1.06212 0.253112 2.81993
461900 1.51118 1.06072 0.250516 2.82241
462000 1.57379 1.00576 0.265569 2.84511
462100 1.6264 1.0403 0.267049 2.93375
462200 1.64552 1.08889 0.264541 2.99895
462300 1.65789 1.12924 0.265945 3.05308
462400 1.70267 1.15919 0.277723 3.13958
462500 1.72158 1.1862 0.259704 3.16748
462600 1.74349 1.17735 0.256286 3.17713
462700 1.80012 1.17428 0.283452 3.25786
462800 1.82485 1.14018 0.295362 3.26039
462900 1.79656 1.14057 0.280845 3.21798
463000 1.78211 1.15459 0.293528 3.23023
463100 1.75782 1.17958 0.300873 3.23828
463200 1.70486 1.18153 0.273114 3.1595
463300 1.69171 1.18356 0.267615 3.14288
463400 1.71776 1.14688 0.27991 3.14455
463500 1.69266 1.11366 0.269449 3.07577
463600 1.67778 1.05718 0.273384 3.00835
463700 1.66739 1.07116 0.288655 3.02721
463800 1.63106 1.11054 0.30421 3.0458
463900 1.60263 1.11264 0.310811 3.02608
464000 1.65265 1.07323 0.304002 3.02989
464100 1.65924 1.08459 0.273688 3.01752
464200 1.63726 1.04671 0.284538 2.96851
464300 1.63596 1.02972 0.296492 2.96216
464400 1.58474 1.08374 0.289986 2.95847
464500 1.52476 1.12002 0.295713 2.9405
464600 1.57644 1.06286 0.32244 2.96174
464700 1.6572 1.04911 0.285033 2.99134
464800 1.65819 1.06226 0.255807 2.97626
464900 1.66217 1.06419 0.275544 3.0019
465000 1.67483 1.10171 0.307627 3.08417
465100 1.65182 1.14057 0.311245 3.10363
465200 1.63067 1.12509 0.319862 3.07563
465300 1.67961 1.06219 0.328999 3.07079
465400 1.71318 1.02862 0.300241 3.04204
465500 1.65476 1.0445 0.264258 2.96352
465600 1.58774 1.07686 0.26779 2.93238
465700 1.59534 1.07411 0.281527 2.95098
465800 1.5937 1.07608 0.282394 2.95217
465900 1.59878 1.02194 0.273858 2.89458
466000 1.64806 0.957409 0.292776 2.89824
466100 1.64995 0.956255 0.29734 2.90355
466200 1.56172 1.01246 0.303013 2.87719
466300 1.51761 1.03321 0.317006 2.86783
466400 1.55204 1.04026 0.326929 2.91923
466500 1.60008 0.980607 0.306552 2.88724
466600 1.63385 0.927134 0.282233 2.84322
466700 1.65706 0.931462 0.257111 2.84563
466800 1.63503 0.985063 0.24685 2.86694
466900 1.62364 1.00177 0.261457 2.88687
467000 1.64682 1.04059 0.27947 2.96688
467100 1.71188 1.01935 0.260523 2.99176
467200 1.75775 0.985803 0.247616 2.99117
467300 1.76721 0.980597 0.251867 2.99967
467400 1.74242 1.03378 0.252092 3.0283
467500 1.68907 1.06189 0.263333 3.01429
467600 1.65207 1.09021 0.279459 3.02174
467700 1.64784 1.06211 0.273899 2.98385
467800 1.6499 1.04401 0.245021 2.93893
467900 1.64305 0.984467 0.251279 2.87879
468000 1.60452 0.968348 0.261018 2.83389
468100 1.54078 1.01085 0.254974 2.8066
468200 1.47744 1.0385 0.268514 2.78446
468300 1.49853 0.980296 0.282932 2.76176
468400 1.54789 0.963158 0.248467 2.75952
468500 1.56315 0.926083 0.223616 2.71284
468600 1.58512 0.89335 0.236211 2.71468
468700 1.58117 0.936048 0.261293 2.77852
468800 1.53609 1.01499 0.2835 2.83458
468900 1.54058 1.01005 0.301597 2.85223
469000 1.63301 0.981402 0.288671 2.90309
469100 1.71267 0.946257 0.26074 2.91967
469200 1.73543 0.965177 0.230759 2.93136
469300 1.7307 1.01952 0.23715 2.98737
469400 1.70305 1.07401 0.258836 3.0359
469500 1.68542 1.09163 0.278837 3.05589
469600 1.71387 1.09466 0.274106 3.08263
469700 1.7376 1.05968 0.262953 3.06023
469800 1.73588 1.04447 0.265534 3.04588
469900 1.72215 1.03999 0.264148 3.02629
470000 1.6587 1.05995 0.260141 2.97879
470100 1.56426 1.07151 0.274703 2.91047
470200 1.55952 1.03948 0.275399 2.8744
470300 1.59795 0.969833 0.255312 2.82309
470400 1.57794 0.935814 0.226022 2.73977
470500 1.55507 0.92513 0.227707 2.7079
470600 1.53516 0.936693 0.257769 2.72963
470700 1.48301 0.994507 0.285669 2.76319
470800 1.46266 0.983827 0.297736 2.74422
470900 1.52453 0.906416 0.313107 2.74405
471000 1.56482 0.892344 0.306523 2.76369
471100 1.54408 0.917652 0.275701 2.73743
471200 1.52618 0.945386 0.268244 2.7398
471300 1.53614 1.01813 0.278235 2.83251
471400 1.52441 1.05613 0.26735 2.84788
471500 1.57054 1.03267 0.258282 2.8615
471600 1.69825 1.03642 0.265354 3.00003
471700 1.77233 1.05745 0.263881 3.09367
471800 1.76886 1.06194 0.2462 3.077
471900 1.75416 1.13594 0.251568 3.14167
472000 1.73963 1.16118 0.274711 3.17552
472100 1.70305 1.08101 0.276213 3.06028
472200 1.72667 1.03319 0.256264 3.01612
472300 1.72094 1.03001 0.243698 2.99466
472400 1.61071 1.00392 0.245928 2.86056
472500 1.53811 1.01942 0.255171 2.81271
472600 1.49647 1.02872 0.275332 2.80052
472700 1.44614 0.990565 0.275191 2.71189
472800 1.47802 0.930327 0.263213 2.67156
472900 1.55907 0.894934 0.260013 2.71402
473000 1.55452 0.89804 0.251411 2.70398
473100 1.50875 0.952431 0.253602 2.71478
473200 1.52701 0.986086 0.288683 2.80178
473300 1.5556 1.00827 0.279151 2.84302
473400 1.60361 1.00671 0.234342 2.84465
473500 1.71039 0.987603 0.218378 2.91637
473600 1.76285 1.02547 0.226816 3.01514
473700 1.77081 1.12269 0.224151 3.11765
473800 1.78316 1.17483 0.253839 3.21183
473900 1.84147 1.213 0.289554 3.34403
474000 1.88074 1.20199 0.273933 3.35666
474100 1.90335 1.14899 0.241469 3.2938
474200 1.86495 1.13261 0.235652 3.23321
474300 1.79665 1.1766 0.244003 3.21726
474400 1.68628 1.16857 0.265121 3.11997
474500 1.64008 1.14442 0.269181 3.05369
474600 1.62619 1.11199 0.253843 2.99202
474700 1.63879 1.06066 0.228276 2.92773
474800 1.62213 1.04053 0.234359 2.89702
474900 1.62409 1.07967 0.232325 2.93609
475000 1.5799 1.12617 0.232483 2.93855
475100 1.57157 1.13826 0.259274 2.9691
475200 1.61322 1.10034 0.292598 3.00616
475300 1.63084 1.05089 0.26895 2.95068
475400 1.59233 1.03703 0.259257 2.88862
475500 1.61139 1.04972 0.305537 2.96665
475600 1.59033 1.10022 0.330111 3.02066
475700 1.55857 1.15885 0.296936 3.01435
475800 1.60074 1.16623 0.308037 3.075
475900 1.72366 1.15028 0.320202 3.19415
476000 1.76629 1.16492 0.277986 3.2092
476100 1.764 1.21073 0.257505 3.23223
476200 1.76486 1.23835 0.292653 3.29586
476300 1.75866 1.27062 0.321374 3.35065
476400 1.68608 1.27259 0.315964 3.27464
476500 1.67305 1.22258 0.308296 3.20393
476600 1.7009 1.14237 0.315236 3.15851
476700 1.70524 1.08986 0.310953 3.10605
476800 1.65195 1.09452 0.292731 3.0392
476900 1.63702 1.13995 0.302115 3.07909
477000 1.63911 1.16081 0.335839 3.13576
477100 1.66995 1.15392 0.327871 3.15175
477200 1.68714 1.133 0.293615 3.11375
477300 1.71597 1.10486 0.286346 3.10718
477400 1.64948 1.08867 0.294491 3.03264
477500 1.59696 1.11438 0.285774 2.99711
477600 1.57502 1.13082 0.280984 2.98682
477700 1.58511 1.11151 0.287374 2.984
477800 1.62302 1.0675 0.277433 2.96795
477900 1.67891 1.05121 0.249985 2.98011
478000 1.67014 1.06359 0.267818 3.00155
478100 1.65798 1.09216 0.303344 3.05349
478200 1.66821 1.13693 0.314614 3.11975
478300 1.67267 1.17353 0.308256 3.15446
478400 1.65702 1.14633 0.299897 3.10324
478500 1.68302 1.12859 0.279653 3.09126
478600 1.65359 1.10416 0.262762 3.02051
478700 1.59647 1.0816 0.275829 2.9539
478800 1.54822 1.05941 0.284283 2.89191
478900 1.51395 1.0261 0.279122 2.81917
479000 1.49534 0.973277 0.296691 2.76531
479100 1.52184 0.953357 0.283124 2.75832
479200 1.52864 0.96532 0.247912 2.74187
479300 1.50815 1.0131 0.259243 2.7805
479400 1.50735 1.06386 0.260566 2.83177
479500 1.52746 1.09001 0.240884 2.85835
479600 1.54343 1.05821 0.26265 2.86428
479700 1.57796 1.03165 0.274527 2.88414
479800 1.61477 1.02247 0.252178 2.88942
479900 1.65053 1.03545 0.26306 2.94904
480000 1.63902 1.08672 0.271472 2.99722
480100 1.64366 1.16028 0.256657 3.06059
480200 1.71609 1.15484 0.264231 3.13516
480300 1.77326 1.15721 0.291626 3.2221
480400 1.79068 1.16969 0.282947 3.24332
480500 1.8339 1.17008 0.287161 3.29113
480600 1.84421 1.20004 0.307603 3.35186
480700 1.78501 1.21692 0.287122 3.28905
480800 1.72663 1.16631 0.256686 3.14962
480900 1.70411 1.112 0.269671 3.08579
481000 1.6694 1.04832 0.291731 3.00945
481100 1.61319 1.00444 0.274737 2.89237
481200 1.58805 1.0027 0.266433 2.85718
481300 1.57451 1.02706 0.28346 2.88503
481400 1.57249 1.02604 0.268812 2.86734
481500 1.58235 1.02845 0.240344 2.85115
481600 1.62027 1.029 0.249719 2.89899
481700 1.66685 1.02601 0.273825 2.96668
481800 1.69409 1.05069 0.252576 2.99736
481900 1.72436 1.08464 0.246388 3.05539
482000 1.77605 1.08743 0.268829 3.13231
482100 1.80988 1.08112 0.258783 3.14978
482200 1.8134 1.06647 0.259403 3.13928
482300 1.80537 1.08185 0.289028 3.17625
482400 1.80085 1.13097 0.306918 3.23874
482500 1.77241 1.13039 0.317814 3.22061
482600 1.71561 1.11893 0.323923 3.15846
482700 1.6788 1.11491 0.306186 3.09989
482800 1.6514 1.06189 0.294856 3.00815
482900 1.60263 1.0252 0.307311 2.93514
483000 1.56432 1.03429 0.285625 2.88424
483100 1.58128 1.02821 0.25033 2.85983
483200 1.59908 1.03888 0.244902 2.88286
483300 1.59212 1.03061 0.23445 2.85718
483400 1.65477 1.00657 0.224547 2.88588
483500 1.68819 1.00984 0.255544 2.95358
483600 1.65075 1.03774 0.283433 2.97192
483700 1.64662 1.06237 0.271292 2.98028
483800 1.70621 1.09626 0.250482 3.05295
483900 1.71443 1.06471 0.265257 3.0444
484000 1.70495 1.0314 0.284698 3.02105
484100 1.70855 1.01845 0.28482 3.01182
484200 1.68476 1.01073 0.282891 2.97838
484300 1.6367 0.989814 0.29478 2.92129
484400 1.65339 1.01573 0.259728 2.92885
484500 1.67495 1.03349 0.213815 2.92226
484600 1.66619 1.03112 0.21732 2.91462
484700 1.67175 1.02485 0.235634 2.93224
484800 1.69054 1.04117 0.236233 2.96795
484900 1.65112 1.05821 0.246522 2.95586
485000 1.63694 1.09884 0.271877 3.00766
485100 1.6975 1.08243 0.270508 3.05043
485200 1.76529 1.06397 0.262589 3.09185
485300 1.7428 1.07973 0.266006 3.08854
485400 1.73648 1.10246 0.259962 3.0989
485500 1.73675 1.12033 0.267476 3.12456
485600 1.71742 1.1627 0.277436 3.15756
485700 1.70783 1.15396 0.2422 3.10399
485800 1.75485 1.14083 0.217674 3.11336
485900 1.73653 1.08595 0.24411 3.06659
486000 1.66578 1.05268 0.25121 2.96967
486100 1.5987 1.05272 0.230745 2.88216
486200 1.57847 1.05478 0.263964 2.89722
486300 1.55926 1.00176 0.284018 2.84504
486400 1.57589 0.982027 0.25348 2.8114
486500 1.59411 0.983284 0.250056 2.82745
486600 1.60166 1.01813 0.291501 2.91129
486700 1.59961 1.04406 0.290527 2.93419
486800 1.64718 1.09741 0.256716 3.0013
486900 1.69596 1.10139 0.247472 3.04482
487000 1.74425 1.10444 0.246191 3.09488
487100 1.78557 1.10927 0.234005 3.12885
487200 1.83329 1.09877 0.258514 3.19058
487300 1.80847 1.08992 0.282603 3.18099
487400 1.78755 1.1237 0.273736 3.18498
487500 1.79471 1.12915 0.238253 3.16211
487600 1.77189 1.12151 0.219913 3.11331
487700 1.7011 1.11501 0.219938 3.03604
487800 1.72078 1.12446 0.233859 3.0791
487900 1.6764 1.11552 0.254686 3.04661
488000 1.60966 1.09257 0.260964 2.96319
488100 1.60929 1.09201 0.254654 2.95596
488200 1.64223 1.06427 0.272186 2.97869
488300 1.58455 1.00841 0.277397 2.87036
488400 1.59687 1.03867 0.255157 2.8907
488500 1.63073 1.06501 0.272392 2.96813
488600 1.63064 1.03455 0.291574 2.95676
488700 1.66587 1.05687 0.254577 2.97732
488800 1.74315 1.09781 0.242887 3.08385
488900 1.72128 1.09446 0.256783 3.07253
489000 1.72169 1.09315 0.244424 3.05926
489100 1.74071 1.11939 0.245161 3.10527
489200 1.7001 1.07423 0.289149 3.06348
489300 1.6048 1.05083 0.289965 2.9456
489400 1.58279 1.05499 0.252533 2.89031
489500 1.56713 1.03737 0.25081 2.85531
489600 1.53795 1.01729 0.2687 2.82394
489700 1.56592 1.05186 0.252836 2.87062
489800 1.64051 1.0665 0.255227 2.96224
489900 1.64441 1.07599 0.277072 2.99748
490000 1.66094 1.09876 0.27569 3.03539
490100 1.70577 1.1278 0.23101 3.06458
490200 1.70057 1.07039 0.222637 2.99359
490300 1.64079 1.05737 0.238328 2.93649
490400 1.64969 1.07503 0.253694 2.97841
490500 1.59656 1.0943 0.255139 2.946
490600 1.54741 1.05382 0.277539 2.87876
490700 1.54127 1.07435 0.278183 2.8938
490800 1.58973 1.04931 0.265047 2.90408
490900 1.55503 1.02518 0.261021 2.84122
491000 1.57301 1.03282 0.274032 2.87986
491100 1.57166 1.10155 0.292957 2.96617
491200 1.54736 1.07171 0.293133 2.9122
491300 1.55719 1.08201 0.280709 2.91991
491400 1.65875 1.069 0.268677 2.99643
491500 1.67456 1.08743 0.260959 3.02295
491600 1.72452 1.06945 0.254045 3.04802
491700 1.79587 1.12407 0.251643 3.17158
491800 1.79036 1.1313 0.253667 3.17533
491900 1.74511 1.16182 0.258585 3.16552
492000 1.80946 1.13765 0.24757 3.19467
492100 1.81242 1.10578 0.255819 3.17402
492200 1.74341 1.07456 0.278595 3.09657
492300 1.7002 1.13262 0.2793 3.11212
492400 1.69566 1.10283 0.258121 3.05661
492500 1.64999 1.08702 0.24941 2.98642
492600 1.64688 1.06889 0.246868 2.96264
492700 1.62641 1.08076 0.250553 2.95773
492800 1.5764 1.041 0.249188 2.86659
492900 1.51701 1.03839 0.262039 2.81744
493000 1.52216 1.00727 0.28321 2.81264
493100 1.51033 1.01893 0.2819 2.81116
493200 1.51753 1.00919 0.265091 2.79182
493300 1.55578 1.05635 0.286313 2.89844
493400 1.61883 1.06511 0.300518 2.98446
493500 1.63455 1.09211 0.298684 3.02534
493600 1.68563 1.10432 0.28877 3.07872
493700 1.75431 1.16492 0.276514 3.19574
493800 1.79711 1.17622 0.253028 3.22635
493900 1.84103 1.16952 0.237303 3.24786
494000 1.86349 1.16186 0.221469 3.24682
494100 1.82581 1.16275 0.225308 3.21387
494200 1.75455 1.12268 0.284389 3.16162
494300 1.6992 1.14434 0.324262 3.1678
494400 1.62101 1.13001 0.307635 3.05865
494500 1.59571 1.10678 0.317597 3.02008
494600 1.61566 1.10871 0.329135 3.05351
494700 1.60608 1.11277 0.287819 3.00667
494800 1.5638 1.12728 0.266997 2.95808
494900 1.60154 1.12126 0.289194 3.01199
495000 1.66501 1.10405 0.251721 3.02078
495100 1.71625 1.08089 0.20706 3.00421
495200 1.75765 1.09551 0.220485 3.07364
495300 1.79713 1.09924 0.24048 3.13685
495400 1.78304 1.09306 0.239461 3.11556
495500 1.77751 1.11547 0.269082 3.16206
495600 1.7472 1.13523 0.295344 3.17777
495700 1.7655 1.10585 0.287688 3.15904
495800 1.76768 1.09319 0.277264 3.13813
495900 1.74496 1.07244 0.277462 3.09486
496000 1.71632 1.07604 0.282809 3.07517
496100 1.67234 1.08215 0.309553 3.06404
496200 1.60729 1.09627 0.289328 2.99289
496300 1.57004 1.06859 0.252083 2.89071
496400 1.56422 1.04051 0.252808 2.85753
496500 1.5864 1.00796 0.258783 2.85314
496600 1.57769 1.01558 0.246313 2.83958
496700 1.59962 1.05006 0.273831 2.92351
496800 1.64093 1.11353 0.314202 3.06867
496900 1.71307 1.12683 0.286077 3.12598
497000 1.7525 1.1502 0.249468 3.15217
497100 1.83013 1.15154 0.25294 3.23461
497200 1.89008 1.182 0.262106 3.33418
497300 1.88962 1.16853 0.273094 3.33125
497400 1.87494 1.15989 0.283248 3.31807
497500 1.86934 1.12153 0.298367 3.28923
497600 1.80032 1.11463 0.289591 3.20455
497700 1.76045 1.0774 0.268101 3.10594
497800 1.72773 1.0925 0.264155 3.08438
497900 1.70388 1.09453 0.286358 3.08477
498000 1.67327 1.11424 0.291108 3.07863
498100 1.68425 1.10025 0.26131 3.04581
498200 1.67306 1.1142 0.245432 3.03269
498300 1.70356 1.07733 0.259481 3.04038
498400 1.71305 1.08182 0.261393 3.05626
498500 1.7179 1.06874 0.268541 3.05518
498600 1.66925 1.12475 0.300166 3.09416
498700 1.66991 1.11909 0.323409 3.1124
498800 1.66198 1.1127 0.303621 3.07829
498900 1.67114 1.07931 0.289917 3.04037
499000 1.67395 1.08915 0.312231 3.07532
499100 1.66727 1.07903 0.343428 3.08973
499200 1.61472 1.10757 0.345621 3.06791
499300 1.58793 1.07719 0.339257 3.00437
499400 1.57813 1.05854 0.321592 2.95826
499500 1.59889 1.03275 0.279388 2.91102
499600 1.60722 1.02054 0.247545 2.87531
499700 1.62587 1.01423 0.241813 2.88192
499800 1.59182 1.07584 0.267699 2.93536
499900 1.56223 1.12086 0.306752 2.98984
500000 1.60615 1.1347 0.320017 3.06086
500100 1.70514 1.13768 0.303706 3.14653
500200 1.75861 1.18215 0.29278 3.23354
500300 1.77687 1.20648 0.27945 3.2628
500400 1.80828 1.23828 0.274868 3.32143
500500 1.78095 1.24484 0.286463 3.31225
500600 1.75066 1.24341 0.292109 3.28617
500700 1.76886 1.19792 0.272591 3.23937
500800 1.7724 1.13316 0.27401 3.17957
500900 1.71898 1.10387 0.281795 3.10465
501000 1.64295 1.11881 0.273732 3.03549
501100 1.57931 1.12735 0.262953 2.96961
501200 1.56292 1.11111 0.280685 2.95471
501300 1.59181 1.06203 0.279524 2.93337
501400 1.61007 1.0283 0.272849 2.91122
501500 1.61821 0.994169 0.279083 2.89146
501600 1.62802 1.01177 0.292869 2.93266
501700 1.56341 1.05474 0.304413 2.92256
501800 1.51214 1.06917 0.315728 2.89704
501900 1.53224 1.07763 0.292088 2.90196
502000 1.60087 1.05838 0.263272 2.92252
502100 1.62976 1.04547 0.246628 2.92186
502200 1.66043 1.10276 0.245778 3.00897
502300 1.63747 1.18182 0.249662 3.06895
502400 1.62818 1.21724 0.276516 3.12193
502500 1.6529 1.23867 0.308615 3.20019
502600 1.73043 1.19522 0.312209 3.23786
502700 1.74591 1.1763 0.287649 3.20986
502800 1.81119 1.19114 0.270983 3.27331
502900 1.85596 1.22542 0.285449 3.36682
503000 1.85005 1.25022 0.280855 3.38113
503100 1.83182 1.32592 0.2726 3.43034
503200 1.93445 1.32917 0.290803 3.55442
503300 2.00007 1.24251 0.292512 3.53509
503400 2.03443 1.22365 0.259766 3.51785
503500 2.01887 1.26963 0.26535 3.55385
503600 1.98833 1.2403 0.314183 3.54281
503700 1.85868 1.26159 0.328811 3.44908
503800 1.80438 1.27109 0.31622 3.39169
503900 1.79804 1.21396 0.319035 3.33104
504000 1.81546 1.13188 0.286243 3.23358
504100 1.77774 1.12835 0.272425 3.17852
504200 1.77008 1.17265 0.275801 3.21853
504300 1.70593 1.20382 0.280943 3.19069
504400 1.70106 1.17059 0.292585 3.16424
504500 1.72671 1.16869 0.305688 3.20108
504600 1.78029 1.16054 0.280215 3.22104
504700 1.79224 1.14161 0.265381 3.19923
504800 1.83369 1.15656 0.298188 3.28844
504900 1.82965 1.23865 0.312281 3.38058
505000 1.83875 1.23324 0.294144 3.36614
505100 1.92281 1.20779 0.308589 3.43919
505200 2.04554 1.18748 0.325094 3.55811
505300 2.01718 1.19404 0.293273 3.50449
505400 2.00395 1.21888 0.287439 3.51027
505500 2.00276 1.28725 0.330935 3.62094
505600 1.97699 1.27017 0.321176 3.56833
505700 1.92553 1.20839 0.281553 3.41547
505800 1.95142 1.16652 0.292773 3.41071
505900 1.90543 1.16102 0.311089 3.37754
506000 1.80275 1.18033 0.281305 3.26438
506100 1.75014 1.2546 0.278302 3.28304
506200 1.76862 1.21409 0.30643 3.28913
506300 1.76014 1.14556 0.295176 3.20088
506400 1.79228 1.11877 0.271038 3.18209
506500 1.79648 1.11816 0.280076 3.19471
506600 1.77175 1.14848 0.275711 3.19594
506700 1.71665 1.19461 0.284635 3.1959
506800 1.73408 1.20338 0.306184 3.24365
506900 1.75405 1.16609 0.30565 3.22579
507000 1.77693 1.09794 0.292636 3.16751
507100 1.77278 1.06521 0.320581 3.15857
507200 1.75157 1.07608 0.32063 3.14828
507300 1.66583 1.09626 0.286817 3.04891
507400 1.60928 1.09854 0.292033 2.99985
507500 1.64354 1.08804 0.296936 3.02852
507600 1.66545 1.09814 0.256914 3.02051
507700 1.6464 1.11421 0.248393 3.00899
507800 1.70102 1.16634 0.278459 3.14582
507900 1.74461 1.20528 0.26853 3.21843
508000 1.70519 1.20577 0.260384 3.17135
508100 1.67872 1.19455 0.291495 3.16476
508200 1.69764 1.16655 0.319391 3.18359
508300 1.68664 1.11307 0.327875 3.12758
508400 1.63589 1.1367 0.336193 3.10878
508500 1.62219 1.18841 0.330345 3.14095
508600 1.6495 1.18873 0.302617 3.14084
508700 1.67512 1.15865 0.289715 3.12348
508800 1.72024 1.17243 0.281877 3.17454
508900 1.79802 1.16213 0.278796 3.23894
509000 1.81834 1.16214 0.264819 3.24531
509100 1.81571 1.17884 0.251678 3.24623
509200 1.78079 1.2201 0.227944 3.22883
509300 1.74397 1.20214 0.228141 3.17425
509400 1.71292 1.15792 0.260481 3.13132
509500 1.7108 1.11791 0.273858 3.10256
509600 1.64252 1.142 0.248792 3.03331
509700 1.59356 1.13747 0.267002 2.99804
509800 1.58032 1.14582 0.287393 3.01353
509900 1.54578 1.14374 0.24825 2.93777
510000 1.51922 1.15262 0.233985 2.90583
510100 1.59059 1.12578 0.273431 2.98981
510200 1.6422 1.14351 0.265832 3.05155
510300 1.67826 1.15863 0.254318 3.09121
510400 1.7461 1.20038 0.272012 3.21849
510500 1.78225 1.20339 0.281413 3.26705
510600 1.7503 1.17031 0.266073 3.18668
510700 1.74706 1.11237 0.285365 3.14479
510800 1.71036 1.1471 0.302438 3.15989
510900 1.64865 1.13002 0.303413 3.08208
511000 1.62259 1.13932 0.301048 3.06296
511100 1.64803 1.16746 0.28496 3.10045
511200 1.66104 1.14303 0.282099 3.08617
511300 1.7082 1.1148 0.288168 3.11117
511400 1.74267 1.16308 0.27229 3.17804
511500 1.72261 1.17509 0.249664 3.14736
511600 1.64903 1.17146 0.250885 3.07138
511700 1.64141 1.2205 0.255335 3.11725
511800 1.60029 1.21721 0.254786 3.07229
511900 1.56343 1.1415 0.260749 2.96568
512000 1.58883 1.14483 0.279419 3.01308
512100 1.62932 1.14196 0.293237 3.06452
512200 1.55931 1.12402 0.270364 2.95369
512300 1.52751 1.18418 0.249585 2.96127
512400 1.52291 1.2287 0.246013 2.99763
512500 1.50526 1.19445 0.249949 2.94965
512600 1.47616 1.16532 0.249799 2.89128
512700 1.52251 1.13626 0.261352 2.92013
512800 1.46875 1.09367 0.269936 2.83235
512900 1.40527 1.10802 0.266481 2.77977
513000 1.40806 1.11666 0.269645 2.79436
513100 1.42621 1.12774 0.274889 2.82883
513200 1.42587 1.1201 0.264458 2.81042
513300 1.4901 1.11337 0.254655 2.85813
513400 1.54982 1.12145 0.234098 2.90537
513500 1.53936 1.1514 0.230779 2.92154
513600 1.54583 1.14678 0.243544 2.93616
513700 1.62036 1.15611 0.252501 3.02898
513800 1.62629 1.14016 0.273979 3.04042
513900 1.63611 1.08106 0.29992 3.01709
514000 1.65293 1.03753 0.310276 3.00073
514100 1.63033 1.03684 0.317208 2.98438
514200 1.52663 1.03233 0.331544 2.89051
514300 1.4784 1.04113 0.349016 2.86855
514400 1.46552 0.996183 0.34994 2.81164
514500 1.45022 0.946061 0.328205 2.72448
514600 1.43345 0.937427 0.294078 2.66496
514700 1.46623 0.947676 0.284802 2.69871
514800 1.46761 0.973099 0.257511 2.69821
514900 1.47157 1.0334 0.254974 2.75995
515000 1.4993 1.05198 0.298531 2.84982
515100 1.50931 1.019 0.288792 2.81711
515200 1.47792 1.01725 0.253018 2.74818
515300 1.48523 1.01544 0.260537 2.76121
515400 1.4793 1.02577 0.267332 2.77239
515500 1.45785 1.08185 0.251463 2.79116
515600 1.46236 1.06832 0.272438 2.80312
515700 1.53027 1.04824 0.298294 2.8768
515800 1.59561 1.04343 0.286195 2.92524
515900 1.63685 1.02899 0.283278 2.94912
516000 1.63753 1.07112 0.285677 2.99433
516100 1.6299 1.16577 0.28554 3.08121
516200 1.59466 1.17923 0.277807 3.05169
516300 1.58247 1.14884 0.271941 3.00325
516400 1.62685 1.10515 0.259888 2.99189
516500 1.63906 1.05919 0.247917 2.94616
516600 1.58852 1.04886 0.244376 2.88175
516700 1.55254 1.09083 0.240675 2.88404
516800 1.51973 1.11015 0.254845 2.88473
516900 1.50357 1.10561 0.271709 2.88089
517000 1.53997 1.08849 0.267535 2.89599
517100 1.58626 1.05847 0.258627 2.90336
517200 1.56734 1.05567 0.261013 2.88402
517300 1.51832 1.08549 0.260761 2.86457
517400 1.50567 1.06519 0.257971 2.82884
517500 1.50744 1.04062 0.263423 2.81148
517600 1.50081 1.02261 0.289426 2.81285
517700 1.50246 0.978905 0.298731 2.7801
517800 1.47569 0.964987 0.287138 2.72782
517900 1.41438 0.978937 0.274248 2.66756
518000 1.39572 0.994782 0.275092 2.66559
518100 1.43345 1.01826 0.269293 2.721
518200 1.43804 1.02629 0.264342 2.72867
518300 1.46148 1.01831 0.277022 2.75681
518400 1.51772 1.02637 0.298138 2.84222
518500 1.54409 1.04545 0.286668 2.8762
518600 1.53042 1.06535 0.265584 2.86135
518700 1.56216 1.09859 0.272527 2.93328
518800 1.62388 1.12465 0.284877 3.0334
518900 1.62238 1.11389 0.274982 3.01125
519000 1.63625 1.10233 0.271145 3.00973
519100 1.66189 1.10632 0.257025 3.02523
519200 1.66341 1.09896 0.251278 3.01365
519300 1.61397 1.12672 0.262257 3.00295
519400 1.58788 1.13377 0.270758 2.99241
519500 1.55546 1.09916 0.276031 2.93065
519600 1.49518 1.05931 0.314311 2.8688
519700 1.4514 1.0222 0.314206 2.7878
519800 1.43607 0.989839 0.286859 2.71277
519900 1.40796 1.00423 0.295904 2.70809
520000 1.38847 1.00911 0.308486 2.70607
520100 1.39267 1.01767 0.266546 2.67689
520200 1.43474 0.993826 0.25082 2.67939
520300 1.46238 0.954822 0.267591 2.68479
520400 1.48979 0.978527 0.248888 2.7172
520500 1.49997 1.05442 0.235019 2.7894
520600 1.51255 1.09412 0.265431 2.8721
520700 1.53668 1.1037 0.284445 2.92482
520800 1.58009 1.08726 0.272166 2.93952
520900 1.59272 1.05954 0.28772 2.93999
521000 1.60417 1.02268 0.300516 2.92737
521100 1.62048 1.05466 0.285995 2.96114
521200 1.60551 1.08886 0.284986 2.97936
521300 1.56964 1.07647 0.296703 2.94282
521400 1.59572 1.03844 0.298821 2.93299
521500 1.6026 1.00591 0.303895 2.9124
521600 1.57171 0.970548 0.318568 2.86083
521700 1.52356 1.00802 0.31074 2.84232
521800 1.51275 1.02482 0.326128 2.8637
521900 1.44954 1.02683 0.314837 2.79121
522000 1.40851 1.00808 0.287581 2.70417
522100 1.42273 0.977422 0.280667 2.68081
522200 1.45436 0.928704 0.298293 2.68136
522300 1.43323 0.933857 0.28828 2.65537
522400 1.42874 0.992416 0.27842 2.69957
522500 1.45429 1.05553 0.299429 2.80926
522600 1.49248 1.07942 0.297011 2.86892
522700 1.52193 1.10751 0.278746 2.90819
522800 1.60511 1.074 0.28847 2.96758
522900 1.64716 1.04795 0.288634 2.98375
523000 1.62194 1.06041 0.258367 2.94072
523100 1.58713 1.07897 0.235692 2.90178
523200 1.5902 1.08258 0.239585 2.91236
523300 1.55929 1.05568 0.257984 2.87296
523400 1.52663 1.00788 0.250447 2.78496
523500 1.51837 0.986716 0.244978 2.75006
523600 1.51998 1.01006 0.264331 2.79437
523700 1.47169 1.0665 0.288284 2.82648
523800 1.43844 1.10112 0.272361 2.81192
523900 1.44108 1.11368 0.257977 2.81274
524000 1.45979 1.08686 0.291662 2.83831
524100 1.46393 1.02011 0.293199 2.77724
524200 1.48924 1.02617 0.255175 2.77058
524300 1.4946 1.06318 0.266891 2.82467
524400 1.48138 1.09124 0.285507 2.85813
524500 1.49086 1.13056 0.257495 2.87891
524600 1.59501 1.11771 0.243839 2.95657
524700 1.66741 1.05726 0.271102 2.99577
524800 1.73446 1.05551 0.27187 3.06184
524900 1.77442 1.08705 0.263236 3.1247
525000 1.74786 1.13509 0.266937 3.14989
525100 1.67581 1.17461 0.257405 3.10782
525200 1.67072 1.15834 0.251235 3.0803
525300 1.65634 1.07947 0.259548 2.99536
525400 1.63089 1.01679 0.265104 2.91278
525500 1.58367 1.03792 0.287561 2.90915
525600 1.50759 1.08678 0.293233 2.88761
525700 1.43806 1.10749 0.276171 2.82171
525800 1.4462 1.10562 0.265097 2.81692
525900 1.4701 1.05739 0.274939 2.80243
526000 1.4876 1.02765 0.271448 2.7867
526100 1.50324 1.03855 0.275601 2.81739
526200 1.54383 1.09017 0.279452 2.91345
526300 1.55956 1.14012 0.268626 2.96831
526400 1.60993 1.16666 0.253713 3.0303
526500 1.72637 1.16705 0.276194 3.16962
526600 1.8661 1.17743 0.303254 3.34678
526700 1.94744 1.18926 0.312027 3.44872
526800 1.98385 1.22441 0.29169 3.49995
526900 2.0063 1.26976 0.293393 3.56945
527000 1.94012 1.26298 0.283375 3.48647
527100 1.86837 1.23141 0.260192 3.35997
527200 1.8382 1.19758 0.236444 3.27222
527300 1.75348 1.10948 0.240493 3.10346
527400 1.64422 1.07627 0.255266 2.97575
527500 1.56048 1.09177 0.252816 2.90506
527600 1.47897 1.08659 0.253273 2.81883
527700 1.42548 1.04071 0.295988 2.76217
527800 1.43166 1.03439 0.334551 2.80061
527900 1.42444 1.01926 0.309843 2.75355
528000 1.40794 1.01653 0.296202 2.72067
528100 1.45422 1.05334 0.305759 2.81332
528200 1.49475 1.10371 0.280888 2.87935
528300 1.51546 1.10072 0.26199 2.87817
528400 1.53231 1.10614 0.269759 2.90821
528500 1.61075 1.04768 0.272335 2.93076
528600 1.63054 0.999342 0.256839 2.88672
528700 1.55525 0.998282 0.254169 2.8077
528800 1.49174 1.01913 0.239118 2.74998
528900 1.47753 0.988449 0.256486 2.72247
529000 1.41017 0.983236 0.287524 2.68093
529100 1.39712 0.972801 0.271227 2.64115
529200 1.4286 0.961796 0.260035 2.65043
529300 1.44408 0.928122 0.274383 2.64659
529400 1.39129 0.968123 0.247759 2.60717
529500 1.40356 1.02573 0.227932 2.65723
529600 1.39927 1.01348 0.26386 2.67661
529700 1.39514 0.979382 0.286136 2.66066
529800 1.40022 1.00288 0.280776 2.68388
529900 1.44766 0.974908 0.286556 2.70912
530000 1.45294 0.963454 0.302262 2.71866
530100 1.49033 1.03146 0.308884 2.83068
530200 1.50649 1.08037 0.310834 2.89769
530300 1.52832 1.05104 0.324743 2.90411
530400 1.57536 1.0275 0.338106 2.94096
530500 1.64602 1.01234 0.310518 2.96888
530600 1.61012 1.01946 0.288791 2.91837
530700 1.55211 1.05146 0.268292 2.87186
530800 1.50299 1.02735 0.264905 2.79524
530900 1.44826 0.996375 0.268122 2.71276
531000 1.37422 0.97012 0.282409 2.62675
531100 1.41649 0.916567 0.287519 2.62057
531200 1.43467 0.903649 0.281568 2.61988
531300 1.39592 0.946709 0.269839 2.61247
531400 1.39212 0.969197 0.288249 2.64957
531500 1.44753 0.989407 0.314627 2.75156
531600 1.44751 1.00508 0.321455 2.77404
531700 1.50274 0.997492 0.320227 2.82046
531800 1.57671 1.00767 0.321727 2.90611
531900 1.60392 1.05154 0.281953 2.93741
532000 1.58109 1.0464 0.268709 2.8962
532100 1.62597 1.08976 0.284456 3.00019
532200 1.6352 1.09727 0.292061 3.02453
532300 1.60891 1.02811 0.295457 2.93247
532400 1.56498 0.983002 0.294812 2.8428
532500 1.52634 1.00918 0.265759 2.80129
532600 1.42846 0.988251 0.257971 2.67468
532700 1.36928 0.991865 0.270026 2.63117
532800 1.33402 0.979748 0.277289 2.59106
532900 1.31535 0.955327 0.287734 2.55841
533000 1.30276 0.923546 0.312035 2.53834
533100 1.33376 0.934312 0.300491 2.56856
533200 1.34585 0.932024 0.279475 2.55735
533300 1.37431 0.974354 0.284152 2.63282
533400 1.4348 1.00554 0.314844 2.75519
533500 1.50461 1.02172 0.314548 2.84089
533600 1.52364 1.03554 0.307097 2.86627
533700 1.55523 1.05516 0.29407 2.90446
533800 1.61011 1.03298 0.269522 2.91261
533900 1.60607 1.07207 0.239586 2.91773
534000 1.57839 1.05556 0.254546 2.8885
534100 1.56771 1.03592 0.279135 2.88277
534200 1.52786 1.04857 0.282185 2.85862
534300 1.52976 1.03824 0.305755 2.87375
534400 1.55551 0.959547 0.315999 2.83105
534500 1.54848 0.996172 0.283602 2.82825
534600 1.50162 1.00388 0.283892 2.7894
534700 1.45408 0.981593 0.312543 2.74821
534800 1.43515 1.00058 0.298578 2.73431
534900 1.43604 1.01351 0.277236 2.72678
535000 1.45571 0.956926 0.273055 2.68569
535100 1.46289 0.971857 0.246585 2.68133
535200 1.46333 0.985361 0.245722 2.69441
535300 1.45849 1.00301 0.293016 2.75452
535400 1.49095 1.02872 0.32491 2.84458
535500 1.50784 1.04707 0.320617 2.87553
535600 1.55412 0.987335 0.306513 2.84796
535700 1.6005 0.97897 0.295603 2.87508
535800 1.59452 0.969521 0.287164 2.8512
535900 1.51039 0.996522 0.292695 2.79961
536000 1.47883 1.02453 0.31333 2.81669
536100 1.48847 1.00349 0.313295 2.80525
536200 1.49578 0.9684 0.288519 2.7527
536300 1.50298 0.964747 0.273962 2.74169
536400 1.53945 0.952293 0.269365 2.76111
536500 1.47199 0.992715 0.269876 2.73458
536600 1.39936 1.03755 0.288299 2.72521
536700 1.41181 1.00847 0.320709 2.74099
536800 1.46169 0.976213 0.301481 2.73938
536900 1.46892 0.9821 0.289316 2.74034
537000 1.5146 0.973651 0.29664 2.78489
537100 1.55431 1.02434 0.29755 2.8762
537200 1.58419 1.09541 0.30236 2.98197
537300 1.64068 1.10526 0.319454 3.06539
537400 1.72744 1.13214 0.292936 3.15251
537500 1.73823 1.13103 0.280851 3.15011
537600 1.74548 1.08655 0.277638 3.10967
537700 1.70528 1.0826 0.274141 3.06202
537800 1.61947 1.1022 0.276169 2.99784
537900 1.57712 1.0699 0.291728 2.93874
538000 1.61411 1.05793 0.288812 2.96085
538100 1.61162 1.01385 0.275902 2.90137
538200 1.59733 0.988606 0.260068 2.846
538300 1.57327 0.988394 0.266646 2.82831
538400 1.49921 1.01289 0.28283 2.79493
538500 1.39817 1.01849 0.290968 2.70763
538600 1.40202 1.03517 0.301703 2.73889
538700 1.4106 0.981903 0.300975 2.69348
538800 1.3954 0.946568 0.270843 2.61281
538900 1.42426 0.979145 0.281421 2.68482
539000 1.49009 0.999206 0.318843 2.80814
539100 1.48573 1.01215 0.302886 2.80076
539200 1.55185 1.10545 0.292911 2.95021
539300 1.66057 1.10484 0.310055 3.07547
539400 1.7169 1.06589 0.276807 3.0596
539500 1.69075 1.13399 0.24776 3.0725
539600 1.70023 1.16457 0.275711 3.14051
539700 1.66345 1.11831 0.300655 3.08242
539800 1.61386 1.14492 0.297781 3.05656
539900 1.64015 1.1599 0.297678 3.09774
540000 1.68091 1.1164 0.292463 3.08977
540100 1.6518 1.08999 0.285587 3.02738
540200 1.64029 1.08255 0.310462 3.03331
540300 1.621 1.06118 0.330985 3.01316
540400 1.59601 1.02121 0.314257 2.93148
540500 1.59373 0.996746 0.303956 2.89443
540600 1.6212 1.00177 0.285794 2.90876
540700 1.57801 1.01212 0.254288 2.84442
540800 1.57018 1.01477 0.235832 2.82078
540900 1.57735 1.04039 0.258758 2.87649
541000 1.54909 1.06189 0.263182 2.87416
541100 1.52549 1.05423 0.259758 2.83949
541200 1.56035 1.05738 0.286662 2.90439
541300 1.56267 1.06512 0.304301 2.93209
541400 1.52648 1.02334 0.297018 2.84684
541500 1.52083 1.04238 0.3084 2.87161
541600 1.52941 1.04281 0.354066 2.92629
541700 1.52233 0.99899 0.324342 2.84566
541800 1.5407 1.0099 0.293083 2.84369
541900 1.60006 1.01171 0.303677 2.91544
542000 1.61219 0.995061 0.298927 2.90618
542100 1.59936 1.02681 0.272986 2.89915
542200 1.61305 1.03374 0.287026 2.93381
542300 1.61322 1.00644 0.280932 2.90059
542400 1.59492 0.985459 0.255705 2.83609
542500 1.59576 0.968853 0.258346 2.82296
542600 1.58142 0.984944 0.270514 2.83688
542700 1.55424 1.03531 0.27665 2.86621
542800 1.5455 1.07171 0.301274 2.91848
542900 1.57422 1.0796 0.315047 2.96887
543000 1.58859 1.09028 0.304651 2.98353
543100 1.57865 1.09895 0.293447 2.97105
543200 1.56717 1.11096 0.322175 3.0003
543300 1.58099 1.13389 0.328928 3.04381
543400 1.58047 1.12587 0.310093 3.01643
543500 1.60086 1.09313 0.294821 2.98881
543600 1.6508 1.06161 0.290343 3.00276
543700 1.66802 1.01924 0.249965 2.93722
543800 1.666 1.02008 0.244267 2.93035
543900 1.65803 1.05859 0.275575 2.9922
544000 1.64296 1.06079 0.283742 2.98749
544100 1.63871 1.05082 0.263174 2.95271
544200 1.59049 1.05358 0.28668 2.93075
544300 1.53674 1.0508 0.288877 2.87642
544400 1.50136 1.05079 0.270228 2.82238
544500 1.45278 1.08899 0.287126 2.8289
544600 1.39593 1.10064 0.327779 2.82435
544700 1.41416 1.09014 0.322289 2.82659
544800 1.45744 1.05024 0.314181 2.82187
544900 1.46026 1.00292 0.319127 2.78231
545000 1.475 0.997891 0.305885 2.77878
545100 1.50631 1.02133 0.288704 2.81634
545200 1.50559 1.0525 0.283371 2.84146
545300 1.48379 1.07107 0.263696 2.81856
545400 1.53055 1.04421 0.249337 2.8241
545500 1.55972 1.00669 0.23621 2.80263
545600 1.51378 1.00731 0.231333 2.75242
545700 1.50606 1.01134 0.247249 2.76465
545800 1.49863 1.01877 0.286226 2.80363
545900 1.43772 1.01652 0.294128 2.74836
546000 1.4098 0.994146 0.281718 2.68567
546100 1.47149 0.936706 0.273347 2.68154
546200 1.47068 0.895041 0.254416 2.62014
546300 1.41835 0.929303 0.23917 2.58683
546400 1.40606 0.987065 0.240164 2.63329
546500 1.39817 0.994864 0.259142 2.65217
546600 1.39067 0.953444 0.24731 2.59142
546700 1.42675 0.92895 0.224729 2.58043
546800 1.46041 0.892667 0.239544 2.59263
546900 1.42345 0.891613 0.251655 2.56672
547000 1.40861 0.943488 0.260512 2.61261
547100 1.40565 1.00477 0.2744 2.68482
547200 1.41571 0.990579 0.296815 2.7031
547300 1.46131 0.972059 0.28404 2.7174
547400 1.55135 0.977782 0.251301 2.78044
547500 1.55575 1.00565 0.247054 2.80846
547600 1.52343 1.0383 0.247067 2.80879
547700 1.53 1.07866 0.238006 2.84666
547800 1.54079 1.08057 0.220325 2.84168
547900 1.52954 1.06539 0.230151 2.82509
548000 1.58867 1.06566 0.239335 2.89367
548100 1.62257 1.09967 0.237497 2.95974
548200 1.55282 1.1179 0.248596 2.91932
548300 1.50093 1.13295 0.274851 2.90873
548400 1.51498 1.13374 0.275995 2.92471
548500 1.50202 1.08733 0.267898 2.85724
548600 1.47851 1.05434 0.261475 2.79432
548700 1.51581 1.0579 0.282639 2.85635
548800 1.49218 1.07401 0.287449 2.85365
548900 1.43754 1.11497 0.27238 2.82489
549000 1.46094 1.16375 0.268544 2.89324
549100 1.54915 1.15028 0.293147 2.99257
549200 1.5479 1.12817 0.277015 2.95309
549300 1.56381 1.14097 0.279727 2.98451
549400 1.59293 1.18217 0.321651 3.09675
549500 1.5591 1.20481 0.342943 3.10685
549600 1.47842 1.23671 0.30776 3.0229
549700 1.52787 1.23804 0.312063 3.07797
549800 1.56032 1.17071 0.313399 3.04443
549900 1.49833 1.17156 0.291938 2.96182
550000 1.49371 1.20044 0.26632 2.96047
550100 1.57144 1.1261 0.295436 2.99297
550200 1.49809 1.1099 0.295029 2.90302
550300 1.40568 1.13464 0.266537 2.80685
550400 1.40014 1.11896 0.253252 2.77235
550500 1.38227 1.0712 0.265371 2.71885
550600 1.32909 1.06077 0.2686 2.65846
550700 1.37317 1.07202 0.274322 2.71951
550800 1.38761 1.05847 0.258696 2.70477
550900 1.38329 1.02417 0.255148 2.66261
551000 1.41724 1.00483 0.260021 2.68209
551100 1.45462 1.01331 0.264957 2.7329
551200 1.41763 1.04407 0.271418 2.73312
551300 1.41859 1.04473 0.294605 2.75793
551400 1.46247 1.06485 0.283217 2.81053
551500 1.47694 1.00682 0.251416 2.73517
551600 1.44061 0.922305 0.243343 2.60626
551700 1.40232 0.932761 0.253028 2.58811
551800 1.33944 0.96103 0.244105 2.54457
551900 1.28547 0.962796 0.240052 2.48832
552000 1.3129 1.03695 0.244463 2.59431
552100 1.38085 1.05115 0.248146 2.68015
552200 1.39316 1.0234 0.255262 2.67182
552300 1.43201 1.03255 0.273137 2.7377
552400 1.45838 1.05807 0.282275 2.79873
552500 1.41928 1.03568 0.281182 2.73614
552600 1.38927 1.06172 0.287045 2.73804
552700 1.44158 1.0382 0.257136 2.73693
552800 1.46623 1.02037 0.226071 2.71268
552900 1.48221 1.01563 0.24151 2.73935
553000 1.52275 1.01073 0.277188 2.81067
553100 1.52089 1.02153 0.272746 2.81517
553200 1.48675 1.05201 0.26208 2.80084
553300 1.49867 1.00834 0.26755 2.77456
553400 1.50891 0.953741 0.270852 2.7335
553500 1.44132 0.924515 0.263384 2.62922
553600 1.33385 0.894154 0.271879 2.49989
553700 1.27972 0.886186 0.29606 2.46197
553800 1.2381 0.870214 0.295539 2.40386
553900 1.22189 0.827054 0.250058 2.299
554000 1.24798 0.837676 0.244922 2.33058
554100 1.27571 0.861769 0.268924 2.40641
554200 1.27144 0.878832 0.258187 2.40846
554300 1.27512 0.916991 0.260732 2.45284
554400 1.31619 0.949192 0.295814 2.5612
554500 1.34675 0.900815 0.287238 2.5348
554600 1.4091 0.904273 0.269719 2.58309
554700 1.43881 0.934019 0.300439 2.67327
554800 1.40463 0.95338 0.336736 2.69475
554900 1.41144 0.983545 0.315656 2.71064
555000 1.47897 1.00151 0.314191 2.79467
555100 1.51871 0.957867 0.310098 2.78667
555200 1.52272 0.957948 0.294352 2.77502
555300 1.50101 0.969624 0.270695 2.74133
555400 1.44895 0.993878 0.299301 2.74213
555500 1.37952 0.971504 0.312875 2.66389
555600 1.36296 0.927428 0.28762 2.57801
555700 1.33917 0.899158 0.25272 2.49105
555800 1.29087 0.911873 0.252256 2.455
555900 1.26501 0.89953 0.26961 2.43415
556000 1.25299 0.941118 0.294704 2.48881
556100 1.22937 0.982103 0.297674 2.50915
556200 1.27496 0.972457 0.299676 2.54709
556300 1.38466 0.919644 0.300062 2.60437
556400 1.44973 0.928083 0.294184 2.67199
556500 1.43967 0.920542 0.285799 2.64602
556600 1.4663 0.931198 0.319385 2.71688
556700 1.48675 0.93602 0.355068 2.77784
556800 1.48093 0.933188 0.345588 2.75971
556900 1.50134 0.912504 0.338012 2.75186
557000 1.58083 0.89765 0.340982 2.81946
557100 1.56052 0.891791 0.325271 2.77758
557200 1.49154 0.93632 0.315139 2.743
557300 1.47947 0.962239 0.296689 2.7384
557400 1.49349 0.95563 0.293606 2.74273
557500 1.45283 0.93957 0.304393 2.69679
557600 1.43934 0.946354 0.295034 2.68072
557700 1.46701 0.922578 0.281794 2.67138
557800 1.46342 0.917436 0.327804 2.70866
557900 1.40714 0.906276 0.346982 2.6604
558000 1.38179 0.911138 0.316441 2.60936
558100 1.35246 0.912333 0.326071 2.59087
558200 1.3288 0.879353 0.35015 2.5583
558300 1.33628 0.880945 0.317337 2.53456
558400 1.39447 0.886304 0.322407 2.60318
558500 1.40316 0.871335 0.349251 2.62374
558600 1.4131 0.91583 0.308216 2.63714
558700 1.45861 0.968467 0.279558 2.70663
558800 1.5307 0.953209 0.315478 2.79938
558900 1.53745 0.962828 0.324402 2.82467
559000 1.55801 1.00573 0.31172 2.87546
559100 1.56463 1.02598 0.347461 2.93807
559200 1.55393 1.00838 0.36781 2.93012
559300 1.54976 0.999633 0.33389 2.88328
559400 1.55958 0.986832 0.336396 2.88281
559500 1.5342 0.924504 0.380102 2.83881
559600 1.50546 0.895854 0.367295 2.76861
559700 1.49588 0.921532 0.33313 2.75054
559800 1.48565 0.925602 0.321836 2.73309
559900 1.44172 0.909285 0.308497 2.65951
560000 1.41446 0.938127 0.264885 2.61747
560100 1.42185 0.925836 0.253311 2.601
560200 1.40442 0.844727 0.271564 2.52071
560300 1.39178 0.832997 0.275658 2.50044
560400 1.41663 0.857611 0.265902 2.54014
560500 1.39589 0.86097 0.280967 2.53783
560600 1.33911 0.875585 0.310758 2.52546
560700 1.36295 0.882358 0.342713 2.58802
560800 1.3995 0.830857 0.362498 2.59286
560900 1.39798 0.806246 0.385316 2.58954
561000 1.39696 0.846471 0.365125 2.60855
561100 1.44891 0.895323 0.342226 2.68646
561200 1.47218 0.913123 0.324605 2.70991
561300 1.49065 0.919668 0.312767 2.72308
561400 1.50104 0.939731 0.284432 2.7252
561500 1.49272 0.949623 0.291404 2.73374
561600 1.46546 0.985465 0.292847 2.74377
561700 1.47343 1.02934 0.285208 2.78797
561800 1.44962 1.05644 0.298885 2.80494
561900 1.43502 1.04018 0.322268 2.79747
562000 1.46024 1.0094 0.311513 2.78116
562100 1.50876 0.990887 0.305993 2.80564
562200 1.48397 1.02847 0.31741 2.82985
562300 1.46767 1.09894 0.296486 2.8631
562400 1.47821 1.16116 0.268194 2.90756
562500 1.52201 1.15217 0.306304 2.98048
562600 1.5434 1.08664 0.328438 2.95848
562700 1.60983 1.04227 0.289415 2.94152
562800 1.63862 1.01122 0.278198 2.92804
562900 1.61993 1.0253 0.285898 2.93112
563000 1.58967 1.0881 0.272052 2.94982
563100 1.61299 1.09296 0.285576 2.99153
563200 1.59032 1.05687 0.337224 2.98442
563300 1.58237 1.03679 0.3476 2.96677
563400 1.58226 1.00242 0.310131 2.89481
563500 1.5441 0.977826 0.303326 2.82526
563600 1.42424 1.00881 0.302402 2.73545
563700 1.36153 0.992922 0.272956 2.62741
563800 1.3475 0.92907 0.283055 2.55962
563900 1.32129 0.881644 0.325625 2.52856
564000 1.30666 0.860531 0.318384 2.48557
564100 1.34624 0.857878 0.281234 2.48535
564200 1.32554 0.877851 0.282019 2.48541
564300 1.29247 0.903116 0.274289 2.46988
564400 1.3447 0.912634 0.268087 2.52542
564500 1.40247 0.889764 0.296033 2.58827
564600 1.4053 0.851938 0.303893 2.56113
564700 1.46585 0.85762 0.274878 2.59835
564800 1.54053 0.891158 0.271845 2.70354
564900 1.54068 0.919049 0.295811 2.75554
565000 1.54797 0.965881 0.311045 2.8249
565100 1.60878 1.01287 0.31918 2.94083
565200 1.60819 0.98685 0.339456 2.93449
565300 1.58464 0.959624 0.329239 2.87351
565400 1.59216 0.977888 0.303021 2.87307
565500 1.57096 1.01358 0.281964 2.86651
565600 1.5194 0.990683 0.282752 2.79283
565700 1.53777 0.934427 0.300945 2.77314
565800 1.51035 0.883581 0.297837 2.69176
565900 1.43616 0.853009 0.256696 2.54586
566000 1.40557 0.814048 0.228586 2.44821
566100 1.36937 0.822987 0.252968 2.44533
566200 1.32537 0.84874 0.265933 2.44004
566300 1.3262 0.85686 0.274527 2.45759
566400 1.40471 0.830242 0.297598 2.53255
566500 1.5015 0.817718 0.308182 2.6274
566600 1.54645 0.844886 0.30687 2.69821
566700 1.5688 0.906319 0.30886 2.78398
566800 1.54191 0.966892 0.324525 2.83333
566900 1.48348 1.0028 0.319785 2.80606
567000 1.43801 0.955305 0.312319 2.70564
567100 1.43216 0.912626 0.285505 2.63029
567200 1.39997 0.902931 0.25572 2.55862
567300 1.35772 0.900452 0.256482 2.51466
567400 1.32331 0.906705 0.281011 2.51103
567500 1.27707 0.930578 0.271612 2.47926
567600 1.2774 0.875499 0.269475 2.42237
567700 1.31109 0.866912 0.272767 2.45077
567800 1.28887 0.855095 0.258735 2.4027
567900 1.27241 0.850609 0.27744 2.40046
568000 1.25489 0.871395 0.313438 2.43972
568100 1.20946 0.92196 0.308 2.43942
568200 1.225 0.858672 0.314749 2.39842
568300 1.32908 0.820642 0.315335 2.46505
568400 1.39071 0.822186 0.278936 2.49183
568500 1.40323 0.852924 0.27256 2.52872
568600 1.44335 0.857005 0.306983 2.60734
568700 1.51338 0.935322 0.304566 2.75327
568800 1.53559 0.96185 0.300618 2.79806
568900 1.56214 0.950112 0.308406 2.82065
569000 1.60838 0.94038 0.291837 2.8406
569100 1.61481 0.981583 0.268999 2.8654
569200 1.55559 0.996335 0.285932 2.83786
569300 1.55216 1.03838 0.305643 2.89618
569400 1.60415 1.05194 0.305007 2.9611
569500 1.63178 1.03706 0.297897 2.96674
569600 1.631 0.99455 0.303459 2.929
569700 1.62234 1.01601 0.305733 2.94408
569800 1.55433 1.0114 0.303248 2.86897
569900 1.45624 0.990471 0.302798 2.74951
570000 1.42626 0.933609 0.296969 2.65684
570100 1.38423 0.910154 0.28979 2.58418
570200 1.31377 0.842681 0.274066 2.43052
570300 1.31705 0.821973 0.276055 2.41508
570400 1.3435 0.811459 0.290269 2.44523
570500 1.32598 0.833018 0.312031 2.47103
570600 1.32382 0.806902 0.319358 2.45008
570700 1.38154 0.870513 0.317166 2.56922
570800 1.40635 0.905007 0.324432 2.63579
570900 1.41377 0.913035 0.311481 2.63829
571000 1.46257 0.93082 0.290775 2.68416
571100 1.46842 0.9629 0.3037 2.73502
571200 1.43287 0.904524 0.309885 2.64728
571300 1.42603 0.899782 0.296726 2.62254
571400 1.42175 0.890874 0.295082 2.6077
571500 1.32915 0.859018 0.278095 2.46626
571600 1.27156 0.80887 0.249712 2.33015
571700 1.2604 0.797098 0.246692 2.30419
571800 1.18333 0.77119 0.25417 2.20869
571900 1.08986 0.738179 0.260944 2.08899
572000 1.05505 0.731953 0.276337 2.06334
572100 1.03019 0.70731 0.274747 2.01225
572200 1.00007 0.641958 0.269335 1.91137
572300 1.01553 0.647745 0.283801 1.94708
572400 1.04387 0.682894 0.289189 2.01595
572500 1.02504 0.679561 0.293956 1.99856
572600 1.0515 0.689854 0.3002 2.04156
572700 1.14711 0.750351 0.279711 2.17717
572800 1.22771 0.767207 0.262412 2.25733
572900 1.2682 0.766937 0.274842 2.30998
573000 1.35581 0.791718 0.275213 2.42274
573100 1.3623 0.817987 0.262732 2.44302
573200 1.32917 0.789825 0.267982 2.38697
573300 1.36876 0.802407 0.280601 2.45177
573400 1.42139 0.818609 0.285 2.525
573500 1.37057 0.821514 0.265347 2.45743
573600 1.36459 0.832715 0.258814 2.45611
573700 1.36685 0.852405 0.276556 2.49581
573800 1.3092 0.861742 0.25484 2.42578
573900 1.25401 0.881848 0.24151 2.37736
574000 1.30281 0.885905 0.261178 2.44989
574100 1.2994 0.884285 0.285562 2.46925
574200 1.25048 0.882828 0.266349 2.39965
574300 1.23049 0.861746 0.268524 2.36075
574400 1.24534 0.813025 0.286282 2.34465
574500 1.18134 0.792545 0.282603 2.25649
574600 1.14216 0.774932 0.272443 2.18954
574700 1.14456 0.763214 0.278779 2.18655
574800 1.12276 0.746389 0.286836 2.15599
574900 1.08236 0.718764 0.284002 2.08512
575000 1.09473 0.691263 0.275315 2.06131
575100 1.08259 0.699103 0.310761 2.09245
575200 1.05304 0.708951 0.337426 2.09942
575300 1.01224 0.744008 0.314005 2.07025
575400 1.048 0.745943 0.296994 2.09093
575500 1.0649 0.705597 0.326235 2.09673
575600 1.0708 0.697954 0.32099 2.08974
575700 1.06585 0.745209 0.30256 2.11362
575800 1.09444 0.760416 0.332276 2.18714
575900 1.09092 0.792336 0.328905 2.21216
576000 1.12573 0.774283 0.29542 2.19544
576100 1.15849 0.726773 0.301183 2.18644
576200 1.17337 0.721031 0.314126 2.20852
576300 1.11753 0.749276 0.300927 2.16774
576400 1.08304 0.748304 0.317595 2.14894
576500 1.06917 0.744694 0.347009 2.16087
576600 1.10169 0.690489 0.318197 2.11038
576700 1.11653 0.635976 0.291413 2.04392
576800 1.13208 0.623335 0.293451 2.04887
576900 1.1132 0.627983 0.301352 2.04254
577000 1.07211 0.623023 0.296803 1.99194
577100 1.01007 0.671759 0.313257 1.99508
577200 0.988648 0.661367 0.343914 1.99393
577300 0.974887 0.598045 0.333098 1.90603
577400 0.978316 0.576241 0.288286 1.84284
577500 0.966318 0.604934 0.265567 1.83682
577600 0.952349 0.605037 0.27209 1.82948
577700 0.969018 0.639934 0.252832 1.86178
577800 0.996 0.678493 0.252013 1.92651
577900 1.02594 0.691092 0.254206 1.97124
578000 1.10371 0.708497 0.238754 2.05096
578100 1.15388 0.749545 0.235098 2.13852
578200 1.14066 0.792062 0.251208 2.18393
578300 1.16071 0.860124 0.262169 2.283
578400 1.22583 0.856892 0.282273 2.36499
578500 1.25812 0.829895 0.302502 2.39052
578600 1.26616 0.847617 0.28489 2.39866
578700 1.25715 0.860506 0.255618 2.37328
578800 1.20178 0.848392 0.269757 2.31993
578900 1.11806 0.881598 0.281703 2.28137
579000 1.09663 0.90177 0.265728 2.26413
579100 1.11062 0.866247 0.275452 2.25232
579200 1.1249 0.824739 0.292383 2.24202
579300 1.12458 0.840837 0.275064 2.24049
579400 1.13662 0.875408 0.28616 2.29819
579500 1.12385 0.879692 0.338533 2.34207
579600 1.13951 0.923309 0.336712 2.39953
579700 1.17593 0.989044 0.295507 2.46048
579800 1.22747 0.989062 0.293639 2.51017
579900 1.30877 0.972312 0.291239 2.57232
580000 1.3969 0.995679 0.264055 2.65663
580100 1.42989 1.04197 0.272892 2.74475
580200 1.45129 1.07964 0.310676 2.84161
580300 1.51434 1.08321 0.315299 2.91285
580400 1.53238 1.07067 0.300732 2.90377
580500 1.47048 0.991114 0.281106 2.74269
580600 1.42229 0.927533 0.261579 2.6114
580700 1.34389 0.919319 0.253743 2.51695
580800 1.19713 0.898647 0.253412 2.34919
580900 1.09662 0.871284 0.25056 2.21846
581000 1.075 0.848973 0.266643 2.19061
581100 1.05353 0.799399 0.263828 2.11676
581200 1.01312 0.758782 0.248491 2.02039
581300 1.0197 0.755417 0.265978 2.0411
581400 1.02873 0.783882 0.31006 2.12267
581500 1.00386 0.807244 0.299155 2.11026
581600 1.02206 0.822322 0.277566 2.12195
581700 1.12624 0.804293 0.29325 2.22379
581800 1.19472 0.795408 0.271502 2.26163
581900 1.21098 0.819853 0.23993 2.27077
582000 1.2521 0.862812 0.271177 2.38609
582100 1.29589 0.884139 0.296355 2.47638
582200 1.27648 0.885083 0.279756 2.44132
582300 1.31589 0.877942 0.281316 2.47515
582400 1.36843 0.85364 0.302554 2.52462
582500 1.3288 0.844164 0.304482 2.47745
582600 1.26479 0.865421 0.335737 2.46595
582700 1.22574 0.867733 0.388511 2.48198
582800 1.14979 0.816552 0.361995 2.32834
582900 1.09584 0.799133 0.321788 2.21676
583000 1.112 0.78333 0.314839 2.21017
583100 1.1139 0.763893 0.287611 2.1654
583200 1.05842 0.767554 0.277447 2.10342
583300 1.04411 0.80207 0.313909 2.16009
583400 1.04665 0.808621 0.331381 2.18665
583500 1.05569 0.799508 0.307978 2.16318
583600 1.10809 0.803488 0.293365 2.20494
583700 1.172 0.823489 0.283625 2.27911
583800 1.17383 0.85088 0.262096 2.2868
583900 1.20392 0.908907 0.276547 2.38937
584000 1.28169 0.956927 0.313611 2.55223
584100 1.32439 0.974818 0.310643 2.60985
584200 1.37926 0.965573 0.2968 2.64163
584300 1.48786 0.993257 0.32634 2.80746
584400 1.4945 0.997334 0.345072 2.8369
584500 1.43175 1.01691 0.340411 2.78908
584600 1.43704 1.03512 0.350372 2.82253
584700 1.43916 1.01436 0.350064 2.80358
584800 1.37488 0.96477 0.309532 2.64918
584900 1.36185 0.986511 0.276505 2.62487
585000 1.36354 0.999932 0.279781 2.64326
585100 1.28551 1.00119 0.299009 2.5857
585200 1.21933 1.00465 0.30747 2.53145
585300 1.24652 0.982162 0.303413 2.5321
585400 1.24499 0.902103 0.309844 2.45693
585500 1.22719 0.87804 0.320418 2.42565
585600 1.24543 0.868731 0.313614 2.42777
585700 1.23723 0.857713 0.330239 2.42518
585800 1.19181 0.87286 0.352744 2.41742
585900 1.20873 0.909147 0.342512 2.46039
586000 1.27906 0.882393 0.294993 2.45645
586100 1.30974 0.859739 0.280515 2.44999
586200 1.33122 0.858161 0.268787 2.45816
586300 1.35941 0.885011 0.273963 2.51838
586400 1.32509 0.874313 0.316062 2.51547
586500 1.23428 0.889031 0.342932 2.46624
586600 1.23787 0.894429 0.32084 2.45314
586700 1.25679 0.848097 0.303799 2.40869
586800 1.23529 0.776915 0.301701 2.31391
586900 1.22106 0.805146 0.301628 2.32784
587000 1.21986 0.832005 0.319705 2.37157
587100 1.16941 0.82397 0.35983 2.35321
587200 1.14598 0.826655 0.352583 2.32522
587300 1.17619 0.832566 0.305081 2.31384
587400 1.19626 0.789694 0.279281 2.26523
587500 1.18838 0.794457 0.279781 2.26262
587600 1.18257 0.856709 0.260977 2.30025
587700 1.16029 0.898335 0.262706 2.32133
587800 1.15827 0.901591 0.301106 2.36096
587900 1.18764 0.908287 0.290874 2.3868
588000 1.25372 0.911613 0.240495 2.40583
588100 1.28715 0.918675 0.246359 2.45219
588200 1.31598 0.94663 0.257692 2.5203
588300 1.32736 0.989256 0.238814 2.55543
588400 1.3026 1.01683 0.247042 2.56647
588500 1.30762 0.98199 0.272765 2.56238
588600 1.3554 0.931552 0.245818 2.53277
588700 1.36265 0.916146 0.230441 2.50924
588800 1.3221 0.908106 0.269721 2.49992
588900 1.27597 0.902182 0.294426 2.47258
589000 1.24415 0.9138 0.273469 2.43142
589100 1.19045 0.902432 0.28438 2.37726
589200 1.19273 0.859169 0.275686 2.32758
589300 1.21313 0.814949 0.234118 2.2622
589400 1.19475 0.81426 0.233661 2.24267
589500 1.13921 0.837437 0.260941 2.23759
589600 1.13579 0.839141 0.270971 2.2459
589700 1.15719 0.829251 0.274735 2.26117
589800 1.1685 0.834703 0.273973 2.27717
589900 1.19582 0.823461 0.256545 2.27583
590000 1.23707 0.821504 0.252956 2.31153
590100 1.21274 0.877033 0.281483 2.37126
590200 1.17714 0.94981 0.279161 2.40611
590300 1.20559 0.969813 0.271553 2.44696
590400 1.27269 0.98359 0.274057 2.53034
590500 1.28761 0.966293 0.252607 2.50651
590600 1.31748 0.96954 0.234713 2.52173
590700 1.3108 1.01493 0.255204 2.58093
590800 1.28437 1.0414 0.26374 2.58951
590900 1.27475 1.05279 0.254891 2.58243
591000 1.29468 1.07962 0.265447 2.63974
591100 1.28276 1.05151 0.271163 2.60543
591200 1.27146 1.00943 0.25783 2.53872
591300 1.27213 0.996499 0.267031 2.53566
591400 1.26031 1.00623 0.290595 2.55714
591500 1.21101 0.993459 0.288658 2.49313
591600 1.21363 1.01226 0.255112 2.481
591700 1.28745 0.982501 0.237461 2.50741
591800 1.35975 0.927367 0.240818 2.52794
591900 1.36109 0.947066 0.241945 2.5501
592000 1.38354 1.0231 0.246466 2.6531
592100 1.4098 1.05035 0.256094 2.71625
592200 1.3899 1.06182 0.263623 2.71534
592300 1.40858 1.03659 0.265662 2.71084
592400 1.45464 0.990793 0.263073 2.70851
592500 1.40652 0.938308 0.281138 2.62597
592600 1.31766 0.919029 0.306515 2.54321
592700 1.25829 0.939477 0.284167 2.48193
592800 1.23058 0.930221 0.257139 2.41794
592900 1.17702 0.884255 0.257767 2.31904
593000 1.14449 0.890009 0.23467 2.26917
593100 1.15571 0.881162 0.223685 2.26056
593200 1.15066 0.877746 0.255978 2.28438
593300 1.12587 0.923857 0.26422 2.31395
593400 1.13278 0.942591 0.247068 2.32244
593500 1.12485 0.940188 0.263271 2.32831
593600 1.10594 0.935909 0.279064 2.32091
593700 1.12799 0.908069 0.25815 2.29421
593800 1.18499 0.894612 0.262572 2.34218
593900 1.17779 0.927443 0.265151 2.37038
594000 1.19686 0.967726 0.24904 2.41362
594100 1.27843 1.03967 0.240086 2.55819
594200 1.33216 1.0825 0.242942 2.65761
594300 1.37011 1.03481 0.249855 2.65478
594400 1.43392 0.972276 0.268479 2.67468
594500 1.38029 1.00009 0.266162 2.64654
594600 1.26692 0.968648 0.235996 2.47156
594700 1.23431 0.913888 0.234685 2.38288
594800 1.21053 0.911943 0.251264 2.37374
594900 1.14743 0.880552 0.239835 2.26781
595000 1.1567 0.812928 0.239518 2.20915
595100 1.19576 0.84072 0.268385 2.30487
595200 1.18312 0.913071 0.271049 2.36724
595300 1.17712 0.943212 0.251993 2.37233
595400 1.2472 0.960797 0.263447 2.47144
595500 1.28791 0.934711 0.275889 2.49851
595600 1.26932 0.881423 0.263747 2.41449
595700 1.27533 0.886668 0.253097 2.4151
595800 1.32751 0.932859 0.272676 2.53304
595900 1.31522 0.977086 0.261774 2.55408
596000 1.28882 1.00281 0.250302 2.54193
596100 1.31843 1.00295 0.265194 2.58657
596200 1.34 0.974326 0.265155 2.57948
596300 1.31891 0.943143 0.244599 2.50665
596400 1.33519 0.976382 0.243781 2.55535
596500 1.31989 1.03391 0.228883 2.58268
596600 1.25272 1.03235 0.2185 2.50357
596700 1.22374 0.970465 0.254704 2.4489
596800 1.24085 0.936789 0.270646 2.44829
596900 1.21074 0.89357 0.255862 2.36018
597000 1.14852 0.856751 0.266093 2.27136
597100 1.10673 0.889401 0.263725 2.25985
597200 1.08191 0.940131 0.244968 2.26701
597300 1.0539 0.925835 0.252174 2.23191
597400 1.07197 0.960644 0.268426 2.30104
597500 1.13018 0.975616 0.25751 2.36331
597600 1.17009 0.93299 0.265751 2.36883
597700 1.16568 0.930241 0.285408 2.38133
597800 1.17802 0.993069 0.283976 2.45507
597900 1.19765 0.974246 0.267436 2.43933
598000 1.20401 0.964425 0.265646 2.43408
598100 1.22506 0.97657 0.260233 2.46186
598200 1.25996 0.977709 0.244409 2.48208
598300 1.25566 0.976981 0.244466 2.4771
598400 1.27069 1.02746 0.255067 2.55322
598500 1.32356 1.05867 0.251743 2.63397
598600 1.4041 1.04679 0.25854 2.70943
598700 1.45151 1.01731 0.258786 2.72761
598800 1.48831 1.0346 0.230967 2.75388
598900 1.48664 1.02324 0.226751 2.73663
599000 1.49087 1.01302 0.237006 2.7409
599100 1.45945 1.05241 0.239333 2.75119
599200 1.3872 1.05597 0.264177 2.70734
599300 1.31174 0.963931 0.295034 2.57071
599400 1.27665 0.916303 0.271551 2.46451
599500 1.24873 0.904345 0.248069 2.40115
599600 1.2255 0.861155 0.258662 2.34531
599700 1.17478 0.85642 0.24629 2.27749
599800 1.13792 0.903003 0.244211 2.28514
599900 1.09264 0.884361 0.263225 2.24023
600000 1.09965 0.839084 0.243646 2.18238
600100 1.144 0.827338 0.221357 2.1927
600200 1.1752 0.829327 0.220369 2.2249
600300 1.14446 0.841606 0.232857 2.21892
600400 1.13937 0.890192 0.263084 2.29264
600500 1.1249 0.941117 0.282895 2.34892
600600 1.13084 0.951966 0.260048 2.34286
600700 1.19196 0.937222 0.24462 2.3738
600800 1.28058 0.914778 0.233303 2.42866
600900 1.24615 0.935502 0.222069 2.40373
601000 1.21202 0.98818 0.246199 2.4464
601100 1.23577 1.02921 0.282167 2.54715
601200 1.25551 1.03987 0.263 2.55838
601300 1.27399 0.998327 0.24649 2.51881
601400 1.32714 0.918362 0.258255 2.50376
601500 1.30555 0.910712 0.255618 2.47188
601600 1.22475 0.924612 0.246358 2.39572
601700 1.19548 0.943299 0.264564 2.40334
601800 1.21791 0.946501 0.267356 2.43176
601900 1.23634 0.926993 0.231755 2.39509
602000 1.24883 0.902125 0.208553 2.35951
602100 1.25421 0.908995 0.220946 2.38415
602200 1.23344 0.92229 0.252637 2.40836
602300 1.19955 0.957522 0.277787 2.43486
602400 1.19688 0.952142 0.286616 2.43564
602500 1.21584 0.929939 0.286452 2.43223
602600 1.21924 0.885718 0.278186 2.38315
602700 1.24415 0.879038 0.266991 2.39018
602800 1.25513 0.9213 0.263934 2.44036
602900 1.23999 0.982619 0.283138 2.50575
603000 1.24794 1.02427 0.277547 2.54976
603100 1.33227 1.05997 0.235537 2.62778
603200 1.39545 1.03005 0.221223 2.64673
603300 1.43205 1.02182 0.22729 2.68116
603400 1.42947 1.0291 0.225195 2.68376
603500 1.39786 1.0573 0.238393 2.69355
603600 1.3345 1.09166 0.261857 2.68802
603700 1.3522 1.07563 0.252617 2.68045
603800 1.3671 1.04131 0.233432 2.64184
603900 1.35123 1.04703 0.244581 2.64284
604000 1.31561 1.02439 0.256608 2.59661
604100 1.28713 1.03604 0.273724 2.5969
604200 1.2421 1.04742 0.275465 2.56498
604300 1.23478 1.02201 0.264756 2.52155
604400 1.2545 0.966862 0.23656 2.45792
604500 1.30032 0.949695 0.229242 2.47925
604600 1.26647 0.945124 0.239378 2.45097
604700 1.25592 0.947276 0.257682 2.46088
604800 1.25883 0.961816 0.270626 2.49127
604900 1.28051 0.984663 0.259135 2.52431
605000 1.28763 0.956189 0.239236 2.48305
605100 1.35955 0.945696 0.242531 2.54777
605200 1.36605 0.960586 0.251238 2.57787
605300 1.32453 0.967155 0.248434 2.54012
605400 1.26104 0.961249 0.253882 2.47617
605500 1.26522 0.954394 0.256213 2.47583
605600 1.24483 0.914485 0.233839 2.39315
605700 1.24748 0.867174 0.21055 2.3252
605800 1.2361 0.847433 0.21597 2.2995
605900 1.20026 0.860335 0.244657 2.30525
606000 1.13039 0.904445 0.262131 2.29697
606100 1.13075 0.955124 0.27396 2.35983
606200 1.1495 0.948235 0.273459 2.3712
606300 1.18816 0.956492 0.249426 2.39408
606400 1.20339 0.96559 0.231107 2.40009
606500 1.21374 0.94416 0.241822 2.39972
606600 1.17507 0.945668 0.254527 2.37526
606700 1.17452 1.0073 0.252595 2.43442
606800 1.17062 1.0132 0.264375 2.44819
606900 1.20438 0.985863 0.268632 2.45887
607000 1.21521 1.01579 0.250534 2.48154
607100 1.24263 1.00383 0.260137 2.5066
607200 1.25907 0.996674 0.299675 2.55542
607300 1.31092 1.04366 0.310736 2.66531
607400 1.33358 1.0872 0.286023 2.70681
607500 1.35705 1.08734 0.257171 2.70157
607600 1.368 1.09837 0.229276 2.69565
607700 1.36252 1.06001 0.215214 2.63774
607800 1.29873 1.00306 0.218807 2.5206
607900 1.2633 0.969347 0.229967 2.46262
608000 1.20718 0.949012 0.217762 2.37396
608100 1.16445 0.922242 0.212189 2.29889
608200 1.13193 0.905807 0.21902 2.25676
608300 1.15174 0.869126 0.213144 2.23401
608400 1.13198 0.866156 0.208283 2.20642
608500 1.12294 0.878788 0.239062 2.24079
608600 1.134 0.916744 0.255271 2.30602
608700 1.15289 0.965011 0.246568 2.36447
608800 1.18264 0.962505 0.251721 2.39687
608900 1.25465 0.926787 0.249583 2.43102
609000 1.29497 0.941644 0.219506 2.45612
609100 1.30353 0.938358 0.202743 2.44463
609200 1.33798 0.947711 0.21942 2.50512
609300 1.37672 1.02091 0.207562 2.60519
609400 1.36917 1.04903 0.191863 2.61006
609500 1.39648 1.01583 0.215493 2.6278
609600 1.43254 1.00277 0.235384 2.6707
609700 1.37975 0.96866 0.2348 2.58321
609800 1.29266 0.957119 0.247198 2.49698
609900 1.24616 0.985549 0.250252 2.48196
610000 1.20828 0.993642 0.23284 2.43476
610100 1.17245 0.975642 0.220808 2.3689
610200 1.19607 0.991754 0.216484 2.40431
610300 1.2396 0.991258 0.223172 2.45403
610400 1.24704 0.982855 0.23061 2.4605
610500 1.25253 1.02792 0.224622 2.50507
610600 1.27565 1.05218 0.225302 2.55314
610700 1.3061 1.02107 0.229331 2.5565
610800 1.32829 1.01534 0.225903 2.56953
610900 1.34561 0.959999 0.23204 2.53765
611000 1.33668 0.905701 0.245231 2.48761
611100 1.28251 0.92881 0.244622 2.45594
611200 1.24806 0.945696 0.249752 2.4435
611300 1.22597 0.939822 0.266206 2.432
611400 1.20077 0.958399 0.272009 2.43118
611500 1.18634 0.937459 0.264753 2.38855
611600 1.17477 0.907682 0.273058 2.35551
611700 1.14309 0.930851 0.279307 2.35325
611800 1.13791 0.929628 0.283058 2.3506
611900 1.15686 0.91578 0.280655 2.35329
612000 1.17884 0.91893 0.251344 2.34912
612100 1.18954 0.907752 0.226607 2.3239
612200 1.2024 0.894235 0.209697 2.30633
612300 1.18729 0.926623 0.206532 2.32044
612400 1.18759 0.954037 0.215911 2.35754
612500 1.20677 0.982705 0.226636 2.41611
612600 1.25394 0.970042 0.22816 2.45214
612700 1.29752 0.950972 0.222755 2.47125
612800 1.33732 0.922041 0.219704 2.47907
612900 1.32972 0.905452 0.220069 2.45524
613000 1.28639 0.887341 0.231947 2.40568
613100 1.2218 0.920142 0.230837 2.37278
613200 1.18344 0.895731 0.237948 2.31712
613300 1.17745 0.850703 0.239064 2.26722
613400 1.20302 0.822374 0.219692 2.24508
613500 1.2329 0.804888 0.205587 2.24338
613600 1.25268 0.768288 0.216355 2.23732
613700 1.2392 0.814913 0.236615 2.29073
613800 1.24982 0.850778 0.239764 2.34036
613900 1.27342 0.873363 0.2325 2.37928
614000 1.34549 0.869688 0.239178 2.45435
614100 1.3928 0.869475 0.239744 2.50202
614200 1.37757 0.837468 0.219229 2.43427
614300 1.3202 0.882753 0.221319 2.42428
614400 1.29947 0.899461 0.239305 2.43824
614500 1.28667 0.915895 0.222088 2.42466
614600 1.30101 0.918351 0.204208 2.42357
614700 1.35364 0.949859 0.21448 2.51797
614800 1.41523 0.937068 0.213647 2.56594
614900 1.41707 0.997929 0.224146 2.63915
615000 1.44825 1.02315 0.265985 2.73739
615100 1.46985 1.07526 0.269951 2.81506
615200 1.47908 1.08364 0.232915 2.79564
615300 1.50677 1.10382 0.222691 2.83329
615400 1.58199 1.0753 0.211539 2.86883
615500 1.60118 1.09852 0.204913 2.90461
615600 1.58295 1.09677 0.255031 2.93475
615700 1.58739 1.11113 0.32073 3.01925
615800 1.58987 1.08429 0.326851 3.00101
615900 1.55544 1.06925 0.307337 2.93203
616000 1.54162 1.00743 0.287038 2.83608
616100 1.51114 1.00223 0.252683 2.76605
616200 1.41606 0.976095 0.245108 2.63726
616300 1.31076 0.951088 0.264744 2.5266
616400 1.29048 0.896144 0.252168 2.43879
616500 1.29096 0.864435 0.230481 2.38588
616600 1.28771 0.806216 0.221716 2.31564
616700 1.29569 0.821516 0.191003 2.30821
616800 1.28181 0.84089 0.185473 2.30818
616900 1.26133 0.871147 0.237112 2.36959
617000 1.27475 0.906121 0.268498 2.44937
617100 1.32571 0.949002 0.242254 2.51697
617200 1.40325 0.9229 0.245885 2.57203
617300 1.48729 0.915612 0.226451 2.62935
617400 1.54952 0.956829 0.184766 2.69112
617500 1.55421 1.01423 0.192251 2.76069
617600 1.52479 1.03539 0.217879 2.77805
617700 1.49903 1.05049 0.210989 2.76051
617800 1.49363 1.04371 0.205612 2.74295
617900 1.50758 0.991973 0.209875 2.70942
618000 1.50858 0.968274 0.209173 2.68603
618100 1.47111 0.96952 0.219086 2.65972
618200 1.37785 1.01911 0.249769 2.64672
618300 1.33735 1.03771 0.258265 2.63333
618400 1.35199 1.0403 0.241542 2.63383
618500 1.37865 1.03262 0.214098 2.62536
618600 1.39211 1.02598 0.20382 2.62191
618700 1.41059 1.00884 0.215274 2.6347
618800 1.40349 1.08248 0.228667 2.71463
618900 1.45876 1.11323 0.219808 2.7918
619000 1.54887 1.13406 0.230709 2.91364
619100 1.66466 1.14368 0.221245 3.02959
619200 1.72628 1.18546 0.205364 3.11711
619300 1.74863 1.18797 0.227454 3.16405
619400 1.77831 1.26206 0.250282 3.29064
619500 1.8321 1.27594 0.242062 3.3501
619600 1.82585 1.30331 0.242431 3.3716
619700 1.85273 1.27913 0.222975 3.35484
619800 1.86454 1.26216 0.197516 3.32422
619900 1.79302 1.20444 0.200073 3.19753
620000 1.72349 1.22548 0.222019 3.17099
620100 1.70967 1.1675 0.225131 3.1023
620200 1.58905 1.15469 0.225142 2.96888
620300 1.49579 1.10125 0.236849 2.83389
620400 1.46653 1.08241 0.235571 2.78451
620500 1.43037 1.05924 0.20942 2.69903
620600 1.34778 1.10465 0.211532 2.66396
620700 1.36185 1.04198 0.226893 2.63072
620800 1.3684 1.05488 0.225323 2.64861
620900 1.36378 1.05645 0.211307 2.63153
621000 1.43966 1.06128 0.220759 2.7217
621100 1.56729 1.04314 0.204954 2.81538
621200 1.60296 1.11137 0.198152 2.91249
621300 1.62842 1.11505 0.22287 2.96634
621400 1.65882 1.17474 0.228166 3.06173
621500 1.69876 1.19741 0.217894 3.11407
621600 1.71738 1.18393 0.227416 3.12873
621700 1.74152 1.11836 0.223603 3.08349
621800 1.73161 1.14699 0.208415 3.08701
621900 1.66019 1.12612 0.22333 3.00964
622000 1.54483 1.12323 0.243536 2.91159
622100 1.50459 1.09809 0.244537 2.84722
622200 1.48555 1.0863 0.249698 2.82155
622300 1.44773 1.00725 0.246041 2.70102
622400 1.43354 0.992405 0.247017 2.67297
622500 1.45733 1.02648 0.252436 2.73624
622600 1.4269 1.08746 0.239988 2.75434
622700 1.44773 1.08828 0.249524 2.78554
622800 1.49382 1.12739 0.266946 2.88816
622900 1.49992 1.13811 0.246917 2.88495
623000 1.53492 1.10186 0.230811 2.86758
623100 1.6385 1.08635 0.24615 2.97099
623200 1.66825 1.14644 0.225069 3.03976
623300 1.65249 1.14702 0.213409 3.01291
623400 1.67616 1.15563 0.232883 3.06467
623500 1.66201 1.16609 0.226513 3.05461
623600 1.63719 1.14289 0.200667 2.98075
623700 1.63104 1.10167 0.208229 2.94094
623800 1.62905 1.0932 0.218992 2.94124
623900 1.58062 1.07118 0.223379 2.87517
624000 1.5539 1.02346 0.249019 2.82638
624100 1.53266 1.00131 0.267181 2.80115
624200 1.53441 0.970581 0.233735 2.73872
624300 1.49617 0.978629 0.218399 2.6932
624400 1.46322 1.03316 0.218771 2.71515
624500 1.47152 1.07877 0.207415 2.75771
624600 1.52163 1.06916 0.192688 2.78349
624700 1.54582 1.09217 0.221384 2.85937
624800 1.61183 1.10392 0.229619 2.94537
624900 1.62095 1.12303 0.208236 2.95222
625000 1.58986 1.13511 0.211697 2.93667
625100 1.58321 1.14615 0.240423 2.96979
625200 1.58563 1.16118 0.233711 2.98052
625300 1.51959 1.15982 0.254489 2.9339
625400 1.5286 1.12124 0.306467 2.9563
625500 1.60972 1.14194 0.299871 3.05153
625600 1.63733 1.12125 0.255476 3.01405
625700 1.63291 1.11021 0.253087 2.99621
625800 1.69743 1.15797 0.233459 3.08885
625900 1.63899 1.22468 0.212617 3.07629
626000 1.57664 1.1851 0.216831 2.97857
626100 1.62069 1.17145 0.236913 3.02905
626200 1.69191 1.12838 0.235625 3.05592
626300 1.64921 1.15122 0.243679 3.04411
626400 1.68212 1.2157 0.261534 3.15936
626500 1.72826 1.28193 0.286512 3.2967
626600 1.71082 1.2887 0.272625 3.27215
626700 1.71993 1.30718 0.25268 3.27979
626800 1.79681 1.24922 0.244815 3.29085
626900 1.79165 1.20977 0.239637 3.24106
627000 1.70749 1.17783 0.216272 3.10159
627100 1.63737 1.18854 0.224488 3.0504
627200 1.60779 1.15067 0.224862 2.98333
627300 1.54608 1.1246 0.20847 2.87915
627400 1.55904 1.08555 0.190469 2.83506
627500 1.64615 1.09615 0.191637 2.93394
627600 1.68153 1.08668 0.20023 2.96844
627700 1.64473 1.1075 0.227973 2.98021
627800 1.65537 1.15366 0.221874 3.0309
627900 1.64611 1.17672 0.202565 3.0254
628000 1.64257 1.0861 0.197024 2.92569
628100 1.65959 1.09957 0.183785 2.94294
628200 1.64137 1.10707 0.17192 2.92036
628300 1.54389 1.07483 0.187836 2.80655
628400 1.50134 1.07555 0.187608 2.7645
628500 1.45985 1.10287 0.190649 2.75337
628600 1.41918 1.02862 0.221878 2.66968
628700 1.41526 1.00761 0.243515 2.66639
628800 1.43028 1.02327 0.23481 2.68836
628900 1.37661 1.03978 0.255989 2.67238
629000 1.34254 1.01988 0.264556 2.62697
629100 1.32031 1.02044 0.244385 2.58513
629200 1.30088 0.975179 0.213095 2.48915
629300 1.29544 0.947812 0.200299 2.44355
629400 1.36458 0.928657 0.186733 2.47997
629500 1.40126 0.945499 0.190609 2.53737
629600 1.4191 0.978435 0.196425 2.59396
629700 1.45076 1.0317 0.206993 2.68946
629800 1.49109 1.05989 0.219376 2.77035
629900 1.4804 1.11251 0.222565 2.81548
630000 1.51871 1.10845 0.210195 2.83735
630100 1.55022 1.13515 0.197692 2.88306
630200 1.514 1.17549 0.192638 2.88212
630300 1.44817 1.13628 0.183467 2.76792
630400 1.43793 1.07534 0.187835 2.7011
630500 1.39609 1.01576 0.22875 2.6406
630600 1.33339 0.941917 0.232667 2.50798
630700 1.30064 0.905665 0.207592 2.4139
630800 1.29352 0.897907 0.207915 2.39934
630900 1.25358 0.871539 0.215231 2.34035
631000 1.23054 0.87785 0.199927 2.30831
631100 1.22712 0.878216 0.224377 2.32971
631200 1.2174 0.845283 0.272647 2.33533
631300 1.21984 0.831648 0.27133 2.32282
631400 1.24195 0.873275 0.253243 2.36847
631500 1.27138 0.900888 0.253911 2.42618
631600 1.31343 0.935898 0.237138 2.48646
631700 1.35982 0.964609 0.222323 2.54675
631800 1.413 0.980408 0.247903 2.64131
631900 1.44181 0.929578 0.267124 2.63851
632000 1.48412 0.913539 0.251279 2.64894
632100 1.50233 0.926733 0.256743 2.68581
632200 1.4697 0.964049 0.274374 2.70812
632300 1.42513 0.983435 0.270109 2.67867
632400 1.41751 1.03739 0.25988 2.71478
632500 1.38 1.03033 0.270155 2.68049
632600 1.37301 0.984164 0.278827 2.636
632700 1.41045 0.939645 0.275497 2.62559
632800 1.4047 0.952084 0.262947 2.61973
632900 1.36313 0.946001 0.240356 2.54949
633000 1.36421 0.962287 0.239874 2.56637
633100 1.34808 0.993962 0.238777 2.58082
633200 1.31005 0.996938 0.224718 2.53171
633300 1.35939 0.960428 0.21854 2.53835
633400 1.41348 0.977199 0.239896 2.63058
633500 1.37824 0.97989 0.245741 2.60387
633600 1.35009 1.00056 0.25649 2.60715
633700 1.37327 1.01417 0.297578 2.68502
633800 1.34635 1.00313 0.301071 2.65055
633900 1.32359 0.979262 0.241475 2.54433
634000 1.36018 0.990175 0.226296 2.57665
634100 1.37171 0.981389 0.225025 2.57813
634200 1.31135 1.01441 0.209634 2.53539
634300 1.3247 1.06771 0.212898 2.60531
634400 1.37897 1.09439 0.241859 2.71522
634500 1.39749 1.07846 0.224697 2.70065
634600 1.437 1.1335 0.199948 2.77045
634700 1.50232 1.13353 0.201954 2.83781
634800 1.49174 1.10459 0.222095 2.81842
634900 1.49658 1.11509 0.22457 2.83624
635000 1.53195 1.13644 0.25375 2.92214
635100 1.54454 1.09007 0.254188 2.8888
635200 1.53314 1.11044 0.236116 2.8797
635300 1.58206 1.14912 0.232825 2.964
635400 1.57155 1.15954 0.242248 2.97334
635500 1.52696 1.13369 0.238174 2.89882
635600 1.50822 1.12967 0.258402 2.89629
635700 1.50466 1.12435 0.252606 2.88162
635800 1.42414 1.09038 0.240286 2.7548
635900 1.41706 1.04813 0.240482 2.70568
636000 1.41075 1.06665 0.227497 2.7049
636100 1.36679 1.06238 0.204884 2.63405
636200 1.3444 1.04068 0.220285 2.60536
636300 1.41356 1.04538 0.244557 2.70351
636400 1.4308 1.05734 0.240001 2.72814
636500 1.43995 1.04886 0.243591 2.7324
636600 1.50626 1.0653 0.276562 2.84811
636700 1.55791 1.0965 0.27922 2.93363
636800 1.51165 1.10477 0.282346 2.89876
636900 1.52997 1.09101 0.294568 2.91556
637000 1.54413 1.10126 0.289705 2.93509
637100 1.47874 1.06864 0.25491 2.80229
637200 1.40577 1.02952 0.249802 2.68509
637300 1.40083 1.03174 0.237915 2.67048
637400 1.33753 1.02827 0.237806 2.6036
637500 1.27998 1.04001 0.257579 2.57757
637600 1.33132 1.04141 0.267576 2.6403
637700 1.4053 1.01567 0.242874 2.66384
637800 1.43132 0.986765 0.240299 2.65838
637900 1.4779 1.02781 0.236788 2.74251
638000 1.47703 1.09831 0.235342 2.81068
638100 1.46186 1.14179 0.253687 2.85734
638200 1.48545 1.14838 0.271318 2.90514
638300 1.55538 1.19077 0.257508 3.00366
638400 1.55545 1.17333 0.265497 2.99428
638500 1.5472 1.16498 0.277387 2.98956
638600 1.53448 1.2217 0.259492 3.01568
638700 1.49459 1.24059 0.250244 2.98542
638800 1.46661 1.16879 0.261359 2.89675
638900 1.51705 1.14906 0.228268 2.89438
639000 1.53548 1.11311 0.210294 2.85888
639100 1.51391 1.09752 0.239312 2.85074
639200 1.50792 1.12567 0.262183 2.89578
639300 1.5065 1.18905 0.251058 2.94661
639400 1.46905 1.17119 0.260842 2.90109
639500 1.49052 1.18096 0.253717 2.9252
639600 1.56807 1.15934 0.215507 2.94291
639700 1.57497 1.12754 0.210156 2.91266
639800 1.51886 1.11953 0.231126 2.86951
639900 1.48151 1.17163 0.236077 2.88922
640000 1.44374 1.12663 0.228881 2.79925
640100 1.4164 1.07695 0.243368 2.73672
640200 1.43804 1.05562 0.234163 2.72783
640300 1.43148 1.07365 0.219428 2.72456
640400 1.40824 1.04698 0.245426 2.70065
640500 1.40813 1.09624 0.262075 2.76645
640600 1.4285 1.13725 0.262907 2.82865
640700 1.44154 1.15499 0.269471 2.866
640800 1.49104 1.14454 0.271651 2.90723
640900 1.52296 1.18145 0.251966 2.95638
641000 1.47803 1.16538 0.237012 2.88043
641100 1.46678 1.16886 0.243016 2.87866
641200 1.49735 1.15759 0.253448 2.90839
641300 1.47104 1.14377 0.260353 2.87516
641400 1.46757 1.10306 0.258544 2.82917
641500 1.48318 1.12507 0.238579 2.84683
641600 1.46061 1.1347 0.228637 2.82395
641700 1.40056 1.15964 0.229622 2.78982
641800 1.40819 1.17696 0.22874 2.81389
641900 1.41557 1.18448 0.229717 2.82976
642000 1.42497 1.09824 0.230197 2.75341
642100 1.44381 1.08644 0.228356 2.75861
642200 1.47137 1.08341 0.223966 2.77875
642300 1.4498 1.06395 0.235592 2.74933
642400 1.46757 1.08696 0.254618 2.80915
642500 1.51404 1.18867 0.26315 2.96585
642600 1.51403 1.20269 0.257404 2.97412
642700 1.53302 1.18354 0.245674 2.96223
642800 1.61649 1.18454 0.242333 3.04336
642900 1.60772 1.18237 0.258416 3.04851
643000 1.54145 1.16526 0.268388 2.97509
643100 1.501 1.18277 0.272103 2.95587
643200 1.45606 1.17363 0.248585 2.87827
643300 1.37964 1.14933 0.227903 2.75687
643400 1.35129 1.11962 0.214579 2.68548
643500 1.34683 1.08456 0.217983 2.64938
643600 1.32146 1.07648 0.228644 2.62659
643700 1.28576 1.09319 0.246134 2.62508
643800 1.28499 1.09002 0.257962 2.63297
643900 1.29076 1.10064 0.248288 2.6397
644000 1.31621 1.1216 0.238064 2.67587
644100 1.34345 1.11136 0.247826 2.70264
644200 1.35582 1.08826 0.254343 2.69842
644300 1.33838 1.11397 0.24521 2.69756
644400 1.32489 1.10633 0.247933 2.67916
644500 1.34827 1.0668 0.271164 2.68624
644600 1.37006 1.09162 0.255355 2.71704
644700 1.36812 1.09215 0.232797 2.69307
644800 1.36624 1.05865 0.231039 2.65592
644900 1.37581 1.07285 0.243313 2.69198
645000 1.34875 1.13154 0.229206 2.7095
645100 1.33347 1.1226 0.228396 2.68447
645200 1.37172 1.11262 0.247313 2.73166
645300 1.40958 1.1114 0.254204 2.77518
645400 1.39037 1.10057 0.237183 2.72812
645500 1.41819 1.09635 0.248195 2.76274
645600 1.46962 1.14202 0.264554 2.87619
645700 1.45769 1.17502 0.245698 2.87841
645800 1.45147 1.20859 0.228181 2.88825
645900 1.54946 1.18885 0.239399 2.97771
646000 1.60143 1.18538 0.226652 3.01347
646100 1.56841 1.1926 0.213024 2.97403
646200 1.55232 1.21983 0.232451 3.0046
646300 1.56997 1.24588 0.257387 3.07324
646400 1.54101 1.239 0.245839 3.02586
646500 1.54903 1.17898 0.23226 2.96027
646600 1.60498 1.14428 0.22851 2.97777
646700 1.60745 1.07494 0.224437 2.90682
646800 1.48902 1.05811 0.225412 2.77254
646900 1.42601 1.11135 0.236997 2.77436
647000 1.38577 1.13465 0.227368 2.74779
647100 1.3618 1.07149 0.214554 2.64785
647200 1.3592 1.05354 0.207431 2.62018
647300 1.35907 1.03136 0.208665 2.59909
647400 1.30482 0.980628 0.195823 2.48127
647500 1.31236 0.948448 0.213854 2.47466
647600 1.30794 1.01109 0.228161 2.5472
647700 1.2979 1.01908 0.202367 2.51935
647800 1.31525 1.01082 0.195423 2.52149
647900 1.38833 1.01859 0.214723 2.62165
648000 1.39132 1.06456 0.192483 2.64836
648100 1.4105 1.05075 0.185006 2.64626
648200 1.48288 1.07363 0.218565 2.77507
648300 1.53716 1.11881 0.222868 2.87883
648400 1.50274 1.10512 0.202404 2.81026
648500 1.53168 1.04764 0.225798 2.80513
648600 1.53154 1.05715 0.244631 2.83332
648700 1.45954 1.02661 0.216218 2.70237
648800 1.40741 0.992222 0.210046 2.60968
648900 1.42016 1.01128 0.226863 2.6583
649000 1.36929 1.02326 0.214871 2.60742
649100 1.34213 0.991135 0.192229 2.52549
649200 1.38897 1.00017 0.202265 2.59141
649300 1.40147 1.00711 0.213975 2.62255
649400 1.36884 1.02848 0.207991 2.60531
649500 1.4197 1.06504 0.216073 2.70081
649600 1.43828 1.08905 0.225768 2.7531
649700 1.3839 1.09095 0.217847 2.6927
649800 1.37897 1.09401 0.211331 2.68431
649900 1.44329 1.07244 0.213938 2.72967
650000 1.44275 1.07344 0.197962 2.71415
650100 1.42457 1.09714 0.20099 2.7227
650200 1.47414 1.12845 0.219274 2.82186
650300 1.46201 1.11724 0.220511 2.79976
650400 1.39224 1.08626 0.221733 2.70024
650500 1.37025 1.02545 0.248131 2.64382
650600 1.34886 0.962797 0.24787 2.55953
650700 1.2552 0.940059 0.236613 2.43187
650800 1.17828 0.962583 0.235933 2.37679
650900 1.16148 0.961903 0.238999 2.36238
651000 1.14961 0.965433 0.229949 2.34499
651100 1.15152 0.953922 0.21957 2.32501
651200 1.20165 0.947239 0.228262 2.37715
651300 1.26465 0.961296 0.232818 2.45877
651400 1.31749 1.02996 0.225731 2.57318
651500 1.33362 1.0928 0.227692 2.65411
651600 1.37167 1.11502 0.243753 2.73044
651700 1.44316 1.1111 0.233281 2.78755
651800 1.51981 1.11509 0.234911 2.86981
651900 1.55986 1.10029 0.266796 2.92695
652000 1.61425 1.11658 0.279206 3.01004
652100 1.65648 1.13602 0.267018 3.05952
652200 1.6087 1.15331 0.269803 3.03181
652300 1.49876 1.15686 0.261008 2.91663
652400 1.45356 1.12894 0.237526 2.82003
652500 1.39514 1.05763 0.236657 2.68943
652600 1.28719 0.998582 0.242106 2.52788
652700 1.24015 0.955038 0.220996 2.41619
652800 1.25319 0.918547 0.212728 2.38447
652900 1.19452 0.880543 0.217315 2.29238
653000 1.1587 0.881373 0.223563 2.26364
653100 1.19657 0.876385 0.22682 2.29978
653200 1.21978 0.876465 0.223345 2.31959
653300 1.19373 0.897019 0.219676 2.31043
653400 1.24965 0.921941 0.219324 2.39091
653500 1.31434 0.936176 0.20985 2.46036
653600 1.29864 0.963453 0.211907 2.474
653700 1.3169 0.96706 0.217422 2.50138
653800 1.42935 1.01175 0.217816 2.65891
653900 1.44894 1.00682 0.195418 2.65118
654000 1.43684 1.01199 0.188706 2.63753
654100 1.48476 1.0577 0.176738 2.7192
654200 1.47272 1.08982 0.182676 2.74522
654300 1.40177 1.04534 0.199225 2.64633
654400 1.43157 1.03599 0.207384 2.67494
654500 1.4441 1.0046 0.212416 2.66112
654600 1.38825 0.959089 0.226273 2.57361
654700 1.38102 0.949997 0.19975 2.53077
654800 1.3889 0.994995 0.175972 2.55986
654900 1.32909 0.976431 0.186438 2.49196
655000 1.30143 0.959157 0.191229 2.45182
655100 1.31231 0.989337 0.172076 2.47372
655200 1.28619 1.00474 0.184201 2.47513
655300 1.29207 0.948575 0.205429 2.44607
655400 1.3563 0.971676 0.184853 2.51283
655500 1.33953 0.995134 0.169066 2.50373
655600 1.26841 0.985057 0.191989 2.44546
655700 1.29243 0.966916 0.194821 2.45417
655800 1.36776 1.01835 0.18008 2.56619
655900 1.40901 1.03748 0.188389 2.63488
656000 1.48846 1.06401 0.198792 2.75126
656100 1.57254 1.08143 0.185674 2.83964
656200 1.58227 1.12404 0.206747 2.91306
656300 1.57717 1.09973 0.243635 2.92053
656400 1.59685 1.10122 0.249339 2.9474
656500 1.54149 1.08014 0.22784 2.84947
656600 1.46132 1.08256 0.230705 2.77459
656700 1.40515 1.05114 0.231302 2.68758
656800 1.3234 1.018 0.226408 2.56781
656900 1.23069 0.959699 0.234521 2.42491
657000 1.20217 0.946906 0.257654 2.40673
657100 1.18641 0.921318 0.263251 2.37098
657200 1.17225 0.901744 0.260891 2.33488
657300 1.19729 0.902552 0.255384 2.35523
657400 1.20367 0.949231 0.23505 2.38796
657500 1.17562 0.941114 0.209639 2.32637
657600 1.22365 0.973996 0.202611 2.40026
657700 1.33508 1.0228 0.201052 2.55893
657800 1.41636 1.03375 0.197348 2.64747
657900 1.49296 1.01481 0.197174 2.70495
658000 1.55995 1.04731 0.199879 2.80714
658100 1.53906 1.05816 0.198815 2.79604
658200 1.53256 1.0622 0.220398 2.81516
658300 1.57868 1.06546 0.243595 2.88774
658400 1.53983 1.0931 0.229416 2.86234
658500 1.47341 1.06797 0.225816 2.76719
658600 1.49331 1.03852 0.229094 2.76092
658700 1.48652 1.01673 0.207669 2.71091
658800 1.38431 0.98549 0.180361 2.55016
658900 1.33815 0.926032 0.204753 2.46894
659000 1.33533 0.887447 0.229861 2.45264
659100 1.22698 0.856683 0.21195 2.29562
659200 1.13505 0.830401 0.2047 2.17015
659300 1.13367 0.813097 0.216655 2.16342
659400 1.12433 0.797071 0.195911 2.11732
659500 1.06203 0.786968 0.181227 2.03022
659600 1.09403 0.796332 0.19148 2.08185
659700 1.18254 0.834343 0.209638 2.22652
659800 1.21224 0.860479 0.20624 2.27896
659900 1.24652 0.892479 0.219983 2.35898
660000 1.35983 0.92535 0.227027 2.5122
660100 1.42369 0.944549 0.22179 2.59003
660200 1.43794 0.970085 0.220669 2.6287
660300 1.47139 1.01706 0.221497 2.70994
660400 1.517 1.02663 0.212379 2.75601
660500 1.48791 1.01552 0.205315 2.70875
660600 1.47466 0.974765 0.204189 2.65361
660700 1.4729 0.963567 0.20488 2.64134
660800 1.43804 0.930496 0.220725 2.58926
660900 1.33345 0.906187 0.235617 2.47525
661000 1.26868 0.908103 0.244234 2.42102
661100 1.22673 0.906896 0.260906 2.39454
661200 1.16966 0.867972 0.254743 2.29237
661300 1.12494 0.869603 0.245295 2.23984
661400 1.16073 0.874972 0.240457 2.27615
661500 1.16573 0.875722 0.246453 2.2879
661600 1.14903 0.891714 0.244235 2.28498
661700 1.20108 0.931014 0.247921 2.38001
661800 1.30427 0.921154 0.236611 2.46203
661900 1.3139 0.913368 0.218007 2.44527
662000 1.33618 0.93575 0.206863 2.4788
662100 1.39283 0.944155 0.212443 2.54943
662200 1.41209 0.921774 0.207375 2.54124
662300 1.3925 0.953234 0.196465 2.5422
662400 1.41519 0.954172 0.201781 2.57114
662500 1.40375 0.912171 0.203728 2.51965
662600 1.34952 0.891335 0.189415 2.43027
662700 1.29289 0.901306 0.185659 2.37985
662800 1.27296 0.863913 0.192726 2.3296
662900 1.21962 0.856475 0.203764 2.27986
663000 1.15619 0.876671 0.212759 2.24562
663100 1.09489 0.880431 0.237797 2.21312
663200 1.08747 0.830184 0.243372 2.16102
663300 1.08511 0.819464 0.230254 2.13483
663400 1.11463 0.807124 0.221787 2.14354
663500 1.11005 0.810653 0.21693 2.13764
663600 1.12156 0.837421 0.198054 2.15704
663700 1.1254 0.873466 0.199361 2.19823
663800 1.17024 0.856047 0.207505 2.2338
663900 1.214 0.855505 0.20342 2.27292
664000 1.29484 0.842952 0.20459 2.34238
664100 1.33311 0.868615 0.210551 2.41228
664200 1.33259 0.915346 0.222608 2.47054
664300 1.32544 0.965847 0.229328 2.52062
664400 1.36194 0.968783 0.230667 2.56139
664500 1.36454 0.951744 0.229792 2.54608
664600 1.35539 0.946687 0.236679 2.53876
664700 1.34247 0.959254 0.239401 2.54113
664800 1.32782 0.960598 0.233677 2.52209
664900 1.26747 0.980561 0.245582 2.49361
665000 1.25814 0.984267 0.247892 2.4903
665100 1.27028 0.950738 0.228458 2.44948
665200 1.28131 0.887985 0.240545 2.40984
665300 1.27349 0.900952 0.261774 2.43622
665400 1.27848 0.919646 0.251924 2.45005
665500 1.24474 0.921732 0.250557 2.41703
665600 1.19853 0.939157 0.278233 2.41592
665700 1.17963 0.954531 0.273415 2.40758
665800 1.1934 0.900817 0.250452 2.34467
665900 1.20072 0.863108 0.262315 2.32614
666000 1.21351 0.866153 0.273853 2.35352
666100 1.19894 0.895285 0.250563 2.34478
666200 1.18806 0.928238 0.245383 2.36168
666300 1.20503 0.952923 0.253494 2.41145
666400 1.25685 0.940244 0.22175 2.41885
666500 1.3131 0.914873 0.205593 2.43357
666600 1.35428 0.88397 0.212938 2.45119
666700 1.35254 0.917242 0.199489 2.46927
666800 1.30636 0.963091 0.195358 2.46481
666900 1.29638 0.962759 0.225971 2.48511
667000 1.32182 0.920947 0.231181 2.47395
667100 1.32363 0.887847 0.2172 2.42868
667200 1.32218 0.85626 0.234066 2.4125
667300 1.32695 0.851509 0.238386 2.41684
667400 1.28808 0.892285 0.224269 2.40464
667500 1.24032 0.929802 0.238539 2.40866
667600 1.23929 0.917708 0.246839 2.40384
667700 1.25872 0.901661 0.217456 2.37784
667800 1.2613 0.876808 0.200891 2.339
667900 1.28737 0.871054 0.207976 2.3664
668000 1.3267 0.871369 0.195972 2.39404
668100 1.30937 0.913702 0.191988 2.41506
668200 1.28375 0.958448 0.19962 2.44182
668300 1.32639 0.94971 0.206489 2.48259
668400 1.38114 0.932323 0.20397 2.51744
668500 1.40313 0.95858 0.19788 2.5596
668600 1.40807 0.977129 0.192587 2.57779
668700 1.40955 1.00703 0.209107 2.62568
668800 1.37404 1.02517 0.232668 2.63188
668900 1.34952 1.0051 0.233423 2.58804
669000 1.3347 0.967047 0.227287 2.52903
669100 1.3318 0.933299 0.224708 2.4898
669200 1.31422 0.916135 0.211421 2.44178
669300 1.30114 0.925213 0.201311 2.42767
669400 1.26799 0.927722 0.19919 2.3949
669500 1.2616 0.926067 0.196884 2.38455
669600 1.27198 0.910388 0.190702 2.37307
669700 1.28888 0.905112 0.185135 2.37913
669800 1.2889 0.924606 0.186877 2.40038
669900 1.32681 0.923509 0.195916 2.44624
670000 1.32032 0.952748 0.217267 2.49034
670100 1.31107 0.98261 0.23884 2.53252
670200 1.34113 0.977311 0.242692 2.56114
670300 1.43509 0.94364 0.238155 2.61688
670400 1.44088 0.961992 0.218273 2.62114
670500 1.46783 0.988108 0.199171 2.65511
670600 1.48876 1.02138 0.204665 2.71481
670700 1.48006 1.03379 0.214617 2.72847
670800 1.43565 1.04478 0.208507 2.68893
670900 1.47416 0.983156 0.206201 2.66351
671000 1.44706 0.963425 0.205695 2.61618
671100 1.37464 0.940663 0.192818 2.50812
671200 1.30621 0.947445 0.200238 2.45389
671300 1.27329 0.925842 0.228443 2.42757
671400 1.20515 0.921502 0.250288 2.37693
671500 1.22029 0.887962 0.249837 2.35809
671600 1.22608 0.883715 0.241589 2.35138
671700 1.24461 0.875216 0.229728 2.34955
671800 1.24714 0.908162 0.207386 2.36268
671900 1.27684 0.931983 0.200559 2.40938
672000 1.25793 0.957008 0.202496 2.41744
672100 1.29955 0.929031 0.203083 2.43167
672200 1.38634 0.932444 0.204053 2.52284
672300 1.41242 0.936145 0.196049 2.54461
672400 1.34766 0.979435 0.194637 2.52173
672500 1.37686 0.989983 0.208251 2.57509
672600 1.38572 1.03959 0.229117 2.65443
672700 1.33451 1.03822 0.233368 2.6061
672800 1.34848 1.03516 0.242975 2.62661
672900 1.41962 1.0189 0.247909 2.68643
673000 1.34772 1.03878 0.221521 2.60802
673100 1.29989 0.997818 0.200203 2.49791
673200 1.35413 0.976695 0.216927 2.54775
673300 1.33498 0.927565 0.221261 2.4838
673400 1.24673 0.908567 0.202382 2.35768
673500 1.30054 0.88638 0.20725 2.39417
673600 1.34858 0.903312 0.219487 2.47138
673700 1.2965 0.889392 0.199002 2.3849
673800 1.28258 0.905897 0.197861 2.38633
673900 1.33175 0.900721 0.231738 2.46421
674000 1.28535 0.897197 0.246668 2.42921
674100 1.26153 0.860705 0.237537 2.35978
674200 1.3302 0.897878 0.244344 2.47242
674300 1.34323 0.903054 0.241969 2.48825
674400 1.28676 0.905262 0.212427 2.40445
674500 1.34533 0.900872 0.202724 2.44892
674600 1.39455 0.920398 0.213442 2.52839
674700 1.3504 0.908918 0.21074 2.47006
674800 1.35059 0.933851 0.209178 2.49362
674900 1.39238 0.946399 0.217024 2.55581
675000 1.3509 0.960402 0.225756 2.53706
675100 1.32438 0.937254 0.23029 2.49193
675200 1.39716 0.930744 0.248507 2.57641
675300 1.39167 0.902872 0.261729 2.55627
675400 1.31294 0.924035 0.257716 2.49469
675500 1.31001 0.930801 0.247512 2.48832
675600 1.33988 0.942129 0.2334 2.51541
675700 1.28585 0.926895 0.224748 2.43749
675800 1.27513 0.903618 0.229571 2.40832
675900 1.31375 0.880515 0.237274 2.43154
676000 1.30859 0.874842 0.235456 2.41889
676100 1.29437 0.868891 0.244836 2.4081
676200 1.36385 0.88927 0.242337 2.49545
676300 1.38496 0.898508 0.225428 2.5089
676400 1.37918 0.908508 0.224292 2.51198
676500 1.40563 0.940077 0.236822 2.58253
676600 1.45286 0.95555 0.231734 2.64014
676700 1.42872 0.97612 0.233127 2.63796
676800 1.44653 1.01503 0.234089 2.69564
676900 1.47494 1.03227 0.23559 2.74279
677000 1.48469 1.03242 0.233399 2.7505
677100 1.48662 1.04635 0.239974 2.77295
677200 1.53751 1.00507 0.249601 2.79218
677300 1.49745 0.982996 0.23749 2.71794
677400 1.44244 1.00089 0.222965 2.6663
677500 1.39229 1.00151 0.239687 2.63349
677600 1.39006 0.973504 0.241394 2.60496
677700 1.35068 1.00951 0.226562 2.58675
677800 1.38701 0.975274 0.226323 2.5886
677900 1.4304 0.930966 0.2429 2.60426
678000 1.48713 0.956992 0.241063 2.68518
678100 1.49849 1.02596 0.237282 2.76174
678200 1.54645 1.00869 0.245817 2.80095
678300 1.56086 1.04602 0.266417 2.87329
678400 1.61205 1.06321 0.272835 2.94809
678500 1.64347 1.04011 0.270657 2.95424
678600 1.72166 1.02301 0.262534 3.0072
678700 1.70628 1.10284 0.26921 3.07833
678800 1.65832 1.12076 0.26539 3.04447
678900 1.60819 1.1218 0.252835 2.98282
679000 1.64741 1.10626 0.258981 3.01265
679100 1.63828 1.10266 0.258329 2.99928
679200 1.61152 1.04392 0.236804 2.89224
679300 1.549 1.05291 0.233776 2.83569
679400 1.4983 1.07676 0.250889 2.82595
679500 1.39907 1.0673 0.261718 2.72809
679600 1.38793 0.995264 0.253203 2.63639
679700 1.3936 0.962383 0.254689 2.61067
679800 1.37207 0.889139 0.267491 2.5287
679900 1.30293 0.861094 0.255265 2.41929
680000 1.30227 0.875085 0.235927 2.41328
680100 1.2774 0.894835 0.254314 2.42655
680200 1.2787 0.865487 0.275602 2.41978
680300 1.29996 0.886515 0.25256 2.43904
680400 1.37366 0.873207 0.235184 2.48205
680500 1.38354 0.837685 0.260092 2.48132
680600 1.37542 0.851071 0.278099 2.50459
680700 1.32951 0.926163 0.251194 2.50686
680800 1.30457 0.91463 0.248293 2.46749
680900 1.28628 0.883977 0.265107 2.43536
681000 1.29775 0.884401 0.238928 2.42108
681100 1.29592 0.890031 0.213461 2.39942
681200 1.30984 0.871295 0.23659 2.41773
681300 1.31412 0.93267 0.245908 2.4927
681400 1.32454 0.992268 0.235437 2.55224
681500 1.34625 0.967187 0.256 2.56944
681600 1.39877 0.943759 0.265226 2.60776
681700 1.37405 0.973343 0.242402 2.5898
681800 1.34235 0.945883 0.255596 2.54383
681900 1.33049 0.940094 0.279279 2.54986
682000 1.33897 0.979065 0.263586 2.58162
682100 1.31258 0.965117 0.254967 2.53266
682200 1.34073 0.902464 0.252809 2.496
682300 1.35286 0.91964 0.234683 2.50718
682400 1.32849 0.904731 0.226846 2.46006
682500 1.30399 0.888336 0.241713 2.43404
682600 1.31787 0.928015 0.237883 2.48377
682700 1.31062 0.959563 0.232118 2.5023
682800 1.30156 0.955294 0.244986 2.50184
682900 1.33574 0.977854 0.236355 2.54995
683000 1.38389 0.993968 0.22636 2.60421
683100 1.37375 1.02354 0.25334 2.65064
683200 1.3713 1.07498 0.290973 2.73726
683300 1.41891 1.08179 0.274975 2.77568
683400 1.4573 1.05608 0.253661 2.76704
683500 1.50595 1.04046 0.252481 2.79888
683600 1.57128 1.00385 0.240254 2.81539
683700 1.55037 1.01169 0.226022 2.78808
683800 1.44627 1.05172 0.23737 2.73537
683900 1.37331 1.05994 0.259599 2.69285
684000 1.36379 0.997736 0.253263 2.61479
684100 1.33834 0.946083 0.235243 2.51967
684200 1.29712 0.901743 0.231069 2.42993
684300 1.26497 0.890353 0.227729 2.38305
684400 1.22026 0.902229 0.238505 2.361
684500 1.18623 0.94352 0.260982 2.39073
684600 1.20036 0.944137 0.267118 2.41161
684700 1.27432 0.938315 0.260934 2.47357
684800 1.31749 0.942281 0.250545 2.51032
684900 1.34447 0.972393 0.234495 2.55136
685000 1.36682 0.960063 0.241195 2.56808
685100 1.39476 0.977826 0.266162 2.63875
685200 1.40861 1.02597 0.254493 2.68907
685300 1.45878 1.04174 0.238624 2.73914
685400 1.53737 1.02404 0.250099 2.81151
685500 1.59268 1.07298 0.253994 2.91966
685600 1.60558 1.11112 0.242652 2.95935
685700 1.61863 1.13169 0.253845 3.00417
685800 1.61059 1.17512 0.263762 3.04947
685900 1.63239 1.18859 0.247583 3.06856
686000 1.63743 1.14723 0.231396 3.01605
686100 1.62137 1.15643 0.23107 3.00887
686200 1.57726 1.13399 0.250932 2.96218
686300 1.54681 1.11484 0.272999 2.93464
686400 1.48392 1.16054 0.267734 2.91219
686500 1.47429 1.15074 0.264953 2.88998
686600 1.50771 1.06297 0.266879 2.83756
686700 1.51611 1.04762 0.250625 2.81435
686800 1.48982 1.04524 0.246973 2.78203
686900 1.4939 1.0169 0.271826 2.78263
687000 1.48352 1.0412 0.271178 2.7959
687100 1.45395 1.09004 0.248294 2.79229
687200 1.43337 1.05021 0.240762 2.72435
687300 1.48395 0.998297 0.251403 2.73365
687400 1.45859 0.986493 0.23964 2.68472
687500 1.36887 1.02462 0.244141 2.63763
687600 1.33017 1.02346 0.268316 2.62195
687700 1.3308 1.01837 0.277969 2.62714
687800 1.27766 1.01548 0.254572 2.54771
687900 1.30179 0.96557 0.245178 2.51254
688000 1.35555 0.915418 0.241995 2.51297
688100 1.30833 0.9359 0.238568 2.4828
688200 1.23192 0.943549 0.239477 2.41495
688300 1.25598 0.925759 0.243403 2.42514
688400 1.2525 0.929969 0.241854 2.42432
688500 1.21587 0.9165 0.240286 2.37265
688600 1.25379 0.871215 0.241836 2.36684
688700 1.34153 0.854563 0.24932 2.44542
688800 1.334 0.880661 0.2738 2.48846
688900 1.35522 0.905716 0.278464 2.5394
689000 1.40453 0.94978 0.25114 2.60545
689100 1.4256 0.980357 0.238986 2.64494
689200 1.42685 1.0099 0.232432 2.66918
689300 1.47675 1.06128 0.222923 2.76095
689400 1.50554 1.11834 0.230551 2.85444
689500 1.50257 1.11913 0.267423 2.88912
689600 1.51396 1.14517 0.27637 2.9355
689700 1.54336 1.1232 0.262203 2.92877
689800 1.53253 1.06673 0.262316 2.86158
689900 1.51935 1.05157 0.27991 2.85082
690000 1.46973 1.06496 0.268442 2.80314
690100 1.39675 1.07165 0.25783 2.72624
690200 1.36679 1.09094 0.257947 2.71568
690300 1.40148 1.05815 0.244664 2.70428
690400 1.41866 1.04759 0.214164 2.68042
690500 1.43445 1.03499 0.209689 2.67913
690600 1.46096 1.00024 0.235038 2.69623
690700 1.41471 0.982195 0.253227 2.65014
690800 1.36233 0.98392 0.257676 2.60392
690900 1.357 0.936663 0.271617 2.56529
691000 1.32739 0.92185 0.282482 2.53172
691100 1.29507 0.911303 0.253488 2.45987
691200 1.27689 0.9092 0.230641 2.41674
691300 1.28837 0.910323 0.240374 2.43907
691400 1.25514 0.93308 0.240035 2.42826
691500 1.25363 0.94486 0.221252 2.41975
691600 1.30049 0.957895 0.231269 2.48965
691700 1.3364 0.921261 0.237575 2.49524
691800 1.3427 0.934665 0.23593 2.51329
691900 1.38925 0.927798 0.262843 2.57989
692000 1.40403 0.915523 0.276227 2.59578
692100 1.37021 0.933144 0.272681 2.57603
692200 1.37464 0.973785 0.290604 2.63903
692300 1.4083 0.974063 0.303065 2.68542
692400 1.43873 0.999155 0.273134 2.71101
692500 1.50603 1.02589 0.265268 2.79719
692600 1.54154 1.01601 0.282301 2.83985
692700 1.53625 0.993239 0.272034 2.80152
692800 1.48515 0.980786 0.25554 2.72148
692900 1.41772 0.957415 0.259249 2.63438
693000 1.35362 0.919624 0.265442 2.53869
693100 1.30751 0.893131 0.254085 2.45473
693200 1.26011 0.884803 0.249753 2.39467
693300 1.21838 0.877023 0.249585 2.34499
693400 1.21608 0.881876 0.236482 2.33444
693500 1.25362 0.898024 0.222211 2.37386
693600 1.26278 0.941997 0.23847 2.44325
693700 1.29262 0.978284 0.253297 2.5242
693800 1.35266 1.01373 0.242302 2.60869
693900 1.39293 1.04845 0.248719 2.69011
694000 1.3907 1.0282 0.253419 2.67232
694100 1.4162 1.02833 0.247604 2.69214
694200 1.43044 1.03465 0.267809 2.7329
694300 1.42997 1.01238 0.27473 2.71708
694400 1.43355 1.02741 0.246922 2.70789
694500 1.45755 1.04878 0.24843 2.75476
694600 1.44837 1.01613 0.251604 2.7161
694700 1.42814 1.05314 0.228991 2.71027
694800 1.4165 1.07977 0.220548 2.71682
694900 1.42286 1.04793 0.236739 2.70753
695000 1.40759 1.05468 0.230735 2.69301
695100 1.41674 1.05844 0.228159 2.70334
695200 1.38757 1.01704 0.241672 2.64629
695300 1.33727 1.03681 0.258389 2.63246
695400 1.30686 1.06458 0.25643 2.62788
695500 1.28452 1.07626 0.245747 2.60652
695600 1.27908 1.09378 0.225867 2.59873
695700 1.34849 1.11851 0.233855 2.70086
695800 1.3997 1.06957 0.235592 2.70486
695900 1.43456 1.06377 0.221501 2.71984
696000 1.46222 1.08766 0.230619 2.7805
696100 1.49849 1.10182 0.242624 2.84294
696200 1.47432 1.10018 0.233249 2.80775
696300 1.47484 1.11022 0.233013 2.81807
696400 1.52488 1.08485 0.252064 2.86179
696500 1.53277 1.06946 0.275949 2.87817
696600 1.49987 1.07166 0.275663 2.84719
696700 1.48951 1.10666 0.255958 2.85212
696800 1.45246 1.11858 0.253896 2.82493
696900 1.40552 1.09417 0.267093 2.76678
697000 1.42194 1.07257 0.25311 2.74763
697100 1.43218 1.06551 0.228214 2.7259
697200 1.41233 1.04122 0.23821 2.69176
697300 1.44816 1.04394 0.251688 2.74379
697400 1.48597 1.06541 0.243237 2.79462
697500 1.50028 1.08728 0.239361 2.82692
697600 1.5222 1.10349 0.256723 2.88241
697700 1.57892 1.1333 0.2635 2.97572
697800 1.6062 1.12784 0.258015 2.99205
697900 1.58295 1.15747 0.267576 3.008
698000 1.554 1.20581 0.275519 3.03533
698100 1.54068 1.19467 0.273414 3.00876
698200 1.53317 1.1386 0.260042 2.9318
698300 1.55428 1.13466 0.253742 2.94268
698400 1.57673 1.1086 0.258864 2.94419
698500 1.58853 1.09172 0.270771 2.95102
698600 1.52736 1.12796 0.266208 2.92152
698700 1.48999 1.16194 0.256135 2.90806
698800 1.5073 1.11886 0.252422 2.87859
698900 1.52467 1.07218 0.237677 2.83452
699000 1.51649 1.04591 0.226561 2.78896
699100 1.45934 1.05617 0.218173 2.73368
699200 1.38266 1.10084 0.232381 2.71588
699300 1.35072 1.13844 0.262045 2.75121
699400 1.35385 1.10866 0.248627 2.71114
699500 1.41101 1.02059 0.22783 2.65943
699600 1.45857 0.963973 0.24294 2.66548
699700 1.43647 0.954512 0.260545 2.65152
699800 1.3553 0.959051 0.241399 2.55575
699900 1.31805 1.00895 0.242435 2.56943
700000 1.33355 1.02738 0.258482 2.61941
700100 1.38067 0.972989 0.245257 2.59891
700200 1.44086 0.950929 0.227047 2.61884
700300 1.47272 1.00219 0.242818 2.71773
700400 1.4747 1.05219 0.271664 2.79855
700500 1.51021 1.07877 0.266815 2.85579
700600 1.52112 1.119 0.251249 2.89137
700700 1.56405 1.08875 0.272237 2.92504
700800 1.62344 1.04944 0.292389 2.96526
700900 1.60673 1.07933 0.274456 2.96052
701000 1.54744 1.13804 0.269095 2.95457
701100 1.50411 1.15376 0.282792 2.94067
701200 1.49453 1.13248 0.269268 2.89627
701300 1.52183 1.07905 0.250284 2.85117
701400 1.54965 1.05698 0.250481 2.85712
701500 1.52436 1.07301 0.247172 2.84453
701600 1.4959 1.07841 0.235581 2.80989
701700 1.49243 1.07448 0.237235 2.80414
701800 1.50198 1.07716 0.240455 2.81959
701900 1.54878 1.04577 0.2493 2.84385
702000 1.5917 1.02428 0.264783 2.88076
702100 1.5989 1.07522 0.274533 2.94865
702200 1.57685 1.1376 0.304761 3.01921
702300 1.52672 1.16743 0.31857 3.01272
702400 1.53912 1.21777 0.301699 3.05859
702500 1.63438 1.19735 0.283641 3.11538
702600 1.69988 1.12544 0.273622 3.09894
702700 1.71464 1.1145 0.255942 3.08508
702800 1.73052 1.15208 0.245393 3.12799
702900 1.68963 1.15401 0.235774 3.07942
703000 1.66203 1.14161 0.25146 3.05509
703100 1.67922 1.12576 0.26307 3.06805
703200 1.66472 1.07333 0.232611 2.97066
703300 1.61643 1.02034 0.234003 2.87078
703400 1.59821 1.01075 0.292763 2.90172
703500 1.53735 1.03956 0.308133 2.88505
703600 1.47805 1.01848 0.283001 2.77954
703700 1.472 0.99507 0.303424 2.77049
703800 1.47631 0.985817 0.309889 2.77201
703900 1.42368 0.964193 0.251683 2.63955
704000 1.41119 0.939646 0.227746 2.57858
704100 1.39582 0.964506 0.255496 2.61582
704200 1.34485 0.96362 0.249584 2.55805
704300 1.31029 0.95671 0.21697 2.48397
704400 1.37905 0.973187 0.233803 2.58604
704500 1.42067 1.0015 0.253136 2.67531
704600 1.4398 1.003 0.232301 2.6751
704700 1.46352 1.08199 0.233348 2.77886
704800 1.48448 1.14458 0.26512 2.89418
704900 1.49916 1.13859 0.246855 2.8846
705000 1.58239 1.12369 0.224338 2.93041
705100 1.6309 1.10794 0.248423 2.98726
705200 1.55699 1.03128 0.245039 2.83331
705300 1.41885 1.03718 0.219959 2.67599
705400 1.37676 1.03797 0.235763 2.6505
705500 1.32337 0.994299 0.246149 2.56382
705600 1.28812 0.945264 0.232225 2.46561
705700 1.27542 0.949813 0.251973 2.4772
705800 1.26956 0.897412 0.261386 2.42836
705900 1.24659 0.87322 0.233122 2.35293
706000 1.2527 0.901492 0.240491 2.39468
706100 1.25496 0.939025 0.266177 2.46016
706200 1.27483 0.935306 0.241424 2.45156
706300 1.28452 0.974528 0.223686 2.48273
706400 1.34905 0.998013 0.251361 2.59842
706500 1.40051 0.995931 0.255679 2.65212
706600 1.44895 1.00175 0.233159 2.68385
706700 1.49107 1.04438 0.249855 2.78531
706800 1.52307 1.04541 0.278471 2.84695
706900 1.49869 1.04844 0.26679 2.81392
707000 1.48073 1.052 0.245034 2.77776
707100 1.44106 1.04551 0.245407 2.73198
707200 1.40096 0.987946 0.236091 2.62499
707300 1.32629 0.96441 0.223867 2.51456
707400 1.27509 0.93131 0.250708 2.45711
707500 1.24728 0.887917 0.277078 2.41227
707600 1.24964 0.869545 0.268664 2.38785
707700 1.22145 0.871318 0.25094 2.34371
707800 1.23511 0.837226 0.255277 2.32761
707900 1.22778 0.832711 0.261426 2.32192
708000 1.19355 0.854785 0.255867 2.3042
708100 1.15934 0.863298 0.260764 2.2834
708200 1.18824 0.873576 0.26944 2.33126
708300 1.20014 0.894031 0.251089 2.34526
708400 1.22091 0.894824 0.234661 2.35039
708500 1.2366 0.915472 0.230478 2.38255
708600 1.25806 0.938902 0.223359 2.42032
708700 1.26117 0.963618 0.22454 2.44933
708800 1.28972 0.99808 0.232188 2.51999
708900 1.28721 1.01534 0.219569 2.52211
709000 1.29558 1.03137 0.213166 2.54011
709100 1.32163 1.04409 0.231271 2.59699
709200 1.33719 1.06682 0.237366 2.64138
709300 1.30878 1.08506 0.236744 2.63059
709400 1.35687 1.10132 0.253883 2.71207
709500 1.3914 1.12335 0.249656 2.7644
709600 1.41636 1.11924 0.220079 2.75568
709700 1.46652 1.09843 0.22682 2.79177
709800 1.55162 1.09866 0.24803 2.89831
709900 1.5086 1.11922 0.230269 2.85809
710000 1.4756 1.15647 0.219155 2.85123
710100 1.49675 1.15758 0.23224 2.88657
710200 1.509 1.10332 0.206122 2.81845
710300 1.41485 1.07743 0.177157 2.66944
710400 1.36094 1.06622 0.205931 2.6331
710500 1.31732 1.05969 0.225936 2.60295
710600 1.26144 1.06092 0.22106 2.54342
710700 1.25132 1.08507 0.238099 2.57449
710800 1.30798 1.09211 0.239164 2.63925
710900 1.29209 1.09916 0.20706 2.59831
711000 1.25286 1.09701 0.209016 2.55888
711100 1.23961 1.09352 0.237962 2.5711
711200 1.23013 1.07336 0.23652 2.54001
711300 1.19047 1.03869 0.231883 2.46104
711400 1.24272 1.05476 0.227727 2.52521
711500 1.31424 1.04463 0.202455 2.56132
711600 1.3559 1.0246 0.189587 2.57009
711700 1.40494 1.0377 0.213678 2.65632
711800 1.46222 1.05327 0.229396 2.74488
711900 1.45393 1.01584 0.217537 2.68731
712000 1.43209 1.00644 0.221823 2.66036
712100 1.42343 1.0264 0.222792 2.67262
712200 1.37141 0.996806 0.210461 2.57868
712300 1.31268 0.967646 0.222622 2.50295
712400 1.28133 1.00688 0.249661 2.53787
712500 1.24856 1.00137 0.252659 2.5026
712600 1.22653 0.995308 0.248246 2.47008
712700 1.27099 0.99976 0.243697 2.51444
712800 1.28723 1.00483 0.233829 2.52589
712900 1.2613 1.0093 0.241071 2.51167
713000 1.27892 1.06072 0.260149 2.5998
713100 1.3114 1.08235 0.256171 2.64993
713200 1.31975 1.08294 0.240825 2.64351
713300 1.37095 1.06888 0.231475 2.6713
713400 1.44667 1.04195 0.203864 2.69249
713500 1.45943 1.01495 0.203257 2.67763
713600 1.40693 1.05287 0.237064 2.69687
713700 1.39407 1.05596 0.248781 2.69881
713800 1.37601 1.01253 0.236244 2.62479
713900 1.34969 0.962893 0.23001 2.54259
714000 1.31762 0.941566 0.219912 2.4791
714100 1.26683 0.910122 0.210703 2.38766
714200 1.20837 0.904788 0.231225 2.34438
714300 1.15553 0.923656 0.255985 2.33517
714400 1.12346 0.912527 0.241405 2.27739
714500 1.12481 0.850082 0.237999 2.21289
714600 1.14936 0.851929 0.23953 2.24082
714700 1.15419 0.895665 0.220281 2.27014
714800 1.14127 0.920611 0.204874 2.26675
714900 1.1686 0.963958 0.235322 2.36788
715000 1.20903 0.99397 0.241576 2.44458
715100 1.24085 0.980906 0.226313 2.44807
715200 1.30559 0.978924 0.229868 2.51438
715300 1.36958 1.0385 0.229372 2.63745
715400 1.37832 1.09757 0.213307 2.6892
715500 1.38207 1.11093 0.228825 2.72182
715600 1.42235 1.1406 0.23876 2.8017
715700 1.45097 1.11065 0.227381 2.78901
715800 1.47292 1.08211 0.232343 2.78737
715900 1.48932 1.10088 0.230366 2.82056
716000 1.47661 1.16501 0.191692 2.83332
716100 1.46022 1.18721 0.203333 2.85076
716200 1.49346 1.18721 0.23323 2.9139
716300 1.53732 1.19832 0.207965 2.94361
716400 1.54506 1.18608 0.190925 2.92207
716500 1.52805 1.17636 0.212818 2.91723
716600 1.50085 1.21595 0.212193 2.92899
716700 1.44179 1.20735 0.201222 2.85036
716800 1.43674 1.13722 0.219581 2.79354
716900 1.412 1.10948 0.240394 2.76187
717000 1.35581 1.07559 0.218655 2.65005
717100 1.28229 1.03543 0.21759 2.53531
717200 1.27715 1.05956 0.234095 2.57081
717300 1.25526 1.10268 0.240524 2.59847
717400 1.22056 1.0789 0.237623 2.53708
717500 1.2147 1.10435 0.246175 2.56523
717600 1.26993 1.09675 0.245637 2.61232
717700 1.28783 1.04719 0.219787 2.55481
717800 1.33361 1.04606 0.187978 2.56765
717900 1.35469 1.1101 0.188615 2.6534
718000 1.37924 1.1006 0.197521 2.67736
718100 1.40702 1.10942 0.201979 2.71841
718200 1.48136 1.125 0.199477 2.80584
718300 1.47516 1.13827 0.207386 2.82082
718400 1.4698 1.13907 0.2023 2.81117
718500 1.44414 1.19122 0.188038 2.8234
718600 1.41024 1.17279 0.188026 2.77105
718700 1.33059 1.15141 0.20302 2.68502
718800 1.29083 1.10301 0.213362 2.60721
718900 1.21775 1.06164 0.215628 2.49502
719000 1.15737 0.994738 0.220999 2.3731
719100 1.0869 0.995416 0.216703 2.29902
719200 1.07557 0.963679 0.194907 2.23416
719300 1.0605 0.955188 0.190663 2.20635
719400 1.09894 0.936014 0.201068 2.23602
719500 1.13295 0.96921 0.203015 2.30517
719600 1.20083 0.98096 0.212322 2.39412
719700 1.23401 1.03497 0.23107 2.50005
719800 1.30591 1.05987 0.213136 2.57891
719900 1.35647 1.13246 0.197329 2.68626
720000 1.44922 1.11739 0.211953 2.77856
720100 1.50225 1.12923 0.212348 2.84383
720200 1.55272 1.10963 0.232103 2.89446
720300 1.50785 1.13297 0.265675 2.90649
720400 1.45756 1.10544 0.237724 2.80072
720500 1.41126 1.14474 0.207694 2.7637
720600 1.38034 1.09505 0.211167 2.68656
720700 1.29647 1.05367 0.183197 2.53334
720800 1.28714 1.00458 0.166931 2.45865
720900 1.24852 1.00389 0.191479 2.44389
721000 1.17727 0.958612 0.205864 2.34174
721100 1.11836 0.941472 0.199404 2.25924
721200 1.12692 0.919545 0.239675 2.28614
721300 1.11972 0.954 0.260791 2.33451
721400 1.14033 0.937594 0.242444 2.32037
721500 1.2264 0.98483 0.242626 2.45386
721600 1.30294 1.04017 0.262487 2.60559
721700 1.32956 1.08358 0.237992 2.65113
721800 1.37278 1.09071 0.214539 2.67803
721900 1.44202 1.12419 0.21485 2.78106
722000 1.48557 1.08756 0.216524 2.78965
722100 1.48247 1.06405 0.194012 2.74053
722200 1.4585 1.06486 0.200761 2.72412
722300 1.39493 1.05411 0.220299 2.66934
722400 1.32564 0.992829 0.222854 2.54132
722500 1.31725 0.992158 0.228787 2.5382
722600 1.31331 0.999024 0.244626 2.55696
722700 1.30576 0.999987 0.241848 2.5476
722800 1.30067 1.01644 0.243363 2.56047
722900 1.30899 1.01476 0.256363 2.58012
723000 1.25703 0.988027 0.258132 2.50319
723100 1.23543 0.977044 0.238979 2.45145
723200 1.21098 0.993437 0.231188 2.4356
723300 1.19957 0.992349 0.216082 2.40801
723400 1.20569 1.01523 0.197702 2.41862
723500 1.28247 1.02517 0.19069 2.49833
723600 1.31958 1.03985 0.19705 2.55648
723700 1.35966 1.03973 0.20295 2.60235
723800 1.37229 1.07961 0.212255 2.66415
723900 1.39895 1.09425 0.213584 2.70678
724000 1.36971 1.11264 0.227257 2.70961
724100 1.38867 1.08013 0.228245 2.69704
724200 1.35148 1.06279 0.228882 2.64315
724300 1.3174 1.02612 0.227426 2.57094
724400 1.29017 1.03243 0.226024 2.54863
724500 1.30832 1.00785 0.201254 2.51743
724600 1.30309 1.0344 0.189063 2.52656
724700 1.38709 1.00889 0.195388 2.59137
724800 1.42709 1.0264 0.213292 2.66678
724900 1.42878 1.02453 0.228024 2.68133
725000 1.4108 1.04833 0.221216 2.68034
725100 1.42788 1.03642 0.200758 2.66506
725200 1.35231 1.07282 0.192841 2.61798
725300 1.32836 1.01248 0.188225 2.52907
725400 1.28206 1.05151 0.188395 2.52196
725500 1.26459 1.027 0.197407 2.489
725600 1.21497 1.0253 0.210325 2.4506
725700 1.23013 1.00066 0.214351 2.44515
725800 1.20471 1.03013 0.216616 2.45145
725900 1.20048 0.977612 0.217549 2.39564
726000 1.18412 0.999248 0.225782 2.40915
726100 1.21884 0.963204 0.239618 2.42166
726200 1.19098 0.949907 0.239676 2.38057
726300 1.20734 0.919873 0.224488 2.3517
726400 1.18798 0.94113 0.205892 2.335
726500 1.19202 0.924746 0.190197 2.30696
726600 1.19896 0.999905 0.200786 2.39966
726700 1.25764 1.01602 0.216833 2.49049
726800 1.29638 1.01822 0.207991 2.52259
726900 1.34993 1.00518 0.199844 2.55495
727000 1.37405 1.04709 0.208877 2.63002
727100 1.34916 1.01023 0.196621 2.55601
727200 1.28412 1.04816 0.192996 2.52528
727300 1.27251 1.06862 0.22544 2.56657
727400 1.25244 1.05888 0.23845 2.54977
727500 1.27809 1.00945 0.217446 2.50499
727600 1.30582 1.01047 0.228617 2.54491
727700 1.27519 1.00051 0.242357 2.51806
727800 1.2053 1.01573 0.231077 2.45211
727900 1.18519 1.0141 0.23811 2.4374
728000 1.17074 1.00121 0.255705 2.42766
728100 1.16766 0.941823 0.215229 2.32471
728200 1.20821 0.936701 0.16368 2.30859
728300 1.1994 0.990399 0.161918 2.35172
728400 1.14611 1.02688 0.16568 2.33867
728500 1.16554 1.05681 0.175027 2.39737
728600 1.24964 1.09111 0.222294 2.56304
728700 1.28809 1.06511 0.251434 2.60463
728800 1.33677 1.02385 0.227276 2.5879
728900 1.39391 1.04836 0.226478 2.66875
729000 1.37426 1.07193 0.242014 2.6882
729100 1.31456 1.10905 0.225447 2.64906
729200 1.37009 1.13714 0.208302 2.71553
729300 1.44027 1.13316 0.22595 2.79938
729400 1.48366 1.09069 0.214962 2.78931
729500 1.51409 1.14198 0.18701 2.84309
729600 1.55136 1.19341 0.186145 2.93091
729700 1.48197 1.19897 0.192966 2.87391
729800 1.45528 1.16098 0.183955 2.80022
729900 1.44985 1.12046 0.192123 2.76243
730000 1.43467 1.02296 0.200115 2.65774
730100 1.35126 1.0138 0.202826 2.56789
730200 1.31964 1.0451 0.208172 2.5729
730300 1.26054 1.06052 0.208152 2.52921
730400 1.25749 1.01036 0.199574 2.46742
730500 1.25648 0.993986 0.198133 2.4486
730600 1.24628 0.962097 0.197049 2.40543
730700 1.21065 0.97173 0.200009 2.38239
730800 1.22097 0.991053 0.195588 2.40761
730900 1.20048 1.03834 0.189626 2.42844
731000 1.21272 1.00555 0.187276 2.40555
731100 1.29201 0.991781 0.194986 2.47878
731200 1.36205 1.00847 0.193797 2.56431
731300 1.3676 1.04451 0.210194 2.6223
731400 1.43952 1.05473 0.222953 2.71721
731500 1.45608 1.13058 0.226208 2.81286
731600 1.44865 1.12017 0.221201 2.79002
731700 1.46269 1.09933 0.233128 2.79515
731800 1.51364 1.09055 0.233211 2.8374
731900 1.45937 1.09785 0.220914 2.77813
732000 1.41832 1.08195 0.192867 2.69314
732100 1.42288 1.10197 0.183566 2.70841
732200 1.39807 1.07805 0.179494 2.65561
732300 1.30831 1.05847 0.182418 2.5492
732400 1.28193 1.05225 0.195941 2.53013
732500 1.25499 1.02598 0.212749 2.49372
732600 1.2116 0.980285 0.215503 2.40738
732700 1.20995 0.983958 0.223004 2.41691
732800 1.23454 0.968406 0.228502 2.43145
732900 1.20147 0.954466 0.226128 2.38207
733000 1.2005 0.951335 0.238022 2.38985
733100 1.22056 0.970654 0.256686 2.4479
733200 1.22186 0.989026 0.23295 2.44383
733300 1.2545 1.02543 0.208617 2.48854
733400 1.36594 1.03644 0.202518 2.6049
733500 1.44346 1.0533 0.203963 2.70072
733600 1.47422 1.08265 0.20687 2.76374
733700 1.5391 1.10485 0.220578 2.86454
733800 1.54156 1.12965 0.229233 2.90044
733900 1.47395 1.1644 0.227977 2.86632
734000 1.44845 1.17194 0.219349 2.83974
734100 1.43044 1.16327 0.234158 2.82788
734200 1.37264 1.12777 0.245555 2.74597
734300 1.31474 1.08179 0.256254 2.65278
734400 1.27167 1.06858 0.277846 2.6181
734500 1.21719 1.02808 0.284335 2.5296
734600 1.16933 1.01017 0.257243 2.43674
734700 1.17614 1.02861 0.234672 2.43943
734800 1.15997 1.01693 0.219902 2.3968
734900 1.1521 0.97898 0.22401 2.35509
735000 1.16733 0.988226 0.230514 2.38607
735100 1.18194 1.0013 0.220586 2.40383
735200 1.21018 1.02333 0.206688 2.44019
735300 1.27068 1.06085 0.205398 2.53692
735400 1.2917 1.09914 0.199386 2.59023
735500 1.28905 1.10467 0.209361 2.60308
735600 1.34407 1.13061 0.246929 2.72161
735700 1.40579 1.12271 0.257189 2.78569
735800 1.4219 1.10942 0.259303 2.79062
735900 1.43174 1.12992 0.276404 2.83806
736000 1.37824 1.13171 0.273517 2.78347
736100 1.27618 1.0873 0.253696 2.61718
736200 1.22776 1.10459 0.266775 2.59913
736300 1.22622 1.09437 0.25725 2.57785
736400 1.20191 1.03295 0.21187 2.44673
736500 1.18642 1.00518 0.191464 2.38306
736600 1.18587 1.04303 0.190331 2.41923
736700 1.16878 1.01828 0.192614 2.37967
736800 1.15181 1.00571 0.220449 2.37797
736900 1.16858 1.02936 0.238954 2.43689
737000 1.19416 1.02824 0.231751 2.45415
737100 1.23362 1.00547 0.228733 2.46782
737200 1.27852 1.07533 0.245746 2.5996
737300 1.31336 1.15556 0.237671 2.70659
737400 1.36732 1.20547 0.25582 2.82861
737500 1.43026 1.19654 0.290957 2.91776
737600 1.4862 1.19526 0.28694 2.96839
737700 1.493 1.18316 0.239556 2.91572
737800 1.4656 1.19524 0.22226 2.8831
737900 1.42224 1.16441 0.206275 2.79293
738000 1.39636 1.14452 0.203544 2.74442
738100 1.36099 1.0983 0.209488 2.66878
738200 1.31459 1.06423 0.227116 2.60593
738300 1.27364 1.06059 0.210248 2.54448
738400 1.23102 1.12333 0.193104 2.54745
738500 1.17386 1.13843 0.207828 2.52012
738600 1.14281 1.13943 0.235193 2.51743
738700 1.15591 1.10082 0.231115 2.48784
738800 1.18507 1.08446 0.244276 2.51382
738900 1.18036 1.05434 0.255777 2.49048
739000 1.23322 1.06664 0.244815 2.54467
739100 1.30676 1.11704 0.232482 2.65628
739200 1.347 1.18894 0.239341 2.77528
739300 1.38581 1.20054 0.223444 2.80979
739400 1.45833 1.22029 0.217407 2.89603
739500 1.45466 1.19302 0.210359 2.85804
739600 1.42089 1.14374 0.208588 2.77322
739700 1.40959 1.12499 0.212394 2.74697
739800 1.36228 1.15225 0.223429 2.73796
739900 1.29221 1.13129 0.232504 2.656
740000 1.28572 1.12008 0.245417 2.65121
740100 1.27751 1.08788 0.236773 2.60217
740200 1.26701 1.04495 0.238774 2.55073
740300 1.24294 1.02495 0.240098 2.50799
740400 1.20621 1.07981 0.233035 2.51905
740500 1.16473 1.08188 0.231575 2.47819
740600 1.17306 1.06606 0.240087 2.47921
740700 1.19767 1.04462 0.244297 2.48658
740800 1.19669 1.04913 0.245547 2.49136
740900 1.15746 1.04607 0.259893 2.46342
741000 1.14835 1.06764 0.253079 2.46907
741100 1.13906 1.09151 0.243247 2.47382
741200 1.11908 1.09948 0.251339 2.4699
741300 1.12642 1.0909 0.25792 2.47524
741400 1.16731 1.07095 0.254492 2.49275
741500 1.1564 1.04758 0.245631 2.44961
741600 1.1766 1.06093 0.22393 2.46146
741700 1.20787 1.08073 0.208034 2.49664
741800 1.22871 1.08652 0.200065 2.51529
741900 1.25659 1.08315 0.216679 2.55641
742000 1.32583 1.08852 0.236454 2.6508
742100 1.35345 1.07398 0.247131 2.67455
742200 1.36841 1.08319 0.230407 2.68201
742300 1.37108 1.11906 0.228898 2.71903
742400 1.36268 1.15135 0.248871 2.76291
742500 1.346 1.18634 0.256773 2.78912
742600 1.39006 1.21582 0.255943 2.86182
742700 1.45324 1.23336 0.273689 2.96029
742800 1.48846 1.25451 0.277293 3.02027
742900 1.47453 1.28944 0.268197 3.03217
743000 1.47882 1.29089 0.251341 3.02105
743100 1.50275 1.27861 0.260655 3.04201
743200 1.47351 1.25882 0.256065 2.9884
743300 1.41888 1.22266 0.249305 2.89085
743400 1.42685 1.15253 0.233144 2.81252
743500 1.43925 1.14395 0.222836 2.80603
743600 1.39343 1.16216 0.229925 2.78552
743700 1.37693 1.21681 0.24756 2.84129
743800 1.40986 1.2841 0.237137 2.93109
743900 1.43291 1.32341 0.247766 3.00409
744000 1.43128 1.28476 0.267517 2.98355
744100 1.46429 1.2742 0.264205 3.00269
744200 1.44707 1.23437 0.231264 2.91271
744300 1.39937 1.20466 0.240233 2.84426
744400 1.39541 1.20425 0.237356 2.83702
744500 1.43103 1.21516 0.209867 2.85606
744600 1.44192 1.18195 0.207696 2.83157
744700 1.46773 1.21604 0.238617 2.92239
744800 1.50286 1.2523 0.223135 2.9783
744900 1.49063 1.24904 0.204005 2.94368
745000 1.45666 1.22615 0.223561 2.90637
745100 1.43605 1.22091 0.244767 2.90173
745200 1.37178 1.14523 0.239441 2.75645
745300 1.30721 1.09824 0.263183 2.66863
745400 1.26226 1.06204 0.276367 2.60067
745500 1.21302 1.0538 0.252518 2.51934
745600 1.19614 1.02435 0.227743 2.44824
745700 1.23702 1.02976 0.230456 2.49724
745800 1.24583 1.03855 0.227481 2.51186
745900 1.25082 1.10013 0.22916 2.58011
746000 1.31683 1.13085 0.226748 2.67442
746100 1.37077 1.1856 0.207056 2.76342
746200 1.40063 1.21562 0.198922 2.81517
746300 1.47206 1.25132 0.223992 2.94737
746400 1.5135 1.20544 0.239117 2.95805
746500 1.46125 1.21425 0.243655 2.91915
746600 1.42372 1.22308 0.261753 2.90855
746700 1.41054 1.20618 0.264788 2.88151
746800 1.34026 1.17062 0.245029 2.75591
746900 1.26889 1.19272 0.232167 2.69378
747000 1.24163 1.17345 0.230065 2.64515
747100 1.22383 1.13739 0.233856 2.59507
747200 1.19405 1.09997 0.231775 2.52579
747300 1.18768 1.1256 0.225361 2.53864
747400 1.17283 1.10943 0.216645 2.49891
747500 1.17888 1.0692 0.21518 2.46326
747600 1.20355 1.05232 0.214921 2.47079
747700 1.19608 1.08468 0.216175 2.49693
747800 1.20589 1.09557 0.234444 2.5359
747900 1.27163 1.16065 0.240769 2.67305
748000 1.32786 1.23841 0.232874 2.79914
748100 1.33267 1.32497 0.246226 2.90387
748200 1.40923 1.34623 0.251054 3.00651
748300 1.50994 1.32897 0.223106 3.06202
748400 1.52527 1.31243 0.228084 3.06578
748500 1.51301 1.32524 0.243217 3.08146
748600 1.50215 1.29999 0.22161 3.02376
748700 1.41529 1.27443 0.201966 2.89169
748800 1.33635 1.21906 0.226572 2.78198
748900 1.32075 1.17521 0.224836 2.7208
749000 1.3316 1.10561 0.205426 2.64264
749100 1.30041 1.0918 0.214113 2.60633
749200 1.26506 1.10315 0.220632 2.58884
749300 1.22718 1.13174 0.208768 2.56769
749400 1.20856 1.10711 0.215516 2.53118
749500 1.20294 1.11546 0.230193 2.54859
749600 1.23846 1.08526 0.222068 2.54578
749700 1.23697 1.08065 0.227628 2.54524
749800 1.23191 1.10331 0.239724 2.57495
749900 1.22326 1.1455 0.230646 2.5994
750000 1.24939 1.12613 0.241443 2.61696
750100 1.3008 1.13196 0.249497 2.68227
750200 1.37205 1.13458 0.227826 2.73445
750300 1.36801 1.13603 0.224171 2.72821
750400 1.34478 1.15116 0.238375 2.73432
750500 1.32507 1.21389 0.213198 2.75216
750600 1.31406 1.18916 0.201769 2.70498
750700 1.30264 1.1633 0.217682 2.68363
750800 1.34409 1.15349 0.214602 2.71218
750900 1.31811 1.13183 0.199003 2.64894
751000 1.28208 1.09812 0.210273 2.59047
751100 1.26993 1.12656 0.230623 2.62712
751200 1.30057 1.12481 0.231012 2.65639
751300 1.30049 1.09083 0.229515 2.62084
751400 1.36858 1.06725 0.232008 2.66784
751500 1.46003 1.13033 0.239909 2.83028
751600 1.49943 1.19173 0.25485 2.94601
751700 1.50029 1.25406 0.244279 2.99863
751800 1.59238 1.27357 0.24132 3.10728
751900 1.63386 1.25775 0.25967 3.15128
752000 1.61226 1.19259 0.261564 3.06641
752100 1.60538 1.16904 0.243562 3.01799
752200 1.60127 1.18999 0.254288 3.04556
752300 1.46626 1.19918 0.271933 2.93737
752400 1.41282 1.19845 0.250494 2.86176
752500 1.46598 1.16603 0.226385 2.8584
752600 1.51156 1.10221 0.242028 2.8558
752700 1.45808 1.07766 0.222206 2.75795
752800 1.4501 1.13735 0.200081 2.78754
752900 1.41576 1.14751 0.21063 2.7739
753000 1.34778 1.13938 0.214966 2.70213
753100 1.32643 1.13924 0.203385 2.66906
753200 1.37434 1.08089 0.232107 2.68734
753300 1.34693 0.995283 0.261845 2.60406
753400 1.31422 1.03531 0.251353 2.60088
753500 1.30852 1.06951 0.268248 2.64627
753600 1.29763 1.08961 0.277941 2.66517
753700 1.27579 1.11039 0.238092 2.62427
753800 1.33827 1.15679 0.221226 2.71629
753900 1.39125 1.13616 0.23107 2.75848
754000 1.38917 1.1359 0.209986 2.73506
754100 1.35776 1.16442 0.195198 2.71738
754200 1.33882 1.18228 0.226214 2.74731
754300 1.27843 1.0904 0.217945 2.58677
754400 1.26397 1.04866 0.205256 2.51788
754500 1.28451 1.03453 0.231272 2.55031
754600 1.26003 1.03608 0.252651 2.54876
754700 1.22819 1.03952 0.229353 2.49706
754800 1.24879 1.1237 0.230189 2.60268
754900 1.24503 1.11697 0.227404 2.5894
755000 1.25629 1.07833 0.197382 2.532
755100 1.32396 1.02441 0.191871 2.54024
755200 1.34928 1.03348 0.208612 2.59137
755300 1.28627 1.03124 0.194442 2.51196
755400 1.26665 1.11297 0.196073 2.57569
755500 1.3147 1.10647 0.219016 2.64018
755600 1.31941 1.11736 0.21272 2.64949
755700 1.33257 1.122 0.195547 2.65011
755800 1.3933 1.16135 0.212346 2.767
755900 1.38279 1.17557 0.210682 2.76904
756000 1.3329 1.2555 0.196324 2.78473
756100 1.41391 1.21943 0.216667 2.85001
756200 1.48789 1.20059 0.225592 2.91408
756300 1.46631 1.19193 0.201593 2.85983
756400 1.46965 1.19004 0.202239 2.86193
756500 1.52216 1.18837 0.227355 2.93789
756600 1.51607 1.25121 0.201254 2.96854
756700 1.54883 1.23498 0.181496 2.96531
756800 1.64591 1.2502 0.213903 3.11001
756900 1.67927 1.23352 0.234128 3.14692
757000 1.61611 1.2385 0.212299 3.06691
757100 1.5637 1.23928 0.229009 3.03199
757200 1.54298 1.22974 0.241238 3.01396
757300 1.48053 1.1643 0.211452 2.85628
757400 1.40177 1.15646 0.194719 2.75295
757500 1.36269 1.13608 0.219529 2.7183
757600 1.31263 1.1091 0.225317 2.64705
757700 1.28929 1.1117 0.199607 2.6006
757800 1.3335 1.16136 0.188088 2.68295
757900 1.38564 1.16256 0.196267 2.74447
758000 1.42259 1.17689 0.198801 2.79828
758100 1.44261 1.17126 0.195643 2.80951
758200 1.4225 1.15498 0.197564 2.77504
758300 1.39773 1.15227 0.201255 2.75125
758400 1.41294 1.11582 0.190142 2.7189
758500 1.39297 1.09616 0.188562 2.67769
758600 1.33392 1.11477 0.194265 2.64295
758700 1.28495 1.08316 0.216218 2.58433
758800 1.27051 1.02985 0.228934 2.5293
758900 1.21648 1.05517 0.233904 2.50556
759000 1.19202 1.04107 0.224121 2.45721
759100 1.18894 0.990843 0.221704 2.40149
759200 1.15449 0.98963 0.21011 2.35423
759300 1.09671 1.0075 0.204914 2.30913
759400 1.07358 0.962812 0.195168 2.23156
759500 1.07258 0.947082 0.183532 2.2032
759600 1.0947 0.942591 0.163174 2.20046
759700 1.1031 0.956824 0.162099 2.22202
759800 1.13346 0.984562 0.182632 2.30065
759900 1.18816 1.0383 0.207099 2.43356
760000 1.24908 1.08071 0.215635 2.54543
760100 1.28732 1.14355 0.242993 2.67387
760200 1.34279 1.15148 0.255488 2.74976
760300 1.36948 1.1804 0.238746 2.78862
760400 1.3518 1.16699 0.225851 2.74464
760500 1.31703 1.14501 0.23011 2.69215
760600 1.28296 1.10353 0.21161 2.5981
760700 1.21273 1.09377 0.198942 2.50544
760800 1.1733 1.02401 0.207103 2.40441
760900 1.14541 1.03148 0.198631 2.37552
761000 1.1355 1.00196 0.170922 2.30838
761100 1.14075 0.998764 0.16705 2.30656
761200 1.18672 1.01581 0.184847 2.38738
761300 1.21671 1.06322 0.188814 2.46875
761400 1.26392 1.00973 0.189979 2.46363
761500 1.30331 1.04917 0.208134 2.56061
761600 1.31618 1.07204 0.212608 2.60082
761700 1.30527 1.10603 0.203925 2.61522
761800 1.32594 1.11595 0.204552 2.64643
761900 1.31923 1.17641 0.212461 2.7081
762000 1.32385 1.11967 0.208403 2.65193
762100 1.31363 1.11664 0.205729 2.636
762200 1.32644 1.11125 0.200984 2.63868
762300 1.31326 1.13377 0.185928 2.63296
762400 1.3072 1.13494 0.178674 2.62081
762500 1.30825 1.18285 0.193234 2.68433
762600 1.29023 1.15103 0.19401 2.63527
762700 1.2668 1.11864 0.181888 2.56732
762800 1.26159 1.06568 0.179453 2.50672
762900 1.23269 1.05242 0.184355 2.46947
763000 1.1836 1.02188 0.178819 2.3843
763100 1.16658 1.05179 0.187747 2.40612
763200 1.18038 1.01016 0.199154 2.3897
763300 1.1779 0.982345 0.199156 2.3594
763400 1.21762 0.980662 0.210725 2.40901
763500 1.25027 1.05452 0.227667 2.53246
763600 1.275 1.07502 0.203656 2.55368
763700 1.27855 1.15627 0.194022 2.62884
763800 1.30401 1.20377 0.203595 2.71137
763900 1.32243 1.2129 0.197184 2.73251
764000 1.32989 1.15748 0.192955 2.68033
764100 1.31895 1.16192 0.20293 2.68381
764200 1.30349 1.1385 0.202279 2.64427
764300 1.2938 1.14975 0.183005 2.62656
764400 1.30037 1.16729 0.183287 2.65095
764500 1.31846 1.18156 0.197294 2.69731
764600 1.37249 1.16257 0.21589 2.75095
764700 1.429 1.17788 0.235409 2.84229
764800 1.47477 1.15265 0.248953 2.87638
764900 1.4949 1.19035 0.239953 2.9252
765000 1.5237 1.24245 0.224262 2.99041
765100 1.53747 1.25963 0.23278 3.02988
765200 1.55703 1.23793 0.224078 3.01904
765300 1.57788 1.24871 0.19328 3.01987
765400 1.58204 1.20395 0.200213 2.98621
765500 1.60286 1.16036 0.217529 2.98075
765600 1.61997 1.14839 0.208999 2.97735
765700 1.55509 1.14563 0.231374 2.93209
765800 1.48779 1.11801 0.252404 2.8582
765900 1.48105 1.09793 0.226293 2.80527
766000 1.4533 1.05722 0.2119 2.72242
766100 1.38829 1.04474 0.218108 2.65114
766200 1.3454 1.05968 0.201762 2.60684
766300 1.33435 1.03348 0.199573 2.56741
766400 1.3046 1.0132 0.222764 2.54056
766500 1.30365 0.967037 0.212876 2.48356
766600 1.31844 0.929076 0.189053 2.43657
766700 1.29781 0.935849 0.206476 2.44013
766800 1.24789 0.978355 0.222473 2.44871
766900 1.2485 0.993583 0.21233 2.45442
767000 1.25461 1.02983 0.218867 2.50331
767100 1.28841 0.998671 0.218353 2.50544
767200 1.32656 1.02027 0.223526 2.57036
767300 1.38371 1.04044 0.239828 2.66398
767400 1.37893 1.06188 0.237661 2.67847
767500 1.38303 1.04631 0.225034 2.65438
767600 1.37171 1.04419 0.227628 2.64352
767700 1.35204 0.963107 0.22 2.53514
767800 1.25207 0.93694 0.207257 2.39627
767900 1.1859 0.894074 0.225836 2.30581
768000 1.0993 0.875992 0.260831 2.23612
768100 1.04737 0.822853 0.267704 2.13792
768200 1.01607 0.827143 0.275848 2.11906
768300 1.03335 0.780643 0.254735 2.06873
768400 1.01365 0.80935 0.215396 2.0384
768500 1.02042 0.813022 0.20542 2.03886
768600 1.0267 0.834007 0.228943 2.08965
768700 1.06565 0.811486 0.229093 2.10623
768800 1.10199 0.840731 0.216834 2.15956
768900 1.15107 0.826436 0.208718 2.18622
769000 1.1496 0.876246 0.210591 2.23644
769100 1.16887 0.890762 0.216369 2.276
769200 1.1818 0.912682 0.241431 2.33591
769300 1.22615 0.878059 0.250743 2.35496
769400 1.28131 0.891371 0.257374 2.43005
769500 1.30935 0.877501 0.257558 2.44441
769600 1.28997 0.894807 0.24737 2.43215
769700 1.27277 0.8915 0.243424 2.40769
769800 1.24714 0.871847 0.262181 2.38117
769900 1.23 0.803478 0.261086 2.29456
770000 1.21202 0.792922 0.249379 2.25432
770100 1.16888 0.772505 0.249181 2.19057
770200 1.09065 0.789171 0.249576 2.1294
770300 1.03514 0.819566 0.237245 2.09195
770400 1.0538 0.823896 0.254097 2.1318
770500 1.07716 0.785551 0.285512 2.14823
770600 1.09608 0.762765 0.288298 2.14715
770700 1.11811 0.783547 0.287092 2.18875
770800 1.161 0.816133 0.298138 2.27527
770900 1.18193 0.83943 0.269714 2.29107
771000 1.23905 0.887979 0.236296 2.36333
771100 1.30942 0.947995 0.230428 2.48784
771200 1.33307 0.969093 0.245888 2.54805
771300 1.29582 1.02461 0.251953 2.57239
771400 1.35483 1.09164 0.282085 2.72855
771500 1.41365 1.11967 0.315226 2.84855
771600 1.44617 1.08105 0.330701 2.85792
771700 1.46352 1.09125 0.326284 2.88106
771800 1.45409 1.1109 0.345546 2.91053
771900 1.36364 1.06573 0.350182 2.77955
772000 1.35825 0.991748 0.336975 2.68697
772100 1.35965 1.01265 0.292588 2.66488
772200 1.29469 1.0117 0.256867 2.56325
772300 1.27038 1.03626 0.246269 2.55291
772400 1.33107 1.07946 0.267425 2.67795
772500 1.34291 1.09545 0.253484 2.69185
772600 1.35753 1.09127 0.25524 2.70405
772700 1.42316 1.11336 0.279641 2.81617
772800 1.48684 1.10877 0.28029 2.8759
772900 1.45398 1.17526 0.259251 2.88849
773000 1.46276 1.2142 0.281244 2.9582
773100 1.47902 1.21845 0.317133 3.01461
773200 1.47165 1.21774 0.330559 3.01995
773300 1.4658 1.23031 0.330458 3.02656
773400 1.51834 1.20506 0.343897 3.06729
773500 1.50091 1.24055 0.344932 3.08638
773600 1.45667 1.25563 0.351011 3.06331
773700 1.44574 1.22568 0.340433 3.01185
773800 1.45815 1.16169 0.319873 2.93972
773900 1.40812 1.14103 0.312128 2.86128
774000 1.35478 1.08284 0.309638 2.74726
774100 1.2813 1.0929 0.296795 2.67099
774200 1.2204 1.07899 0.313872 2.61327
774300 1.17643 1.03121 0.29877 2.50641
774400 1.15782 0.97834 0.257681 2.39384
774500 1.12775 0.957663 0.244382 2.32979
774600 1.10417 0.901851 0.264207 2.27022
774700 1.05198 0.924222 0.26554 2.24174
774800 1.03904 0.968925 0.258745 2.26671
774900 1.08196 0.993901 0.26292 2.33879
775000 1.15153 0.974334 0.265453 2.39131
775100 1.21212 1.00815 0.26155 2.48182
775200 1.26811 1.0452 0.270877 2.58419
775300 1.30018 1.08401 0.298147 2.68234
775400 1.32664 1.10584 0.305889 2.73837
775500 1.35238 1.1579 0.284207 2.79449
775600 1.37615 1.16908 0.277016 2.82225
775700 1.3766 1.11902 0.275893 2.7715
775800 1.36963 1.10193 0.253923 2.72548
775900 1.32599 1.11557 0.248988 2.69055
776000 1.25882 1.0959 0.246528 2.60124
776100 1.21874 1.07425 0.239485 2.53247
776200 1.20895 1.07154 0.248663 2.52915
776300 1.16244 1.08866 0.258378 2.50948
776400 1.11038 1.07391 0.250632 2.43492
776500 1.0918 1.06374 0.269828 2.42537
776600 1.08167 1.07698 0.294538 2.45318
776700 1.09472 1.0808 0.29162 2.46714
776800 1.1388 1.09119 0.282725 2.51272
776900 1.19482 1.09647 0.286341 2.57763
777000 1.21506 1.1233 0.265142 2.60351
777100 1.26631 1.1528 0.247905 2.66702
777200 1.36078 1.15799 0.244949 2.76372
777300 1.4186 1.16412 0.239669 2.82239
777400 1.42305 1.19818 0.226294 2.84753
777500 1.41872 1.1983 0.240857 2.85787
777600 1.40679 1.17442 0.256173 2.83739
777700 1.40504 1.1371 0.272378 2.81452
777800 1.37581 1.11814 0.258772 2.75272
777900 1.35493 1.07513 0.249352 2.6794
778000 1.29269 1.09282 0.260774 2.64629
778100 1.22939 1.09068 0.273042 2.59312
778200 1.17074 1.04759 0.269732 2.48807
778300 1.13467 1.02209 0.287991 2.44475
778400 1.06813 1.01663 0.307858 2.39261
778500 1.02291 0.97303 0.288512 2.28445
778600 0.979865 0.975633 0.255627 2.21113
778700 0.964587 0.960601 0.257374 2.18256
778800 0.944018 0.959783 0.275415 2.17922
778900 0.974033 0.956196 0.296772 2.227
779000 1.04325 0.955597 0.304377 2.30322
779100 1.13225 0.951492 0.290432 2.37417
779200 1.1732 0.992748 0.262966 2.42892
779300 1.24518 1.03496 0.265265 2.5454
779400 1.27228 1.05826 0.274391 2.60494
779500 1.28213 1.03485 0.296676 2.61366
779600 1.30799 1.04927 0.326935 2.68419
779700 1.33524 1.05181 0.325325 2.71238
779800 1.30192 1.04225 0.285009 2.62918
779900 1.29884 1.02451 0.27146 2.5948
780000 1.27681 1.02573 0.293559 2.59609
780100 1.23409 0.99982 0.308747 2.54266
780200 1.18335 0.955436 0.299423 2.43821
780300 1.19455 0.944824 0.301973 2.44135
780400 1.1574 0.984374 0.290205 2.43198
780500 1.10154 1.01549 0.263784 2.38081
780600 1.09334 1.03819 0.266756 2.39828
780700 1.12373 1.05587 0.2952 2.4748
780800 1.10149 1.06721 0.315379 2.48407
780900 1.13476 1.05824 0.340007 2.533
781000 1.18559 1.07866 0.332372 2.59663
781100 1.21703 1.09377 0.290939 2.60174
781200 1.22841 1.12539 0.275541 2.62934
781300 1.3059 1.14307 0.298688 2.74766
781400 1.33259 1.139 0.310719 2.78231
781500 1.35915 1.12814 0.315046 2.80233
781600 1.36058 1.12706 0.318907 2.80654
781700 1.3858 1.14849 0.31428 2.84857
781800 1.32956 1.18071 0.30134 2.81161
781900 1.3128 1.15634 0.281333 2.75047
782000 1.33043 1.12854 0.282581 2.74155
782100 1.35099 1.1127 0.278443 2.74213
782200 1.32169 1.09199 0.269375 2.68305
782300 1.33878 1.10669 0.256984 2.70245
782400 1.32037 1.16969 0.241122 2.73118
782500 1.30053 1.22074 0.237688 2.75896
782600 1.31302 1.21719 0.245124 2.77534
782700 1.35821 1.19084 0.24824 2.79729
782800 1.34317 1.19074 0.253408 2.78732
782900 1.32866 1.18745 0.283151 2.79926
783000 1.29593 1.21154 0.297559 2.80503
783100 1.25889 1.20743 0.286958 2.75328
783200 1.2247 1.15601 0.289496 2.67021
783300 1.2391 1.10309 0.298996 2.64119
783400 1.23869 1.07606 0.292926 2.60767
783500 1.24903 1.0223 0.260115 2.53144
783600 1.23923 1.00732 0.250636 2.49719
783700 1.23564 1.03963 0.272725 2.548
783800 1.18938 1.04077 0.280301 2.51045
783900 1.20387 1.02637 0.244559 2.47479
784000 1.23996 1.04042 0.255549 2.53593
784100 1.27858 1.03655 0.29543 2.61056
784200 1.30936 1.05364 0.272711 2.63571
784300 1.34434 1.08998 0.247215 2.68154
784400 1.34076 1.11325 0.282089 2.7361
784500 1.35146 1.10844 0.284746 2.74465
784600 1.39308 1.11694 0.258702 2.76873
784700 1.4357 1.10459 0.268918 2.8092
784800 1.42488 1.12461 0.280435 2.82993
784900 1.40765 1.16243 0.257212 2.8273
785000 1.34919 1.17493 0.257633 2.78175
785100 1.29984 1.129 0.275264 2.7041
785200 1.25927 1.10674 0.283715 2.64972
785300 1.23042 1.06718 0.273296 2.5709
785400 1.20213 1.00889 0.263464 2.47448
785500 1.20125 0.946482 0.237226 2.38496
785600 1.19181 0.947948 0.237689 2.37745
785700 1.1597 0.926508 0.24111 2.32732
785800 1.16694 0.928916 0.232724 2.32858
785900 1.21539 0.965841 0.239132 2.42037
786000 1.21868 1.02326 0.253984 2.49592
786100 1.24314 1.0443 0.227385 2.51483
786200 1.28423 1.07148 0.223778 2.57949
786300 1.28977 1.05611 0.258184 2.60406
786400 1.26551 1.02793 0.281895 2.57533
786500 1.25758 1.00017 0.270902 2.52865
786600 1.27886 1.00294 0.284591 2.56639
786700 1.27533 0.978906 0.30076 2.555
786800 1.23924 0.984042 0.27012 2.4934
786900 1.22526 0.98942 0.248814 2.4635
787000 1.24822 0.993589 0.263248 2.50506
787100 1.2596 1.0345 0.265886 2.55998
787200 1.28386 1.09215 0.235544 2.61156
787300 1.30326 1.06475 0.223 2.59101
787400 1.34116 1.06054 0.221732 2.62344
787500 1.3615 1.07386 0.219121 2.65448
787600 1.37146 1.03221 0.230042 2.63371
787700 1.38524 1.03468 0.252751 2.67267
787800 1.43069 1.06683 0.277066 2.77459
787900 1.4376 1.03675 0.292828 2.76718
788000 1.462 0.989343 0.284199 2.73554
788100 1.48836 1.00869 0.285025 2.78207
788200 1.47853 1.0105 0.298819 2.78785
788300 1.42368 1.0048 0.284383 2.71286
788400 1.44128 1.02099 0.248801 2.71107
788500 1.41217 1.0352 0.237131 2.6845
788600 1.34947 0.9986 0.218906 2.56698
788700 1.28679 0.963787 0.205899 2.45647
788800 1.30229 0.892222 0.231445 2.42595
788900 1.23328 0.855237 0.242712 2.33123
789000 1.17845 0.847201 0.215964 2.24162
789100 1.17603 0.865374 0.214121 2.25553
789200 1.20706 0.893072 0.220832 2.32096
789300 1.18057 0.937223 0.199362 2.31716
789400 1.2383 0.925127 0.2088 2.37223
789500 1.31321 0.929843 0.248095 2.49115
789600 1.33093 0.96218 0.254925 2.54803
789700 1.30562 1.01084 0.248317 2.56477
789800 1.39334 1.012 0.260392 2.66573
789900 1.43696 1.01858 0.253386 2.70892
790000 1.43256 1.00953 0.22009 2.66218
790100 1.43987 1.01865 0.216673 2.67519
790200 1.47414 1.00553 0.229107 2.70878
790300 1.42572 1.05552 0.224429 2.70567
790400 1.41657 1.06422 0.216648 2.69744
790500 1.42866 1.03458 0.227305 2.69054
790600 1.44888 0.966442 0.232438 2.64776
790700 1.37225 0.959643 0.226482 2.55838
790800 1.32309 0.972314 0.223585 2.51899
790900 1.26539 0.982149 0.230987 2.47853
791000 1.21366 0.966222 0.221122 2.401
791100 1.19806 0.965685 0.210212 2.37395
791200 1.23435 0.925756 0.210101 2.37021
791300 1.24364 0.918925 0.222953 2.38552
791400 1.27817 0.95213 0.264211 2.49452
791500 1.29404 1.02427 0.286984 2.60529
791600 1.30199 1.03923 0.273263 2.61448
791700 1.36717 1.01782 0.263791 2.64878
791800 1.46021 1.00831 0.2493 2.71782
791900 1.43263 0.986472 0.226558 2.64566
792000 1.38534 0.931829 0.227796 2.54496
792100 1.37773 0.931014 0.254877 2.56362
792200 1.3423 0.944444 0.244553 2.53129
792300 1.30324 0.933656 0.215157 2.45205
792400 1.37031 0.926723 0.209006 2.50604
792500 1.44703 0.93084 0.217672 2.59554
792600 1.41219 0.939392 0.207548 2.55913
792700 1.39508 0.9715 0.227805 2.59438
792800 1.43981 1.01213 0.262334 2.71427
792900 1.39226 1.01868 0.251901 2.66284
793000 1.33005 1.00349 0.225954 2.55949
793100 1.3612 0.986923 0.224357 2.57248
793200 1.36952 0.939959 0.231579 2.54106
793300 1.27989 0.90394 0.240924 2.42475
793400 1.2494 0.945039 0.265533 2.45997
793500 1.27513 0.932285 0.275567 2.48299
793600 1.27813 0.904819 0.25431 2.43726
793700 1.30452 0.895513 0.242135 2.44217
793800 1.35263 0.912928 0.239981 2.50554
793900 1.34093 0.890223 0.218235 2.44939
794000 1.31632 0.924267 0.226281 2.46687
794100 1.34828 0.944606 0.243026 2.53591
794200 1.37866 0.916768 0.224283 2.51971
794300 1.40036 0.870195 0.21887 2.48943
794400 1.41439 0.879478 0.239089 2.53296
794500 1.37351 0.875906 0.250679 2.5001
794600 1.27562 0.896293 0.274545 2.44646
794700 1.21298 0.925314 0.311312 2.44961
794800 1.19593 0.917225 0.296071 2.40923
794900 1.1969 0.821083 0.270321 2.2883
795000 1.20266 0.764263 0.26727 2.23419
795100 1.19334 0.756253 0.244932 2.19452
795200 1.16399 0.766226 0.237085 2.1673
795300 1.14553 0.762113 0.25242 2.16006
795400 1.15855 0.818453 0.255012 2.23201
795500 1.18775 0.843832 0.250927 2.28251
795600 1.25103 0.842526 0.254695 2.34825
795700 1.34823 0.857242 0.244821 2.4503
795800 1.41759 0.906972 0.248262 2.57283
795900 1.435 0.940394 0.281582 2.65697
796000 1.49216 0.971246 0.304255 2.76766
796100 1.55622 0.972822 0.300184 2.82923
796200 1.57057 0.926424 0.297792 2.79478
796300 1.56893 0.883746 0.272367 2.72504
796400 1.55456 0.870039 0.245632 2.67023
796500 1.4554 0.864907 0.246619 2.56693
796600 1.32945 0.877666 0.258589 2.46571
796700 1.2541 0.899608 0.269443 2.42315
796800 1.2459 0.871072 0.274967 2.39193
796900 1.22396 0.838818 0.258986 2.32177
797000 1.21826 0.801206 0.236065 2.25553
797100 1.22077 0.764202 0.240649 2.22562
797200 1.18803 0.75321 0.261583 2.20283
797300 1.13288 0.769294 0.270559 2.17274
797400 1.15873 0.783109 0.275785 2.21762
797500 1.21675 0.801783 0.272112 2.29064
797600 1.27331 0.801593 0.245361 2.32027
797700 1.34765 0.848863 0.228329 2.42484
797800 1.42166 0.910141 0.250966 2.58277
797900 1.45298 0.924804 0.276267 2.65405
798000 1.52377 0.90486 0.267775 2.6964
798100 1.55311 0.937829 0.276407 2.76734
798200 1.55525 0.889132 0.294025 2.73841
798300 1.54954 0.873724 0.280404 2.70366
798400 1.54943 0.8943 0.276194 2.71992
798500 1.50232 0.915077 0.30049 2.71788
798600 1.51 0.875206 0.315894 2.7011
798700 1.53902 0.906612 0.278621 2.72425
798800 1.56097 0.892952 0.269935 2.72385
798900 1.53011 0.866038 0.296931 2.69307
799000 1.52304 0.860433 0.295134 2.67861
799100 1.44665 0.909757 0.283342 2.63975
799200 1.35475 0.879706 0.296206 2.53066
799300 1.32495 0.872679 0.288055 2.48568
799400 1.36042 0.858349 0.250696 2.46947
799500 1.35086 0.850019 0.252055 2.45293
799600 1.36164 0.833428 0.264709 2.45978
799700 1.3895 0.88524 0.263587 2.53832
799800 1.38671 0.904317 0.29162 2.58265
799900 1.33703 0.932566 0.311395 2.58099
800000 1.38297 0.920967 0.291024 2.59496
800100 1.40852 0.943177 0.285291 2.63698
800200 1.41543 0.896438 0.288615 2.60049
800300 1.4159 0.91142 0.266221 2.59355
800400 1.43389 0.924553 0.269235 2.62768
800500 1.39919 0.923239 0.301216 2.62365
800600 1.3945 0.883418 0.275951 2.55387
800700 1.41742 0.912717 0.259818 2.58996
800800 1.4428 0.865082 0.291804 2.59969
800900 1.42545 0.847639 0.282715 2.55581
801000 1.41815 0.898885 0.267575 2.58461
801100 1.39801 0.936486 0.302967 2.63747
801200 1.38322 0.896666 0.301811 2.58169
801300 1.40044 0.928093 0.256661 2.5852
801400 1.45772 0.907858 0.252559 2.61814
801500 1.46637 0.874389 0.254814 2.59558
801600 1.43882 0.89872 0.24659 2.58413
801700 1.41222 0.943872 0.272089 2.62818
801800 1.38249 0.908182 0.295742 2.58641
801900 1.371 0.911887 0.276369 2.55925
802000 1.41335 0.917075 0.262767 2.5932
802100 1.43854 0.882197 0.260981 2.58172
802200 1.43927 0.860743 0.262083 2.5621
802300 1.40964 0.917496 0.296197 2.62334
802400 1.36278 0.934481 0.325769 2.62303
802500 1.35425 0.900016 0.317523 2.57179
802600 1.39271 0.851682 0.30829 2.55269
802700 1.42366 0.862451 0.298745 2.58486
802800 1.42725 0.888505 0.276849 2.5926
802900 1.41155 0.923442 0.258159 2.59315
803000 1.41875 0.96396 0.274592 2.6573
803100 1.41155 0.976428 0.287942 2.67592
803200 1.39961 0.928448 0.281096 2.60916
803300 1.42681 0.88845 0.271038 2.58629
803400 1.42597 0.897094 0.261377 2.58444
803500 1.3612 0.89713 0.267424 2.52575
803600 1.33364 0.900649 0.279861 2.51415
803700 1.36517 0.916244 0.291582 2.573
803800 1.38746 0.874201 0.302468 2.56413
803900 1.43705 0.843271 0.302335 2.58265
804000 1.50471 0.876683 0.28266 2.66405
804100 1.50714 0.908734 0.271245 2.68712
804200 1.4181 0.974757 0.285597 2.67846
804300 1.40547 0.999258 0.306041 2.71077
804400 1.44069 0.949619 0.314855 2.70517
804500 1.46241 0.870846 0.312757 2.64601
804600 1.48619 0.864935 0.299709 2.65084
804700 1.5315 0.894205 0.279871 2.70557
804800 1.4813 0.916827 0.272465 2.67059
804900 1.44789 0.945633 0.291001 2.68452
805000 1.48632 0.952932 0.30326 2.74251
805100 1.50054 0.917947 0.293585 2.71207
805200 1.46323 0.893056 0.272845 2.62913
805300 1.45309 0.917799 0.269817 2.6407
805400 1.40607 0.93971 0.264979 2.61076
805500 1.36974 0.909966 0.276233 2.55594
805600 1.37498 0.87368 0.303758 2.55242
805700 1.39405 0.853974 0.314063 2.56209
805800 1.37166 0.810542 0.310898 2.4931
805900 1.34904 0.798322 0.299075 2.44644
806000 1.28335 0.856491 0.284661 2.4245
806100 1.21816 0.895352 0.281785 2.3953
806200 1.23194 0.863684 0.300083 2.3957
806300 1.27874 0.812891 0.290386 2.38201
806400 1.28817 0.78919 0.261401 2.33876
806500 1.32729 0.80789 0.268627 2.40381
806600 1.38807 0.841355 0.268251 2.49767
806700 1.40372 0.896356 0.257089 2.55716
806800 1.44494 0.912391 0.270439 2.62777
806900 1.55252 0.921668 0.295238 2.76943
807000 1.61761 0.907223 0.27832 2.80315
807100 1.63392 0.943376 0.271641 2.84893
807200 1.64041 0.990175 0.277241 2.90783
807300 1.62431 1.0356 0.268314 2.92822
807400 1.57861 1.04057 0.253752 2.87294
807500 1.6088 1.00211 0.26092 2.87183
807600 1.63348 0.919322 0.253964 2.80677
807700 1.58255 0.898556 0.252134 2.73324
807800 1.53841 0.916469 0.261637 2.71651
807900 1.51997 0.947578 0.272626 2.74017
808000 1.50634 0.959438 0.271654 2.73744
808100 1.53609 0.986276 0.297401 2.81977
808200 1.60332 0.966753 0.29119 2.86126
808300 1.61739 0.966538 0.279216 2.86314
808400 1.60109 0.987784 0.286408 2.87528
808500 1.63531 1.02181 0.2866 2.94372
808600 1.65377 1.03132 0.249719 2.93481
808700 1.65161 1.04372 0.24761 2.94295
808800 1.69461 1.0054 0.258259 2.95827
808900 1.72236 1.00238 0.243852 2.96859
809000 1.66849 1.01209 0.247411 2.92799
809100 1.60884 1.04908 0.28278 2.9407
809200 1.59215 1.05606 0.264271 2.91248
809300 1.56793 1.03302 0.257243 2.85819
809400 1.50713 0.973899 0.287229 2.76826
809500 1.46362 0.946878 0.294719 2.70522
809600 1.4121 0.893421 0.263674 2.5692
809700 1.32087 0.865073 0.269077 2.45502
809800 1.2696 0.849143 0.27166 2.3904
809900 1.26295 0.817145 0.260062 2.34016
810000 1.24118 0.795111 0.242985 2.27928
810100 1.22131 0.820659 0.241692 2.28366
810200 1.23393 0.827244 0.248456 2.30962
810300 1.25708 0.839707 0.245096 2.34188
810400 1.27667 0.86592 0.237222 2.37981
810500 1.36762 0.853143 0.250205 2.47097
810600 1.47044 0.855254 0.275189 2.60088
810700 1.51428 0.911737 0.277298 2.70332
810800 1.5274 0.949156 0.273035 2.74959
810900 1.5586 0.971447 0.280487 2.81053
811000 1.52991 0.995139 0.273905 2.79896
811100 1.49333 0.963591 0.261947 2.71887
811200 1.50859 0.937021 0.258625 2.70424
811300 1.47958 0.958375 0.265075 2.70303
811400 1.39033 0.994257 0.26482 2.6494
811500 1.37455 0.982 0.260669 2.61722
811600 1.38875 0.992139 0.260748 2.64164
811700 1.36162 0.956527 0.253083 2.57123
811800 1.35647 0.945855 0.250764 2.55309
811900 1.38431 0.923255 0.241526 2.54909
812000 1.32138 0.937434 0.24254 2.50136
812100 1.26258 0.932389 0.244233 2.43921
812200 1.27259 0.908544 0.249761 2.43089
812300 1.30096 0.836878 0.252931 2.39077
812400 1.28864 0.843704 0.255518 2.38786
812500 1.30535 0.83611 0.249992 2.39145
812600 1.3135 0.884909 0.242519 2.44093
812700 1.28277 0.908984 0.248961 2.44071
812800 1.29272 0.915754 0.260942 2.46942
812900 1.34981 0.856061 0.251178 2.45705
813000 1.35586 0.85508 0.246963 2.4579
813100 1.36316 0.842355 0.250793 2.45631
813200 1.36962 0.892295 0.260021 2.52193
813300 1.3363 0.899124 0.251779 2.4872
813400 1.30067 0.887389 0.25109 2.43915
813500 1.33941 0.837005 0.248069 2.42449
813600 1.35141 0.836655 0.256117 2.44419
813700 1.32622 0.786681 0.267815 2.38071
813800 1.33755 0.823377 0.274923 2.43586
813900 1.34324 0.860409 0.265608 2.46926
814000 1.28565 0.889622 0.261826 2.4371
814100 1.28149 0.857408 0.251986 2.39089
814200 1.3136 0.883843 0.24893 2.44637
814300 1.26863 0.847417 0.258307 2.37435
814400 1.22629 0.860763 0.266728 2.35378
814500 1.23043 0.877315 0.250077 2.35783
814600 1.1935 0.881006 0.250885 2.32539
814700 1.17382 0.829821 0.250875 2.25452
814800 1.22193 0.829734 0.253859 2.30552
814900 1.24723 0.785972 0.265978 2.29918
815000 1.22592 0.80365 0.282671 2.31224
815100 1.24177 0.866066 0.275615 2.38345
815200 1.27266 0.934109 0.262153 2.46892
815300 1.2869 0.92586 0.254029 2.46679
815400 1.35413 0.935355 0.251464 2.54095
815500 1.45231 0.922391 0.243816 2.61852
815600 1.47224 0.916174 0.246149 2.63456
815700 1.46134 0.927611 0.25371 2.64266
815800 1.45768 0.970059 0.252703 2.68044
815900 1.42472 0.962277 0.233143 2.62014
816000 1.3903 0.928908 0.24828 2.56749
816100 1.39011 0.895722 0.268369 2.5542
816200 1.36173 0.869546 0.25761 2.48889
816300 1.29765 0.851131 0.235566 2.38435
816400 1.26537 0.851282 0.23396 2.35062
816500 1.22299 0.850983 0.201534 2.2755
816600 1.17746 0.810411 0.167301 2.15517
816700 1.16983 0.763144 0.181919 2.1149
816800 1.17616 0.759368 0.207904 2.14343
816900 1.12908 0.772043 0.206829 2.10795
817000 1.10187 0.785332 0.224491 2.11169
817100 1.11809 0.811731 0.235234 2.16506
817200 1.15774 0.824808 0.224028 2.20657
817300 1.1729 0.813107 0.223246 2.20925
817400 1.18724 0.800489 0.228326 2.21605
817500 1.17942 0.802953 0.227833 2.2102
817600 1.1593 0.779957 0.228499 2.16776
817700 1.1453 0.761028 0.2181 2.12443
817800 1.1568 0.751591 0.197072 2.10546
817900 1.20206 0.762644 0.188023 2.15273
818000 1.2393 0.773235 0.192823 2.20535
818100 1.25011 0.806331 0.193268 2.24971
818200 1.25292 0.856455 0.190173 2.29954
818300 1.2817 0.912428 0.204894 2.39902
818400 1.2957 0.949167 0.219133 2.464
818500 1.32142 0.960809 0.194482 2.47671
818600 1.36671 0.935241 0.178291 2.48024
818700 1.40311 0.905407 0.197591 2.50611
818800 1.39943 0.888096 0.205778 2.4933
818900 1.40556 0.926708 0.193558 2.52583
819000 1.3876 0.967502 0.208776 2.56388
819100 1.37282 0.991831 0.233509 2.59816
819200 1.36969 0.964726 0.200198 2.53462
819300 1.35918 0.929921 0.192137 2.48124
819400 1.31165 0.882301 0.21964 2.41359
819500 1.23291 0.875271 0.218969 2.32715
819600 1.15719 0.864656 0.204101 2.22595
819700 1.12841 0.807689 0.220338 2.15644
819800 1.10232 0.739532 0.215678 2.05753
819900 1.09178 0.721923 0.186356 2.00006
820000 1.09455 0.692011 0.180541 1.9671
820100 1.06935 0.695389 0.201821 1.96656
820200 1.03748 0.732327 0.201251 1.97106
820300 1.05974 0.768796 0.209719 2.03826
820400 1.07328 0.770921 0.227613 2.07181
820500 1.08858 0.804642 0.221544 2.11476
820600 1.14402 0.813612 0.202498 2.16013
820700 1.21172 0.816187 0.218218 2.24613
820800 1.21706 0.823502 0.243941 2.2845
820900 1.2258 0.855067 0.247446 2.32832
821000 1.24678 0.818588 0.23784 2.30321
821100 1.22414 0.792128 0.232378 2.24865
821200 1.18673 0.803256 0.206914 2.1969
821300 1.17152 0.830978 0.191454 2.19395
821400 1.12313 0.809281 0.187997 2.12041
821500 1.08157 0.824777 0.200078 2.10643
821600 1.06012 0.799907 0.20872 2.06875
821700 1.07536 0.730639 0.203636 2.00964
821800 1.05271 0.68109 0.196657 1.93045
821900 1.05572 0.701289 0.205332 1.96234
822000 1.06434 0.69634 0.220413 1.9811
822100 1.03961 0.717734 0.233719 1.99106
822200 1.04353 0.743738 0.252756 2.04002
822300 1.12058 0.773492 0.264889 2.15896
822400 1.16641 0.790569 0.245473 2.20245
822500 1.19627 0.84336 0.238862 2.27849
822600 1.21188 0.831624 0.239792 2.2833
822700 1.15913 0.844453 0.228903 2.23248
822800 1.09767 0.831851 0.221739 2.15126
822900 1.11459 0.791601 0.226806 2.133
823000 1.10802 0.746215 0.205429 2.05966
823100 1.07363 0.760664 0.180469 2.01477
823200 1.08353 0.744331 0.173822 2.00168
823300 1.07944 0.755718 0.188117 2.02327
823400 1.04978 0.779491 0.202867 2.03214
823500 1.06861 0.82295 0.224426 2.11599
823600 1.12848 0.840802 0.22816 2.19744
823700 1.18911 0.847233 0.210912 2.24726
823800 1.25249 0.849932 0.201268 2.30369
823900 1.30314 0.862741 0.224185 2.39006
824000 1.3056 0.871376 0.240746 2.41772
824100 1.30295 0.900293 0.252861 2.4561
824200 1.31459 0.913638 0.265044 2.49328
824300 1.28564 0.902192 0.241963 2.4298
824400 1.24081 0.887467 0.198284 2.32656
824500 1.22537 0.863793 0.187626 2.27679
824600 1.18687 0.822512 0.201914 2.2113
824700 1.12134 0.81331 0.210747 2.14539
824800 1.09605 0.813774 0.217366 2.12719
824900 1.08548 0.810005 0.212477 2.10796
825000 1.07457 0.786212 0.193478 2.05426
825100 1.08425 0.782561 0.180083 2.0469
825200 1.0832 0.746074 0.197899 2.02717
825300 1.01532 0.727304 0.23123 1.97385
825400 0.976943 0.734372 0.247738 1.95905
825500 0.983914 0.72558 0.240351 1.94984
825600 0.974743 0.719449 0.230023 1.92422
825700 0.989753 0.741034 0.213578 1.94436
825800 1.06868 0.731791 0.216559 2.01703
825900 1.09403 0.724975 0.227244 2.04625
826000 1.11271 0.737284 0.232652 2.08265
826100 1.16396 0.741296 0.232742 2.138
826200 1.17085 0.766919 0.237679 2.17545
826300 1.13713 0.811252 0.223547 2.17193
826400 1.15608 0.842232 0.213076 2.21139
826500 1.13159 0.839765 0.221492 2.19285
826600 1.07384 0.791885 0.247365 2.11309
826700 1.05182 0.757417 0.238346 2.04758
826800 1.04317 0.746777 0.224375 2.01433
826900 0.983716 0.71944 0.237626 1.94078
827000 0.984279 0.689579 0.233599 1.90746
827100 1.00103 0.696756 0.205463 1.90325
827200 0.993052 0.691253 0.221783 1.90609
827300 0.992161 0.654792 0.236163 1.88312
827400 1.03889 0.688422 0.215561 1.94287
827500 1.0333 0.747144 0.206482 1.98693
827600 1.03293 0.753501 0.231058 2.01749
827700 1.07167 0.753672 0.218921 2.04427
827800 1.07381 0.732792 0.20756 2.01416
827900 1.01987 0.674777 0.239373 1.93402
828000 1.0164 0.669044 0.262178 1.94762
828100 1.00424 0.689904 0.235931 1.93007
828200 0.950238 0.711358 0.243368 1.90496
828300 0.936592 0.725513 0.260136 1.92224
828400 1.01294 0.709937 0.258636 1.98152
828500 1.02926 0.667768 0.252132 1.94916
828600 1.04434 0.684748 0.249487 1.97858
828700 1.11372 0.753265 0.239901 2.10688
828800 1.1471 0.78283 0.239572 2.1695
828900 1.13145 0.819034 0.23932 2.1898
829000 1.2038 0.850795 0.23336 2.28796
829100 1.2669 0.833167 0.237609 2.33767
829200 1.2816 0.82288 0.253391 2.35787
829300 1.27258 0.848471 0.239941 2.36099
829400 1.26218 0.866928 0.232075 2.36118
829500 1.16793 0.861694 0.237076 2.2667
829600 1.11833 0.825646 0.234884 2.17886
829700 1.08557 0.784023 0.231287 2.10088
829800 1.0492 0.717936 0.240586 2.00772
829900 1.00335 0.682932 0.235719 1.922
830000 0.994013 0.688224 0.220205 1.90244
830100 0.952499 0.691777 0.216179 1.86045
830200 0.911867 0.695621 0.229661 1.83715
830300 0.902016 0.709619 0.237417 1.84905
830400 0.919494 0.699726 0.236264 1.85548
830500 0.913381 0.669752 0.23827 1.8214
830600 0.953967 0.687021 0.254805 1.89579
830700 0.979842 0.728445 0.25012 1.95841
830800 0.998387 0.760375 0.233553 1.99232
830900 1.04123 0.788793 0.229781 2.0598
831000 1.12953 0.789089 0.230924 2.14954
831100 1.16983 0.767527 0.227303 2.16466
831200 1.1553 0.804705 0.227462 2.18747
831300 1.13198 0.845043 0.240592 2.21761
831400 1.11383 0.81932 0.242146 2.17529
831500 1.07602 0.805341 0.23595 2.11731
831600 1.083 0.785756 0.233603 2.10236
831700 1.08588 0.726455 0.232304 2.04463
831800 1.06035 0.709871 0.232923 2.00314
831900 1.00732 0.756499 0.251754 2.01557
832000 0.997064 0.784309 0.279022 2.0604
832100 1.00817 0.769668 0.281117 2.05896
832200 1.02372 0.757652 0.263996 2.04537
832300 1.04352 0.762394 0.244114 2.05003
832400 1.03628 0.763414 0.240476 2.04017
832500 1.01612 0.775115 0.235663 2.0269
832600 1.02792 0.7937 0.226596 2.04822
832700 1.04633 0.788056 0.226065 2.06045
832800 1.06647 0.7538 0.228724 2.04899
832900 1.09551 0.711452 0.230463 2.03742
833000 1.08665 0.723222 0.219521 2.02939
833100 1.05764 0.751809 0.234189 2.04364
833200 1.03107 0.773615 0.280031 2.08471
833300 1.00067 0.798946 0.292034 2.09165
833400 0.974638 0.780871 0.262834 2.01834
833500 1.00393 0.708762 0.259655 1.97235
833600 1.02288 0.675637 0.250229 1.94874
833700 0.992299 0.665219 0.224863 1.88238
833800 0.946028 0.663293 0.225478 1.8348
833900 0.939353 0.659561 0.240382 1.8393
834000 0.934344 0.673757 0.227262 1.83536
834100 0.961671 0.669438 0.225294 1.8564
834200 1.02525 0.678138 0.242463 1.94585
834300 1.06728 0.711168 0.257654 2.0361
834400 1.05121 0.760965 0.260501 2.07267
834500 1.07077 0.799301 0.275989 2.14606
834600 1.10987 0.809329 0.278218 2.19742
834700 1.11339 0.790674 0.272046 2.17611
834800 1.1076 0.776785 0.271372 2.15576
834900 1.12584 0.771028 0.262863 2.15973
835000 1.08422 0.789512 0.253464 2.1272
835100 1.04937 0.802761 0.269995 2.12212
835200 1.06675 0.797284 0.276044 2.14008
835300 1.08732 0.808046 0.257982 2.15335
835400 1.07509 0.803704 0.242738 2.12153
835500 1.10527 0.756808 0.251057 2.11313
835600 1.09654 0.756794 0.246034 2.09937
835700 1.02202 0.792699 0.239282 2.054
835800 1.01258 0.773535 0.246808 2.03292
835900 1.07095 0.770692 0.246935 2.08857
836000 1.08188 0.80638 0.223499 2.11176
836100 1.10147 0.808213 0.226358 2.13604
836200 1.12536 0.817911 0.24684 2.19011
836300 1.08748 0.823972 0.270327 2.18178
836400 1.0197 0.781125 0.274654 2.07548
836500 1.00555 0.749007 0.285309 2.03987
836600 0.977515 0.726836 0.273721 1.97807
836700 0.940616 0.701901 0.244084 1.8866
836800 0.925317 0.704357 0.213619 1.84329
836900 0.947461 0.708708 0.223224 1.87939
837000 0.948543 0.698341 0.232779 1.87966
837100 0.983967 0.711393 0.232142 1.9275
837200 1.0221 0.719531 0.233023 1.97466
837300 1.03654 0.742086 0.23543 2.01406
837400 1.03127 0.788736 0.20841 2.02842
837500 1.04539 0.819509 0.190285 2.05518
837600 1.04759 0.813023 0.202543 2.06316
837700 1.07582 0.816537 0.230056 2.12241
837800 1.11915 0.811579 0.213584 2.14431
837900 1.14667 0.797323 0.212179 2.15617
838000 1.154 0.827847 0.222459 2.2043
838100 1.14845 0.864192 0.2249 2.23754
838200 1.09945 0.868194 0.208905 2.17654
838300 1.06046 0.867526 0.222206 2.15019
838400 1.04665 0.813715 0.242949 2.10332
838500 1.03294 0.756462 0.242111 2.03151
838600 0.99846 0.732746 0.232465 1.96367
838700 0.977487 0.731112 0.248858 1.95746
838800 0.942907 0.723236 0.247501 1.91364
838900 0.920604 0.716106 0.233408 1.87012
839000 0.946795 0.694767 0.231123 1.87269
839100 0.974759 0.703483 0.233444 1.91169
839200 0.977682 0.748149 0.215802 1.94163
839300 1.00707 0.800889 0.210882 2.01884
839400 1.04638 0.854596 0.216912 2.11789
839500 1.08861 0.850194 0.233176 2.17199
839600 1.1278 0.796998 0.238796 2.16359
839700 1.15547 0.783423 0.251469 2.19037
839800 1.11268 0.776759 0.263205 2.15264
839900 1.07797 0.764271 0.273623 2.11587
840000 1.08331 0.776518 0.272139 2.13196
840100 1.07644 0.767323 0.257562 2.10132
840200 1.06481 0.712609 0.24234 2.01976
840300 1.07682 0.701125 0.240673 2.01862
840400 1.05484 0.717365 0.21497 1.98718
840500 1.00711 0.727366 0.199659 1.93413
840600 0.998716 0.759811 0.20474 1.96327
840700 0.992081 0.775044 0.200423 1.96755
840800 0.975375 0.72754 0.179229 1.88214
840900 0.987934 0.680705 0.202547 1.87119
841000 1.02604 0.699148 0.229795 1.95498
841100 1.01486 0.748421 0.228249 1.99153
841200 0.987854 0.798547 0.227225 2.01363
841300 1.01139 0.842083 0.238886 2.09236
841400 1.04866 0.85113 0.222223 2.12201
841500 1.06876 0.813373 0.214065 2.09619
841600 1.09765 0.786323 0.229678 2.11365
841700 1.1112 0.786778 0.223388 2.12137
841800 1.07594 0.800851 0.200671 2.07747
841900 1.02994 0.795256 0.194281 2.01948
842000 1.05503 0.800969 0.193844 2.04985
842100 1.08585 0.801476 0.192453 2.07978
842200 1.09403 0.777888 0.206884 2.07881
842300 1.11568 0.767617 0.234585 2.11788
842400 1.14057 0.783961 0.240116 2.16465
842500 1.11497 0.782998 0.231509 2.12947
842600 1.10127 0.809177 0.235917 2.14637
842700 1.12841 0.840333 0.224667 2.19341
842800 1.13125 0.829335 0.198128 2.15872
842900 1.09622 0.81381 0.21351 2.12354
843000 1.09503 0.835194 0.231104 2.16133
843100 1.08995 0.822824 0.220818 2.13359
843200 1.08042 0.804551 0.23405 2.11902
843300 1.08293 0.807387 0.261142 2.15146
843400 1.08878 0.781427 0.235084 2.1053
843500 1.04525 0.755217 0.227198 2.02766
843600 1.02081 0.77699 0.243733 2.04153
843700 1.03855 0.792709 0.228656 2.05991
843800 1.06464 0.793825 0.205328 2.06379
843900 1.08873 0.774429 0.234436 2.0976
844000 1.12639 0.792536 0.260298 2.17922
844100 1.1239 0.776181 0.262254 2.16233
844200 1.08828 0.786017 0.274253 2.14855
844300 1.06637 0.821537 0.296695 2.18461
844400 1.08858 0.831219 0.288206 2.20801
844500 1.09012 0.817934 0.261164 2.16921
844600 1.1035 0.850335 0.2488 2.20263
844700 1.11104 0.884387 0.260652 2.25608
844800 1.11239 0.905531 0.255393 2.27331
844900 1.11672 0.917033 0.242151 2.27591
845000 1.12672 0.936366 0.247646 2.31073
845100 1.12718 0.906596 0.231998 2.26577
845200 1.10858 0.890299 0.203848 2.20273
845300 1.07907 0.900539 0.208637 2.18824
845400 1.06933 0.869505 0.243748 2.18259
845500 1.07376 0.818869 0.258341 2.15097
845600 1.07772 0.828179 0.257175 2.16307
845700 1.09039 0.802932 0.254356 2.14768
845800 1.11561 0.780124 0.240518 2.13626
845900 1.10452 0.839529 0.246291 2.19034
846000 1.07561 0.88227 0.258674 2.21655
846100 1.09546 0.861548 0.259484 2.2165
846200 1.13515 0.860142 0.236271 2.23156
846300 1.1457 0.831155 0.228029 2.20488
846400 1.13666 0.779801 0.222343 2.1388
846500 1.11855 0.800299 0.214521 2.13337
846600 1.07502 0.856732 0.238479 2.17023
846700 1.05754 0.857846 0.274638 2.19002
846800 1.06703 0.85696 0.267521 2.19151
846900 1.07555 0.85925 0.249639 2.18444
847000 1.07879 0.830306 0.239961 2.14906
847100 1.10476 0.815314 0.228173 2.14825
847200 1.10066 0.847254 0.233367 2.18128
847300 1.09062 0.857891 0.246166 2.19468
847400 1.08451 0.845637 0.260959 2.19111
847500 1.11185 0.828989 0.270686 2.21153
847600 1.10267 0.786456 0.262314 2.15144
847700 1.09142 0.769977 0.25455 2.11595
847800 1.0882 0.823736 0.292882 2.20482
847900 1.07294 0.887403 0.330444 2.29079
848000 1.05 0.907993 0.342911 2.30091
848100 1.05921 0.902073 0.349233 2.31051
848200 1.09621 0.885397 0.352276 2.33388
848300 1.13 0.878267 0.307533 2.3158
848400 1.13225 0.861131 0.2896 2.28298
848500 1.12577 0.885351 0.313803 2.32492
848600 1.04723 0.926195 0.336912 2.31034
848700 1.00802 0.925017 0.34057 2.27361
848800 1.05854 0.882255 0.349374 2.29017
848900 1.13733 0.870778 0.31874 2.32685
849000 1.16441 0.848136 0.291487 2.30403
849100 1.16688 0.84458 0.302804 2.31427
849200 1.15742 0.877308 0.320438 2.35516
849300 1.10853 0.902215 0.30759 2.31834
849400 1.08962 0.835168 0.299382 2.22417
849500 1.13489 0.789131 0.272558 2.19658
849600 1.11786 0.770254 0.244892 2.133
849700 1.04869 0.770757 0.236763 2.05621
849800 0.983611 0.802967 0.249071 2.03565
849900 0.961256 0.857299 0.274747 2.0933
850000 0.981316 0.813214 0.305765 2.10029
850100 1.04287 0.775765 0.29022 2.10885
850200 1.07951 0.774014 0.244617 2.09814
850300 1.07301 0.764681 0.239317 2.07701
850400 1.06113 0.783692 0.2626 2.10742
850500 1.08314 0.846043 0.273505 2.20269
850600 1.08721 0.848191 0.264652 2.20005
850700 1.06105 0.841202 0.253522 2.15577
850800 1.10308 0.816021 0.247911 2.16701
850900 1.13422 0.809047 0.239391 2.18266
851000 1.09398 0.803254 0.240529 2.13777
851100 1.09943 0.84445 0.266564 2.21044
851200 1.11728 0.874118 0.30254 2.29393
851300 1.08354 0.840945 0.296557 2.22104
851400 1.0901 0.762158 0.255317 2.10757
851500 1.11988 0.734292 0.243971 2.09814
851600 1.07343 0.714274 0.248897 2.0366
851700 1.00543 0.732782 0.241274 1.97948
851800 0.993687 0.762757 0.248269 2.00471
851900 0.932126 0.799539 0.265998 1.99766
852000 0.902132 0.769003 0.257906 1.92904
852100 0.918508 0.746786 0.247994 1.91329
852200 0.941018 0.758474 0.250129 1.94962
852300 0.921309 0.786255 0.274457 1.98202
852400 0.918191 0.80512 0.298836 2.02215
852500 0.913793 0.831861 0.314729 2.06038
852600 0.9269 0.811066 0.301068 2.03903
852700 0.95051 0.813915 0.256555 2.02098
852800 1.01345 0.83821 0.214595 2.06626
852900 1.03877 0.845284 0.186522 2.07057
853000 1.04745 0.85034 0.191066 2.08886
853100 1.0671 0.857608 0.224473 2.14918
853200 1.10987 0.845427 0.25685 2.21215
853300 1.11313 0.838781 0.265862 2.21778
853400 1.11548 0.886119 0.2535 2.2551
853500 1.11932 0.948494 0.258635 2.32645
853600 1.11364 0.959838 0.270268 2.34375
853700 1.11426 0.976808 0.264956 2.35603
853800 1.16428 0.964015 0.26022 2.38852
853900 1.19247 0.936947 0.264284 2.39371
854000 1.21654 0.954564 0.242924 2.41403
854100 1.24992 0.959547 0.214189 2.42366
854200 1.25844 0.954424 0.218521 2.43138
854300 1.20643 0.930334 0.248296 2.38506
854400 1.16152 0.919069 0.270114 2.3507
854500 1.14174 0.876746 0.27289 2.29138
854600 1.12376 0.865507 0.272153 2.26142
854700 1.11384 0.84816 0.267557 2.22956
854800 1.07694 0.861171 0.250836 2.18894
854900 1.03657 0.863448 0.232969 2.13299
855000 1.00072 0.898212 0.247287 2.14622
855100 0.984472 0.883289 0.257439 2.1252
855200 1.01897 0.882468 0.240035 2.14148
855300 1.09324 0.842599 0.22268 2.15852
855400 1.1251 0.849731 0.23498 2.20981
855500 1.13209 0.90922 0.229673 2.27099
855600 1.11775 0.970034 0.23443 2.32222
855700 1.14129 0.975327 0.26378 2.38039
855800 1.15194 0.990346 0.258384 2.40067
855900 1.18857 0.983296 0.211646 2.38351
856000 1.25221 0.987284 0.204035 2.44353
856100 1.29687 0.950476 0.217662 2.465
856200 1.29174 0.985831 0.206223 2.48379
856300 1.28656 1.00643 0.22659 2.51958
856400 1.29935 0.969494 0.268531 2.53738
856500 1.32815 0.913548 0.23712 2.47882
856600 1.2891 0.917055 0.200332 2.40649
856700 1.22076 0.887029 0.202084 2.30987
856800 1.13972 0.862081 0.214746 2.21655
856900 1.07659 0.86962 0.220732 2.16695
857000 1.01939 0.878037 0.255402 2.15283
857100 1.0068 0.831737 0.262633 2.10117
857200 1.03053 0.838402 0.235141 2.10407
857300 1.06807 0.842229 0.211596 2.1219
857400 1.0625 0.841843 0.222042 2.12638
857500 1.08519 0.905591 0.224792 2.21557
857600 1.12647 0.971443 0.237702 2.33561
857700 1.19552 0.974839 0.259844 2.4302
857800 1.26591 0.990212 0.234136 2.49025
857900 1.33695 0.985962 0.183487 2.50639
858000 1.33457 0.947743 0.18605 2.46836
858100 1.28423 0.934003 0.210362 2.42859
858200 1.22062 0.934312 0.238256 2.39319
858300 1.18622 0.892889 0.240517 2.31963
858400 1.17963 0.831579 0.231751 2.24296
858500 1.20598 0.820919 0.186432 2.21334
858600 1.18708 0.81194 0.184691 2.18371
858700 1.1595 0.810995 0.196034 2.16653
858800 1.11835 0.846731 0.213682 2.17877
858900 1.07817 0.915431 0.23734 2.23094
859000 1.07586 0.915846 0.262255 2.25396
859100 1.11467 0.866722 0.241155 2.22255
859200 1.14298 0.835322 0.219342 2.19764
859300 1.13821 0.851011 0.224493 2.21371
859400 1.15199 0.868618 0.26174 2.28235
859500 1.16943 0.929687 0.248672 2.34779
859600 1.17385 0.966523 0.225362 2.36573
859700 1.21445 0.990717 0.221455 2.42662
859800 1.2728 0.970755 0.218648 2.4622
859900 1.28569 0.968044 0.201817 2.45555
860000 1.25162 0.958483 0.214488 2.42459
860100 1.22077 0.997361 0.247945 2.46607
860200 1.19454 1.0056 0.275369 2.47551
860300 1.14525 0.97484 0.250699 2.37079
860400 1.16163 0.880746 0.227086 2.26946
860500 1.1832 0.833945 0.226323 2.24347
860600 1.12658 0.829759 0.250177 2.20652
860700 1.07787 0.853166 0.241029 2.17207
860800 1.09388 0.848696 0.232965 2.17554
860900 1.11767 0.866131 0.236804 2.2206
861000 1.16215 0.829122 0.226997 2.21827
861100 1.2213 0.819951 0.19205 2.23331
861200 1.23586 0.816632 0.207494 2.25998
861300 1.19557 0.854965 0.248095 2.29863
861400 1.17303 0.865636 0.273698 2.31236
861500 1.15501 0.867625 0.285787 2.30842
861600 1.15252 0.783008 0.298993 2.23452
861700 1.12541 0.746695 0.283599 2.15571
861800 1.084 0.759501 0.265092 2.1086
861900 1.0405 0.800395 0.267052 2.10795
862000 1.02453 0.814304 0.265308 2.10414
862100 1.0411 0.851529 0.255047 2.14768
862200 1.09948 0.858177 0.251451 2.2091
862300 1.1284 0.836166 0.223767 2.18833
862400 1.15611 0.83032 0.19811 2.18454
862500 1.14749 0.881825 0.225072 2.25439
862600 1.12005 0.909655 0.255158 2.28486
862700 1.09065 0.926279 0.259036 2.27596
862800 1.13082 0.889116 0.256304 2.27623
862900 1.19725 0.839081 0.257177 2.29351
863000 1.20775 0.810815 0.22202 2.24059
863100 1.16923 0.834388 0.2077 2.21132
863200 1.16754 0.853729 0.214519 2.23579
863300 1.11718 0.880448 0.229833 2.22746
863400 1.09649 0.892905 0.222208 2.2116
863500 1.13542 0.852506 0.223314 2.21124
863600 1.18678 0.818817 0.231472 2.23707
863700 1.14858 0.844998 0.239909 2.23349
863800 1.12797 0.905962 0.239858 2.27379
863900 1.12484 0.946429 0.251253 2.32252
864000 1.13374 0.942236 0.266773 2.34275
864100 1.18315 0.92378 0.239136 2.34607
864200 1.25227 0.879868 0.203773 2.33592
864300 1.24772 0.856003 0.205581 2.30931
864400 1.23216 0.868232 0.215265 2.31565
864500 1.21403 0.904227 0.225506 2.34377
864600 1.22367 0.881102 0.236921 2.34169
864700 1.22256 0.820774 0.242224 2.28556
864800 1.24697 0.823688 0.225799 2.29646
864900 1.20448 0.825083 0.259953 2.28952
865000 1.16009 0.822348 0.295815 2.27826
865100 1.14674 0.842082 0.295879 2.2847
865200 1.12275 0.838419 0.282779 2.24395
865300 1.07233 0.788829 0.279508 2.14067
865400 1.09866 0.741637 0.238022 2.07832
865500 1.14153 0.716098 0.199725 2.05735
865600 1.11613 0.749853 0.198149 2.06414
865700 1.08886 0.802356 0.207494 2.09871
865800 1.13698 0.85699 0.220473 2.21444
865900 1.16471 0.856571 0.23727 2.25855
866000 1.20258 0.879729 0.240492 2.3228
866100 1.28653 0.924138 0.240088 2.45075
866200 1.32836 0.938094 0.249926 2.51638
866300 1.28182 0.928506 0.258208 2.46854
866400 1.2651 0.940209 0.252044 2.45736
866500 1.25996 0.923564 0.259533 2.44305
866600 1.2469 0.844513 0.250627 2.34204
866700 1.24888 0.80518 0.218072 2.27213
866800 1.24033 0.837719 0.205467 2.28352
866900 1.17336 0.845005 0.22848 2.24684
867000 1.12614 0.837486 0.257405 2.22104
867100 1.10781 0.849507 0.265081 2.22239
867200 1.07038 0.866801 0.257118 2.1943
867300 1.07007 0.808189 0.259733 2.13799
867400 1.13694 0.764523 0.233498 2.13496
867500 1.13553 0.793676 0.212484 2.14169
867600 1.09217 0.818314 0.214525 2.12501
867700 1.13873 0.835579 0.234661 2.20897
867800 1.21561 0.891768 0.25711 2.36449
867900 1.24459 0.92173 0.254563 2.42088
868000 1.30604 0.91658 0.233245 2.45586
868100 1.41393 0.930908 0.231405 2.57624
868200 1.39076 0.927141 0.239566 2.55747
868300 1.28533 0.934198 0.251462 2.47099
868400 1.2494 0.94409 0.258247 2.45174
868500 1.23101 0.886749 0.264097 2.38186
868600 1.17362 0.808743 0.229614 2.21197
868700 1.16138 0.766386 0.208463 2.13623
868800 1.18004 0.737824 0.213249 2.13111
868900 1.14353 0.745808 0.238067 2.12741
869000 1.07034 0.8228 0.244327 2.13746
869100 1.07939 0.89947 0.257437 2.2363
869200 1.13232 0.854252 0.257471 2.24404
869300 1.19118 0.806088 0.221525 2.2188
869400 1.25471 0.82759 0.207367 2.28966
869500 1.31453 0.86129 0.232053 2.40787
869600 1.32592 0.886526 0.252888 2.46534
869700 1.3407 0.960424 0.261243 2.56236
869800 1.37897 1.01572 0.253878 2.64857
869900 1.4324 0.965165 0.234316 2.63189
870000 1.4715 0.884166 0.214553 2.57022
870100 1.48642 0.902123 0.222694 2.61124
870200 1.37403 0.911293 0.259227 2.54455
870300 1.25693 0.898348 0.286033 2.44131
870400 1.1688 0.883372 0.274452 2.32662
870500 1.15091 0.830504 0.2665 2.24792
870600 1.12539 0.74926 0.256348 2.131
870700 1.12474 0.698234 0.238478 2.06145
870800 1.12644 0.707964 0.222903 2.05731
870900 1.08306 0.748322 0.255692 2.08707
871000 1.0505 0.776557 0.268229 2.09529
871100 1.11362 0.801141 0.231112 2.14588
871200 1.18757 0.761766 0.204343 2.15368
871300 1.24433 0.726957 0.211608 2.1829
871400 1.25035 0.756991 0.225406 2.23275
871500 1.22939 0.779472 0.25348 2.26234
871600 1.14244 0.790007 0.29513 2.22758
871700 1.10904 0.806229 0.306573 2.22184
871800 1.13114 0.773023 0.281652 2.18581
871900 1.13516 0.732793 0.266388 2.13434
872000 1.10004 0.738347 0.273141 2.11153
872100 1.09135 0.767838 0.266138 2.12533
872200 1.05638 0.80459 0.245371 2.10634
872300 1.04044 0.848916 0.233186 2.12254
872400 1.07958 0.864076 0.222453 2.1661
872500 1.1675 0.831658 0.202374 2.20154
872600 1.18986 0.822298 0.200819 2.21298
872700 1.20159 0.858141 0.229404 2.28913
872800 1.22217 0.891287 0.261168 2.37463
872900 1.24103 0.908836 0.277009 2.42687
873000 1.2405 0.919965 0.250003 2.41047
873100 1.31582 0.881244 0.231065 2.42813
873200 1.35102 0.849271 0.237103 2.43739
873300 1.26961 0.860381 0.249469 2.37946
873400 1.17574 0.88251 0.238792 2.29704
873500 1.12204 0.855725 0.243903 2.22166
873600 1.07115 0.795915 0.224414 2.09148
873700 1.04136 0.718868 0.187174 1.9474
873800 1.02795 0.670784 0.188963 1.8877
873900 0.970681 0.680228 0.225277 1.87619
874000 0.929033 0.729328 0.23966 1.89802
874100 0.934435 0.747426 0.24045 1.92231
874200 0.973778 0.762906 0.253379 1.99006
874300 1.0262 0.777805 0.238172 2.04218
874400 1.08508 0.782245 0.210126 2.07745
874500 1.13425 0.82055 0.20322 2.15802
874600 1.1774 0.870537 0.20291 2.25085
874700 1.23506 0.92742 0.205746 2.36823
874800 1.3338 0.948398 0.205124 2.48732
874900 1.40615 0.92693 0.178123 2.51121
875000 1.45942 0.915644 0.160504 2.53557
875100 1.44957 0.923412 0.20437 2.57735
875200 1.39782 0.941455 0.232579 2.57186
875300 1.32371 0.953881 0.231056 2.50865
875400 1.27324 0.925563 0.25996 2.45876
875500 1.2153 0.869584 0.263777 2.34866
875600 1.16361 0.812857 0.213123 2.18959
875700 1.12665 0.746044 0.197188 2.06988
875800 1.06806 0.729132 0.227771 2.02496
875900 0.978029 0.777278 0.238506 1.99381
876000 0.961135 0.815326 0.242703 2.01916
876100 1.00889 0.781017 0.250246 2.04015
876200 1.04821 0.819189 0.215896 2.08329
876300 1.04152 0.859113 0.19722 2.09786
876400 1.08081 0.855314 0.22056 2.15669
876500 1.11067 0.872401 0.248841 2.23192
876600 1.12962 0.907265 0.263444 2.30033
876700 1.17072 0.90675 0.259946 2.33741
876800 1.23352 0.900441 0.229324 2.36329
876900 1.2119 0.897574 0.193949 2.30342
877000 1.17946 0.933602 0.192313 2.30537
877100 1.17885 0.980493 0.203834 2.36318
877200 1.18612 1.02492 0.212386 2.42343
877300 1.19077 1.04044 0.208181 2.43939
877400 1.26788 1.0638 0.196663 2.52835
877500 1.3237 1.06114 0.180842 2.56568
877600 1.32281 1.07916 0.195003 2.59697
877700 1.33699 1.10349 0.211966 2.65245
877800 1.34914 1.13244 0.216593 2.69817
877900 1.32695 1.10917 0.219305 2.65542
878000 1.35311 1.09277 0.21489 2.66077
878100 1.34212 1.10289 0.197307 2.64232
878200 1.27309 1.16009 0.215024 2.64821
878300 1.25572 1.13126 0.240504 2.62748
878400 1.32155 1.08711 0.248977 2.65763
878500 1.30946 1.04148 0.276109 2.62705
878600 1.25161 0.997474 0.295164 2.54425
878700 1.21546 0.938184 0.258246 2.41189
878800 1.15136 0.948914 0.224839 2.32511
878900 1.05552 0.957652 0.22806 2.24124
879000 1.02577 0.955774 0.227392 2.20893
879100 1.05345 0.946268 0.217647 2.21737
879200 1.03962 0.971049 0.231929 2.2426
879300 1.05901 0.940644 0.22486 2.22452
879400 1.14217 0.971611 0.202486 2.31627
879500 1.17756 0.985055 0.211774 2.37439
879600 1.17331 0.98558 0.241454 2.40034
879700 1.22868 1.00528 0.245282 2.47924
879800 1.28019 1.04147 0.255507 2.57716
879900 1.31136 0.985277 0.293351 2.58999
880000 1.32771 0.991363 0.304046 2.62312
880100 1.33295 1.0245 0.292205 2.64965
880200 1.30394 1.02004 0.29553 2.61951
880300 1.27153 0.96653 0.294792 2.53285
880400 1.22277 0.981017 0.275976 2.47976
880500 1.16084 0.953896 0.259229 2.37397
880600 1.0639 0.900835 0.237234 2.20197
880700 1.0248 0.887518 0.217673 2.12999
880800 1.01118 0.906075 0.224973 2.14223
880900 1.01364 0.876227 0.233069 2.12294
881000 1.00767 0.870464 0.224001 2.10213
881100 1.03134 0.928686 0.229417 2.18944
881200 1.04402 0.98405 0.236995 2.26506
881300 1.09306 0.939564 0.229537 2.26216
881400 1.15882 0.948237 0.234046 2.3411
881500 1.19818 0.992238 0.244236 2.43465
881600 1.21069 0.971889 0.250267 2.43285
881700 1.25297 0.973252 0.253174 2.4794
881800 1.28875 0.995589 0.247895 2.53223
881900 1.30986 0.995412 0.234485 2.53976
882000 1.28646 1.00642 0.243587 2.53647
882100 1.24316 1.0178 0.250232 2.51119
882200 1.16725 1.00489 0.240591 2.41273
882300 1.10075 0.965196 0.250746 2.3167
882400 1.07878 0.913171 0.27923 2.27118
882500 1.06724 0.887563 0.267941 2.22275
882600 1.02441 0.864173 0.236246 2.12483
882700 1.0105 0.889656 0.240003 2.14016
882800 1.01589 0.90104 0.233492 2.15042
882900 1.01404 0.91675 0.222958 2.15375
883000 1.00922 0.917102 0.232833 2.15915
883100 1.06843 0.951999 0.23026 2.25069
883200 1.13759 0.96678 0.201101 2.30547
883300 1.16651 1.00006 0.186428 2.353
883400 1.19527 1.02069 0.190532 2.40649
883500 1.23623 1.0429 0.200534 2.47966
883600 1.23128 0.989615 0.220202 2.4411
883700 1.20702 0.985988 0.237659 2.43067
883800 1.19713 0.977115 0.259899 2.43414
883900 1.21363 0.967146 0.265595 2.44637
884000 1.20051 0.954202 0.25761 2.41232
884100 1.15396 1.03357 0.252546 2.44008
884200 1.12674 1.04491 0.237852 2.4095
884300 1.11451 0.994047 0.224214 2.33277
884400 1.11483 0.95467 0.221856 2.29136
884500 1.12506 0.976269 0.216532 2.31786
884600 1.13862 0.922408 0.204513 2.26554
884700 1.13295 0.934208 0.212384 2.27954
884800 1.14021 0.959517 0.215777 2.31551
884900 1.12276 1.00536 0.209844 2.33796
885000 1.15518 0.984868 0.20791 2.34795
885100 1.25376 1.00034 0.21174 2.46584
885200 1.30947 0.988592 0.217733 2.51579
885300 1.28877 1.00271 0.219179 2.51066
885400 1.26185 1.00994 0.214549 2.48634
885500 1.20518 1.04202 0.209672 2.45687
885600 1.14837 0.976854 0.194324 2.31955
885700 1.12561 0.948598 0.189017 2.26322
885800 1.14059 0.916888 0.170324 2.2278
885900 1.12427 0.881539 0.169808 2.17562
886000 1.11266 0.886947 0.174762 2.17437
886100 1.1219 0.964873 0.186082 2.27286
886200 1.16183 0.948295 0.182985 2.29311
886300 1.22842 0.934914 0.186901 2.35024
886400 1.31204 0.979498 0.204174 2.49572
886500 1.36493 0.992296 0.203932 2.56115
886600 1.38906 0.941225 0.196831 2.52712
886700 1.37455 1.01084 0.220385 2.60577
886800 1.34053 1.03802 0.222724 2.60127
886900 1.29273 0.975087 0.203781 2.4716
887000 1.26123 0.911918 0.21084 2.38399
887100 1.21496 0.906186 0.225502 2.34665
887200 1.14265 0.873601 0.198548 2.2148
887300 1.07059 0.858658 0.191478 2.12073
887400 1.03244 0.853916 0.199485 2.08584
887500 1.00266 0.831286 0.204532 2.03848
887600 0.986889 0.802846 0.193025 1.98276
887700 1.0173 0.802504 0.200027 2.01983
887800 1.05059 0.810678 0.206805 2.06807
887900 1.03476 0.825748 0.225584 2.0861
888000 1.03665 0.871891 0.242686 2.15123
888100 1.10669 0.893613 0.247501 2.2478
888200 1.16456 0.88484 0.245819 2.29522
888300 1.18361 0.883819 0.242146 2.30958
888400 1.22456 0.90137 0.214384 2.34031
888500 1.25573 0.881217 0.195962 2.33291
888600 1.21683 0.903065 0.195659 2.31556
888700 1.19401 0.908769 0.194587 2.29737
888800 1.1955 0.872653 0.185339 2.25349
888900 1.16306 0.817222 0.186345 2.16663
889000 1.12207 0.840523 0.190412 2.153
889100 1.13506 0.835387 0.184676 2.15512
889200 1.14282 0.855904 0.192416 2.19114
889300 1.13682 0.91126 0.224563 2.27264
889400 1.15225 0.976958 0.227284 2.35649
889500 1.19818 0.93439 0.205398 2.33796
889600 1.23835 0.915495 0.219845 2.37369
889700 1.25339 0.909681 0.229495 2.39257
889800 1.238 0.958615 0.223493 2.4201
889900 1.22029 0.9187 0.227825 2.36682
890000 1.22281 0.929411 0.216856 2.36907
890100 1.22859 0.927546 0.1881 2.34423
890200 1.16212 0.921065 0.175994 2.25918
890300 1.14019 0.845125 0.188409 2.17373
890400 1.12555 0.859793 0.187169 2.17251
890500 1.07325 0.823595 0.188057 2.0849
890600 1.03012 0.817214 0.20553 2.05286
890700 1.0691 0.792542 0.206135 2.06778
890800 1.07576 0.842525 0.204643 2.12293
890900 1.0364 0.835419 0.216702 2.08852
891000 1.04726 0.881951 0.230241 2.15945
891100 1.1257 0.871072 0.227482 2.22425
891200 1.12626 0.898022 0.23344 2.25772
891300 1.15407 0.935074 0.235628 2.32478
891400 1.22985 0.998855 0.206758 2.43546
891500 1.28351 0.93941 0.183374 2.40629
891600 1.26923 0.944136 0.187359 2.40072
891700 1.29861 0.952056 0.192433 2.4431
891800 1.31793 0.957267 0.181075 2.45627
891900 1.25002 0.91391 0.201342 2.36527
892000 1.21093 0.989973 0.204767 2.40567
892100 1.21756 0.947038 0.179072 2.34367
892200 1.18308 0.893061 0.200693 2.27683
892300 1.15219 0.884253 0.247427 2.28387
892400 1.15601 0.917045 0.247592 2.32065
892500 1.13518 0.904675 0.23391 2.27376
892600 1.09562 0.91511 0.241088 2.25181
892700 1.15697 0.88619 0.220913 2.26407
892800 1.20977 0.891532 0.205226 2.30653
892900 1.19022 0.872363 0.223382 2.28597
893000 1.19603 0.912642 0.228824 2.3375
893100 1.21725 0.959023 0.219426 2.3957
893200 1.21258 0.984369 0.212274 2.40922
893300 1.28239 0.926662 0.205538 2.41459
893400 1.36666 0.900606 0.211439 2.4787
893500 1.35529 0.882103 0.231384 2.46878
893600 1.29051 0.872649 0.243039 2.4062
893700 1.26194 0.87751 0.235098 2.37455
893800 1.21869 0.89885 0.231707 2.34925
893900 1.18081 0.861703 0.234571 2.27709
894000 1.20515 0.820501 0.227624 2.25327
894100 1.18839 0.795527 0.224683 2.2086
894200 1.11233 0.814122 0.23752 2.16398
894300 1.07966 0.842449 0.242613 2.16472
894400 1.10543 0.83331 0.22931 2.16805
894500 1.12228 0.817495 0.229348 2.16912
894600 1.12886 0.855633 0.232168 2.21666
894700 1.19121 0.852341 0.215388 2.25894
894800 1.23547 0.836878 0.201514 2.27386
894900 1.21743 0.938888 0.216865 2.37318
895000 1.23166 0.98666 0.235942 2.45426
895100 1.28308 0.940283 0.219443 2.44281
895200 1.3075 0.928889 0.209594 2.44599
895300 1.27862 0.923143 0.233395 2.43516
895400 1.23098 0.882122 0.241054 2.35416
895500 1.17247 0.882636 0.221139 2.27625
895600 1.16457 0.850674 0.221584 2.23683
895700 1.14331 0.847409 0.226594 2.21732
895800 1.1124 0.853444 0.209308 2.17516
895900 1.14937 0.841475 0.185506 2.17635
896000 1.15214 0.845464 0.194795 2.1924
896100 1.09566 0.910019 0.203941 2.20962
896200 1.0864 0.910244 0.200626 2.19727
896300 1.13321 0.910673 0.201333 2.24521
896400 1.14934 0.898031 0.216545 2.26391
896500 1.16245 0.912909 0.224304 2.29967
896600 1.22025 0.924707 0.215832 2.36079
896700 1.21251 0.962182 0.211121 2.38582
896800 1.18146 0.963456 0.219785 2.3647
896900 1.18329 1.00897 0.213884 2.40615
897000 1.22968 0.952816 0.209122 2.39162
897100 1.22439 0.912562 0.202768 2.33972
897200 1.18808 0.935479 0.210766 2.33433
897300 1.16249 0.991483 0.204725 2.3587
897400 1.1092 0.947475 0.19876 2.25544
897500 1.05982 0.946073 0.204494 2.21039
897600 1.0943 0.901818 0.222151 2.21827
897700 1.07993 0.841837 0.20947 2.13123
897800 1.0495 0.811562 0.192356 2.05342
897900 1.03686 0.882783 0.19087 2.11052
898000 1.06151 0.861875 0.185894 2.10928
898100 1.06976 0.859371 0.175491 2.10462
898200 1.16167 0.838222 0.198136 2.19803
898300 1.23497 0.841555 0.221983 2.29851
898400 1.23796 0.836245 0.226133 2.30034
898500 1.23949 0.884051 0.223582 2.34712
898600 1.22652 0.882262 0.218844 2.32763
898700 1.17805 0.92143 0.192315 2.29179
898800 1.19372 0.880083 0.201598 2.2754
898900 1.2386 0.88948 0.214815 2.3429
899000 1.23793 0.907752 0.213057 2.35874
899100 1.2108 0.965971 0.208256 2.38503
899200 1.25163 0.987356 0.229767 2.46875
899300 1.24483 1.03308 0.207568 2.48547
899400 1.24853 0.987472 0.202698 2.4387
899500 1.29016 0.961078 0.221784 2.47302
899600 1.30203 0.914096 0.224242 2.44037
899700 1.19346 0.935768 0.202632 2.33186
899800 1.1484 0.955166 0.206379 2.30994
899900 1.17141 0.977402 0.205748 2.35456
900000 1.16366 0.918709 0.18484 2.2672
900100 1.12675 0.909119 0.189701 2.22557
900200 1.14533 0.902186 0.226032 2.27355
900300 1.14368 0.88103 0.212253 2.23696
900400 1.11415 0.838102 0.206958 2.15921
900500 1.07706 0.893003 0.222584 2.19265
900600 1.07185 0.886663 0.221851 2.18036
900700 1.04376 0.870432 0.201251 2.11544
900800 1.08432 0.875546 0.226722 2.18659
900900 1.13462 0.912961 0.239632 2.28722
901000 1.16204 0.93219 0.218719 2.31295
901100 1.2251 0.998434 0.220367 2.4439
901200 1.33443 1.03817 0.228006 2.60061
901300 1.40882 1.09396 0.21093 2.71371
901400 1.49146 1.12557 0.229405 2.84644
901500 1.59021 1.10537 0.260995 2.95657
901600 1.60544 1.08696 0.256471 2.94887
901700 1.52141 1.11762 0.246736 2.88577
901800 1.47258 1.07482 0.25696 2.80436
901900 1.43488 1.04723 0.230161 2.71228
902000 1.35824 1.04075 0.214524 2.61351
902100 1.31383 0.987733 0.224082 2.52564
902200 1.32678 0.937984 0.221993 2.48675
902300 1.2981 0.927958 0.202424 2.42848
902400 1.22839 0.930302 0.215645 2.37434
902500 1.14326 0.987218 0.222531 2.35301
902600 1.09127 1.01114 0.206747 2.30916
902700 1.07453 0.987239 0.209479 2.27125
902800 1.09764 0.996708 0.236237 2.33058
902900 1.16939 0.971151 0.23607 2.37661
903000 1.24632 0.940455 0.255077 2.44185
903100 1.28576 1.01942 0.29044 2.59562
903200 1.32585 1.12587 0.301865 2.75358
903300 1.40833 1.15708 0.294779 2.86019
903400 1.49162 1.17297 0.292713 2.9573
903500 1.53765 1.16324 0.256951 2.95784
903600 1.52291 1.11895 0.227858 2.86972
903700 1.49575 1.09226 0.236323 2.82434
903800 1.4472 1.07933 0.218963 2.7455
903900 1.36889 1.04868 0.205157 2.62273
904000 1.31575 1.05095 0.228368 2.59507
904100 1.30762 0.983068 0.224103 2.51479
904200 1.24887 0.959379 0.196159 2.40441
904300 1.21011 0.969087 0.222819 2.40202
904400 1.18363 0.965857 0.246408 2.39589
904500 1.18228 0.937208 0.216381 2.33587
904600 1.18719 0.976573 0.223493 2.38726
904700 1.25316 0.960042 0.25643 2.46963
904800 1.31672 0.943462 0.240655 2.50083
904900 1.35819 0.947531 0.228936 2.53466
905000 1.37347 0.992916 0.242952 2.60934
905100 1.40454 1.01716 0.229032 2.65073
905200 1.442 1.06969 0.190084 2.70177
905300 1.50823 1.05318 0.195638 2.75704
905400 1.55038 1.05959 0.217497 2.82746
905500 1.58419 1.06529 0.213981 2.86347
905600 1.61018 1.07894 0.21453 2.90365
905700 1.60557 1.11325 0.25386 2.97268
905800 1.58005 1.18062 0.251963 3.01263
905900 1.57824 1.14762 0.227227 2.9531
906000 1.56453 1.11806 0.231226 2.91381
906100 1.53109 1.09459 0.247747 2.87343
906200 1.47548 1.0817 0.242334 2.79951
906300 1.42431 1.08639 0.248149 2.75885
906400 1.40225 1.10523 0.239391 2.74687
906500 1.39845 1.0957 0.222466 2.71662
906600 1.41292 1.09889 0.224304 2.73612
906700 1.4191 1.06205 0.215092 2.69625
906800 1.38927 1.10336 0.205722 2.69835
906900 1.35095 1.11728 0.225007 2.69323
907000 1.32388 1.09472 0.227555 2.64616
907100 1.32741 1.06379 0.208328 2.59952
907200 1.30456 1.06692 0.221176 2.59266
907300 1.27787 1.00687 0.24309 2.52783
907400 1.24675 1.02073 0.236337 2.50382
907500 1.24243 1.04077 0.247256 2.53045
907600 1.24627 1.04188 0.261882 2.55003
907700 1.31441 1.0135 0.233954 2.56187
907800 1.37267 1.07368 0.200988 2.64733
907900 1.40115 1.0886 0.198168 2.68792
908000 1.46136 1.10412 0.203154 2.76864
908100 1.55137 1.13453 0.210984 2.89688
908200 1.56621 1.15061 0.217277 2.93409
908300 1.56135 1.13431 0.229679 2.92534
908400 1.56765 1.15397 0.252403 2.97402
908500 1.53445 1.1208 0.244741 2.89999
908600 1.44678 1.11633 0.235177 2.79828
908700 1.37799 1.11342 0.24824 2.73965
908800 1.30601 1.08966 0.249685 2.64535
908900 1.2206 1.06961 0.24187 2.53208
909000 1.17876 1.05316 0.240046 2.47196
909100 1.15061 1.02652 0.246207 2.42334
909200 1.10868 1.04842 0.24027 2.39737
909300 1.10885 1.0679 0.226465 2.40322
909400 1.17736 1.04594 0.248553 2.47185
909500 1.26635 1.05717 0.255353 2.57887
909600 1.33309 1.10487 0.245139 2.6831
909700 1.35134 1.14437 0.240866 2.73658
909800 1.36203 1.19576 0.244602 2.80239
909900 1.38564 1.23744 0.23682 2.8599
910000 1.42748 1.20455 0.224971 2.85701
910100 1.48745 1.16599 0.211962 2.8654
910200 1.54162 1.14051 0.220798 2.90292
910300 1.52659 1.12293 0.209283 2.8588
910400 1.48531 1.12986 0.198389 2.81356
910500 1.43992 1.15974 0.20684 2.8065
910600 1.40357 1.13166 0.221561 2.7568
910700 1.3756 1.10884 0.218249 2.70269
910800 1.37191 1.06159 0.230236 2.66374
910900 1.34201 1.05307 0.242225 2.6373
911000 1.30601 1.07231 0.255184 2.6335
911100 1.29512 1.0926 0.241688 2.6294
911200 1.30656 1.07932 0.237763 2.62365
911300 1.29194 1.1245 0.240771 2.65721
911400 1.30856 1.10588 0.247414 2.66185
911500 1.33894 1.08421 0.232326 2.65547
911600 1.34934 1.06336 0.247652 2.66035
911700 1.32535 1.09539 0.265398 2.68614
911800 1.30768 1.09719 0.266435 2.6713
911900 1.27435 1.10472 0.256184 2.63525
912000 1.26011 1.04532 0.281733 2.58716
912100 1.25564 0.995771 0.268239 2.51965
912200 1.24173 0.939571 0.248018 2.42932
912300 1.20202 0.960296 0.244764 2.40708
912400 1.17377 0.984368 0.261891 2.42003
912500 1.16534 1.04199 0.248515 2.45585
912600 1.2017 1.03385 0.238084 2.47364
912700 1.27655 1.04762 0.238544 2.56271
912800 1.35877 1.08826 0.258412 2.70544
912900 1.40885 1.14159 0.262505 2.81294
913000 1.45185 1.16345 0.267479 2.88278
913100 1.50138 1.21332 0.285245 2.99995
913200 1.52359 1.1968 0.30212 3.0225
913300 1.53013 1.18946 0.264067 2.98365
913400 1.59091 1.17949 0.232587 3.00298
913500 1.6458 1.16264 0.226342 3.03478
913600 1.59714 1.15482 0.233128 2.98508
913700 1.5473 1.19103 0.219657 2.95799
913800 1.52097 1.15321 0.238266 2.91245
913900 1.4601 1.13593 0.254085 2.85012
914000 1.4292 1.13038 0.261004 2.82058
914100 1.44455 1.0882 0.251493 2.78425
914200 1.39534 1.08533 0.266169 2.74684
914300 1.31505 1.17422 0.277545 2.76681
914400 1.32501 1.18227 0.274825 2.78211
914500 1.39358 1.15429 0.262965 2.81084
914600 1.46672 1.17372 0.271923 2.91237
914700 1.57522 1.20177 0.287931 3.06492
914800 1.66325 1.24124 0.305851 3.21034
914900 1.67911 1.33306 0.319689 3.33185
915000 1.6523 1.39179 0.324438 3.36853
915100 1.6566 1.39911 0.306773 3.36248
915200 1.67815 1.30765 0.298923 3.28473
915300 1.66907 1.20243 0.304042 3.17554
915400 1.57035 1.18756 0.307298 3.06521
915500 1.44499 1.17054 0.291403 2.90693
915600 1.35773 1.14794 0.277978 2.78366
915700 1.32168 1.19168 0.261188 2.77455
915800 1.32394 1.16351 0.234679 2.72213
915900 1.37966 1.09419 0.230417 2.70427
916000 1.40037 1.1108 0.227068 2.73823
916100 1.36448 1.14074 0.22075 2.72597
916200 1.36218 1.11324 0.21592 2.69134
916300 1.41216 1.14281 0.228911 2.78388
916400 1.46573 1.14614 0.219657 2.83153
916500 1.51489 1.0801 0.223233 2.81822
916600 1.57524 1.06127 0.251068 2.88758
916700 1.61585 1.1176 0.261011 2.99446
916800 1.61984 1.15942 0.232048 3.01131
916900 1.62533 1.18041 0.235774 3.04151
917000 1.66398 1.17666 0.24082 3.08146
917100 1.65789 1.1394 0.221262 3.01855
917200 1.57751 1.10972 0.2225 2.90972
917300 1.50157 1.1155 0.249797 2.86687
917400 1.47196 1.11326 0.245011 2.83023
917500 1.42853 1.10034 0.238924 2.7678
917600 1.40782 1.06715 0.240859 2.71583
917700 1.44005 1.05018 0.254823 2.74504
917800 1.46084 1.06568 0.260329 2.78685
917900 1.42138 1.10746 0.271429 2.80026
918000 1.42453 1.16468 0.265811 2.85502
918100 1.44502 1.19367 0.248983 2.88767
918200 1.48449 1.14719 0.227541 2.85922
918300 1.5394 1.1465 0.238054 2.92396
918400 1.60661 1.17391 0.235841 3.01636
918500 1.60874 1.13881 0.230238 2.97779
918600 1.57121 1.12411 0.231281 2.9266
918700 1.499 1.15766 0.219064 2.87573
918800 1.45082 1.10778 0.191725 2.75032
918900 1.42563 1.03576 0.21483 2.67622
919000 1.40058 1.04702 0.235557 2.68316
919100 1.35114 1.07562 0.213565 2.64033
919200 1.32708 1.07252 0.212932 2.61253
919300 1.32067 1.08936 0.23071 2.64074
919400 1.36036 1.12286 0.190759 2.67398
919500 1.41274 1.10519 0.165105 2.68304
919600 1.47159 1.11184 0.188436 2.77187
919700 1.5241 1.15082 0.188223 2.86314
919800 1.54204 1.18586 0.18065 2.90855
919900 1.55876 1.20093 0.203814 2.9635
920000 1.62923 1.22972 0.210973 3.06993
920100 1.66102 1.2382 0.201114 3.10034
920200 1.65022 1.21512 0.202498 3.06784
920300 1.61654 1.18607 0.217617 3.02022
920400 1.57634 1.19821 0.21276 2.98731
920500 1.48791 1.14641 0.208574 2.8429
920600 1.42299 1.10703 0.216371 2.74639
920700 1.37765 1.091 0.2113 2.67994
920800 1.29114 1.07666 0.189815 2.55762
920900 1.24289 1.01957 0.196363 2.45882
921000 1.24569 1.04013 0.210922 2.49674
921100 1.24144 1.0429 0.200702 2.48504
921200 1.23605 1.0404 0.185681 2.46213
921300 1.30446 1.05011 0.207215 2.56179
921400 1.38051 1.109 0.215935 2.70545
921500 1.43631 1.094 0.19955 2.72986
921600 1.49345 1.14798 0.211027 2.85245
921700 1.54886 1.1803 0.236595 2.96576
921800 1.60467 1.19488 0.238748 3.03829
921900 1.66362 1.20507 0.210666 3.07935
922000 1.66755 1.25542 0.201933 3.12491
922100 1.65899 1.19093 0.217452 3.06737
922200 1.62384 1.18621 0.219492 3.02954
922300 1.54633 1.17631 0.196681 2.91932
922400 1.42763 1.1735 0.185009 2.78614
922500 1.40019 1.12887 0.202171 2.73122
922600 1.36544 1.13692 0.200214 2.70257
922700 1.33949 1.08317 0.183884 2.60655
922800 1.30943 1.10696 0.185846 2.60223
922900 1.32524 1.12312 0.203673 2.65203
923000 1.3118 1.13781 0.216858 2.66647
923100 1.33767 1.12558 0.211388 2.67464
923200 1.36723 1.18888 0.212136 2.76825
923300 1.43606 1.19168 0.227757 2.85549
923400 1.49037 1.23275 0.209916 2.93304
923500 1.57782 1.25077 0.199845 3.02843
923600 1.64687 1.30935 0.213499 3.16971
923700 1.71877 1.31557 0.212443 3.24678
923800 1.72617 1.31741 0.188543 3.23212
923900 1.71539 1.31668 0.188028 3.2201
924000 1.66424 1.35486 0.201324 3.22043
924100 1.60649 1.30053 0.193459 3.10048
924200 1.5364 1.27287 0.18343 2.9927
924300 1.51087 1.25391 0.204255 2.96903
924400 1.46157 1.20328 0.209353 2.8742
924500 1.43509 1.15611 0.202707 2.79391
924600 1.41013 1.18953 0.202652 2.80231
924700 1.39182 1.18666 0.20872 2.78721
924800 1.36693 1.18208 0.19291 2.74192
924900 1.41109 1.16596 0.189076 2.76612
925000 1.45442 1.14215 0.193634 2.7902
925100 1.47754 1.1535 0.207506 2.83855
925200 1.48993 1.19381 0.219374 2.90312
925300 1.52307 1.17254 0.223673 2.91929
925400 1.54219 1.17696 0.213752 2.9329
925500 1.5278 1.20176 0.212743 2.9423
925600 1.5202 1.17569 0.216634 2.91252
925700 1.52737 1.14673 0.215749 2.88985
925800 1.48667 1.17125 0.218352 2.87627
925900 1.47916 1.21513 0.226873 2.92117
926000 1.51459 1.19453 0.203391 2.91251
926100 1.49586 1.18895 0.187759 2.87256
926200 1.4454 1.20795 0.194997 2.84835
926300 1.44603 1.21608 0.20844 2.87054
926400 1.45301 1.17937 0.202977 2.83536
926500 1.41537 1.17607 0.194195 2.78563
926600 1.41082 1.17694 0.203576 2.79133
926700 1.4202 1.15468 0.203571 2.77845
926800 1.42814 1.11582 0.189354 2.73331
926900 1.40687 1.14522 0.208855 2.76094
927000 1.41756 1.11186 0.231908 2.76133
927100 1.39172 1.10892 0.225412 2.72605
927200 1.33778 1.12688 0.201509 2.66617
927300 1.28812 1.13102 0.200564 2.6197
927400 1.28003 1.08991 0.198925 2.56887
927500 1.28356 1.07515 0.191983 2.55069
927600 1.29077 1.05663 0.189167 2.53656
927700 1.27258 1.05922 0.185545 2.51734
927800 1.28145 1.04737 0.182947 2.51176
927900 1.29077 1.07714 0.188946 2.55685
928000 1.30152 1.08251 0.200017 2.58405
928100 1.28558 1.09248 0.21031 2.58837
928200 1.30906 1.07642 0.226316 2.61179
928300 1.31741 1.06513 0.221842 2.60438
928400 1.30938 1.04964 0.198439 2.55746
928500 1.31436 1.06733 0.199179 2.58086
928600 1.34064 1.03849 0.205309 2.58444
928700 1.29934 1.04321 0.201849 2.5444
928800 1.26337 1.04087 0.195869 2.50011
928900 1.25938 1.04066 0.207434 2.50747
929000 1.25238 1.0299 0.19923 2.48151
929100 1.22283 1.06299 0.177148 2.46297
929200 1.23463 1.09841 0.19027 2.52331
929300 1.24028 1.13709 0.207676 2.58504
929400 1.27447 1.1303 0.218378 2.62316
929500 1.35347 1.18711 0.227055 2.76764
929600 1.45484 1.21625 0.225121 2.89621
929700 1.50927 1.21807 0.190555 2.91789
929800 1.5543 1.21398 0.183497 2.95178
929900 1.53877 1.26101 0.190232 2.99001
930000 1.51539 1.21464 0.200352 2.93039
930100 1.51596 1.18857 0.213432 2.91796
930200 1.50084 1.18553 0.220405 2.90677
930300 1.43496 1.12805 0.199567 2.76258
930400 1.38535 1.04636 0.195839 2.62755
930500 1.33495 1.04039 0.202926 2.57827
930600 1.22162 1.03215 0.201776 2.45554
930700 1.15414 1.00133 0.210863 2.36633
930800 1.16464 1.00328 0.22587 2.39379
930900 1.1588 1.02636 0.207755 2.39291
931000 1.13193 1.03849 0.185998 2.35642
931100 1.21743 1.06722 0.194725 2.47937
931200 1.31732 1.06375 0.207495 2.58856
931300 1.30424 1.10025 0.216866 2.62135
931400 1.31734 1.15019 0.216468 2.684
931500 1.41931 1.15177 0.191965 2.76305
931600 1.45603 1.13764 0.168296 2.76197
931700 1.4683 1.16557 0.16572 2.79959
931800 1.503 1.16372 0.176516 2.84324
931900 1.48465 1.13445 0.199053 2.81815
932000 1.37683 1.11119 0.218725 2.70675
932100 1.34127 1.0867 0.227937 2.6559
932200 1.32544 1.0584 0.207923 2.59176
932300 1.28316 1.0233 0.197511 2.50397
932400 1.24064 1.02836 0.20288 2.47188
932500 1.25954 1.04956 0.212216 2.52131
932600 1.24665 1.0397 0.220278 2.50664
932700 1.25186 1.0364 0.219158 2.50742
932800 1.2994 1.10693 0.196811 2.60314
932900 1.35016 1.13427 0.176603 2.66103
933000 1.32099 1.12565 0.183167 2.6298
933100 1.35595 1.16247 0.203385 2.72181
933200 1.37998 1.19136 0.219991 2.79133
933300 1.36828 1.12513 0.231031 2.72443
933400 1.38009 1.1286 0.235397 2.74408
933500 1.45447 1.15243 0.218842 2.82574
933600 1.43849 1.14035 0.209624 2.78846
933700 1.41257 1.15857 0.215382 2.78652
933800 1.42343 1.23295 0.208475 2.86486
933900 1.45688 1.1808 0.196662 2.83434
934000 1.43716 1.13786 0.19045 2.76546
934100 1.47079 1.1266 0.177582 2.77497
934200 1.44392 1.09435 0.159269 2.69753
934300 1.34503 1.06388 0.182391 2.5913
934400 1.27718 1.10051 0.207276 2.58496
934500 1.27037 1.0987 0.196052 2.56513
934600 1.23949 1.08764 0.201317 2.52845
934700 1.26667 1.07719 0.226217 2.57007
934800 1.33929 1.1207 0.215871 2.67587
934900 1.35762 1.12284 0.214564 2.69503
935000 1.35697 1.1359 0.250437 2.74331
935100 1.43352 1.16035 0.249445 2.84331
935200 1.44941 1.13536 0.217905 2.80267
935300 1.4102 1.05543 0.220649 2.68628
935400 1.39074 1.0586 0.216154 2.66549
935500 1.38278 1.05763 0.188245 2.62865
935600 1.31628 1.0395 0.19662 2.5524
935700 1.28773 1.05495 0.219986 2.56266
935800 1.31166 1.10352 0.196269 2.61145
935900 1.33098 1.04713 0.199038 2.57715
936000 1.34974 1.03437 0.23795 2.62205
936100 1.35643 1.06859 0.232014 2.65704
936200 1.33694 1.08178 0.239485 2.65821
936300 1.30003 1.06641 0.280272 2.64671
936400 1.30019 1.08239 0.275045 2.65763
936500 1.36004 1.04645 0.230149 2.63664
936600 1.42041 1.0113 0.234277 2.66599
936700 1.43153 1.01744 0.240524 2.6895
936800 1.42737 1.05759 0.226487 2.71145
936900 1.40621 1.0679 0.247396 2.72151
937000 1.33889 1.0753 0.27239 2.68659
937100 1.29992 1.04933 0.244969 2.59422
937200 1.28267 1.02007 0.246206 2.54895
937300 1.22449 0.997155 0.270202 2.49184
937400 1.16021 0.998744 0.281732 2.44068
937500 1.13146 1.00018 0.283383 2.41502
937600 1.1204 1.03133 0.306704 2.45843
937700 1.12075 1.06036 0.301806 2.48292
937800 1.18351 1.08006 0.294438 2.55801
937900 1.26873 1.07787 0.279492 2.62609
938000 1.30994 1.09598 0.280168 2.68608
938100 1.34926 1.11797 0.27283 2.74006
938200 1.40673 1.13805 0.257739 2.80252
938300 1.43313 1.11729 0.229727 2.78014
938400 1.45406 1.08859 0.226057 2.76871
938500 1.4929 1.06129 0.232395 2.78658
938600 1.46693 1.03412 0.246401 2.74745
938700 1.37864 1.03078 0.244778 2.6542
938800 1.33293 1.04205 0.251217 2.6262
938900 1.32339 0.988183 0.251588 2.56316
939000 1.26584 0.979978 0.243179 2.489
939100 1.2018 1.00909 0.227069 2.43796
939200 1.18213 1.00024 0.235653 2.41802
939300 1.15392 0.953087 0.242689 2.34969
939400 1.13607 0.925508 0.242923 2.3045
939500 1.1483 0.922165 0.2436 2.31406
939600 1.17538 0.899464 0.256943 2.33179
939700 1.20616 0.924302 0.233405 2.36386
939800 1.2573 0.977232 0.223466 2.458
939900 1.30726 1.00854 0.23746 2.55326
940000 1.35215 1.04042 0.237912 2.63048
940100 1.39381 1.08919 0.228975 2.71197
940200 1.4178 1.0762 0.228087 2.72209
940300 1.41009 1.0591 0.2223 2.69149
940400 1.40283 1.06126 0.217151 2.68124
940500 1.37758 1.06617 0.213033 2.65678
940600 1.35109 1.0488 0.230711 2.63059
940700 1.34854 1.05966 0.252036 2.66024
940800 1.38186 1.08775 0.270326 2.73993
940900 1.3956 1.07983 0.237531 2.71296
941000 1.40211 1.08436 0.212221 2.69869
941100 1.41208 1.13941 0.21719 2.76868
941200 1.40855 1.08647 0.218939 2.71397
941300 1.36918 1.0435 0.22288 2.63556
941400 1.36295 1.06261 0.231492 2.65705
941500 1.38477 1.04596 0.228519 2.65925
941600 1.38794 0.992756 0.215531 2.59623
941700 1.36654 1.02612 0.207784 2.60045
941800 1.34624 1.02946 0.212527 2.58822
941900 1.32972 0.984949 0.228797 2.54347
942000 1.29188 0.986353 0.230142 2.50837
942100 1.25424 1.02254 0.228456 2.50524
942200 1.24326 0.988549 0.229583 2.46139
942300 1.22648 0.954153 0.215887 2.39652
942400 1.19334 0.971354 0.205986 2.37068
942500 1.1912 0.95884 0.228116 2.37815
942600 1.21342 0.913369 0.230135 2.35692
942700 1.24614 0.92725 0.216296 2.38969
942800 1.27862 0.962285 0.216251 2.45716
942900 1.29927 0.979129 0.210422 2.48882
943000 1.27907 0.996799 0.188578 2.46444
943100 1.29226 1.03222 0.198211 2.52269
943200 1.31844 1.01161 0.22478 2.55483
943300 1.35062 0.955969 0.243297 2.54989
943400 1.34068 0.948384 0.231795 2.52086
943500 1.29822 0.963324 0.222665 2.4842
943600 1.25703 0.956834 0.216911 2.43078
943700 1.233 0.974972 0.214327 2.42229
943800 1.18547 0.978037 0.206883 2.37039
943900 1.18229 0.962483 0.21052 2.35529
944000 1.19046 0.964582 0.218556 2.37359
944100 1.23972 0.968245 0.222232 2.43019
944200 1.25004 0.981428 0.192879 2.42435
944300 1.25262 1.00505 0.18196 2.43963
944400 1.23691 1.04758 0.206221 2.49071
944500 1.23115 1.01466 0.236787 2.48259
944600 1.25306 0.964508 0.225615 2.44318
944700 1.29298 0.960357 0.22293 2.47626
944800 1.29145 0.976248 0.235909 2.50361
944900 1.32206 0.968581 0.234243 2.52488
945000 1.31313 0.995317 0.209027 2.51747
945100 1.29541 1.00167 0.230968 2.52804
945200 1.2853 0.961249 0.252903 2.49946
945300 1.29827 0.934562 0.227179 2.46001
945400 1.23754 0.939348 0.200821 2.37771
945500 1.18722 0.90548 0.213615 2.30631
945600 1.17452 0.888459 0.222196 2.28517
945700 1.15427 0.902181 0.22118 2.27763
945800 1.08809 0.91394 0.238957 2.24099
945900 1.12196 0.888157 0.253031 2.26315
946000 1.17508 0.906673 0.234445 2.31619
946100 1.16872 0.918485 0.21333 2.30054
946200 1.14291 0.970818 0.213198 2.32692
946300 1.21923 0.995692 0.209631 2.42455
946400 1.26241 0.982155 0.199461 2.44403
946500 1.28111 0.968857 0.196315 2.44628
946600 1.32454 0.975557 0.199362 2.49946
946700 1.34484 0.954299 0.194045 2.49319
946800 1.29061 1.00852 0.181937 2.48107
946900 1.2471 1.07379 0.206043 2.52693
947000 1.22688 1.08107 0.223999 2.53196
947100 1.21058 1.02627 0.207026 2.44387
947200 1.22117 1.0146 0.193469 2.42924
947300 1.24029 1.00053 0.204801 2.44562
947400 1.2311 1.01594 0.221095 2.46813
947500 1.23296 1.04776 0.225984 2.50671
947600 1.22893 1.09333 0.238907 2.56117
947700 1.22332 1.09448 0.238146 2.55595
947800 1.23479 1.06366 0.215316 2.51377
947900 1.26346 1.00225 0.203099 2.46881
948000 1.2358 1.01196 0.216608 2.46437
948100 1.18601 1.04382 0.235159 2.46499
948200 1.17158 1.05183 0.261683 2.48509
948300 1.15573 1.04969 0.278285 2.4837
948400 1.16735 1.057 0.278299 2.50266
948500 1.23586 1.01935 0.260059 2.51527
948600 1.29616 0.984413 0.249464 2.53003
948700 1.28623 1.00745 0.230029 2.5237
948800 1.2774 1.06371 0.227536 2.56864
948900 1.26238 1.08898 0.226987 2.57835
949000 1.27306 1.06778 0.224187 2.56503
949100 1.29889 1.06195 0.232583 2.59342
949200 1.30304 1.05645 0.234014 2.59351
949300 1.2762 1.04185 0.214271 2.53232
949400 1.31604 1.08208 0.211759 2.60988
949500 1.31812 1.11601 0.225777 2.65991
949600 1.28519 1.0858 0.219267 2.59026
949700 1.30554 1.10207 0.201432 2.60904
949800 1.39686 1.11317 0.206765 2.71679
949900 1.39755 1.09139 0.199525 2.68846
950000 1.40007 1.1009 0.186167 2.68713
950100 1.44544 1.1484 0.199548 2.79339
950200 1.4245 1.14578 0.219713 2.78999
950300 1.37015 1.11702 0.221431 2.7086
950400 1.43709 1.09058 0.218154 2.74582
950500 1.48037 1.08768 0.229564 2.79761
950600 1.44789 1.06497 0.236898 2.74976
950700 1.42865 1.11191 0.227775 2.76834
950800 1.46932 1.15115 0.216427 2.83689
950900 1.43826 1.15138 0.222684 2.81233
951000 1.44144 1.10201 0.21335 2.7568
951100 1.50511 1.09641 0.188895 2.79041
951200 1.51289 1.06632 0.180622 2.75983
951300 1.43835 1.10141 0.20058 2.74035
951400 1.41609 1.16522 0.209419 2.79073
951500 1.40599 1.18745 0.212179 2.80562
951600 1.41046 1.13223 0.224833 2.76753
951700 1.42243 1.13971 0.246368 2.80851
951800 1.45625 1.12151 0.23785 2.81561
951900 1.42373 1.11249 0.234515 2.77073
952000 1.36297 1.15511 0.231927 2.75001
952100 1.3188 1.20895 0.21181 2.73956
952200 1.31374 1.14495 0.185463 2.64415
952300 1.33418 1.08997 0.182473 2.60662
952400 1.36651 1.08103 0.17558 2.62312
952500 1.35576 1.10066 0.187359 2.64378
952600 1.36688 1.11822 0.217574 2.70268
952700 1.38593 1.20209 0.242044 2.83006
952800 1.42749 1.2382 0.225063 2.89074
952900 1.48759 1.19939 0.218587 2.90556
953000 1.53861 1.16929 0.221285 2.92918
953100 1.51822 1.16967 0.223271 2.91116
953200 1.47504 1.12176 0.224549 2.82135
953300 1.45349 1.12195 0.21797 2.79341
953400 1.45581 1.14157 0.192944 2.79033
953500 1.43909 1.10034 0.203847 2.74328
953600 1.41976 1.08094 0.205859 2.70655
953700 1.41689 1.10316 0.190573 2.71062
953800 1.41015 1.06501 0.213962 2.68913
953900 1.37297 1.07503 0.240692 2.68869
954000 1.3225 1.11799 0.214948 2.65543
954100 1.28577 1.09404 0.207166 2.58698
954200 1.27883 1.04949 0.212416 2.54074
954300 1.30688 1.04088 0.209704 2.55746
954400 1.30081 1.06151 0.197028 2.55935
954500 1.28383 1.06321 0.21435 2.5614
954600 1.28056 1.11078 0.228674 2.62002
954700 1.30363 1.15371 0.213405 2.67074
954800 1.3551 1.14199 0.191185 2.68827
954900 1.43261 1.09399 0.207324 2.73392
955000 1.47679 1.09001 0.211673 2.77848
955100 1.43633 1.09312 0.217997 2.74744
955200 1.37491 1.08794 0.228217 2.69107
955300 1.3481 1.07155 0.227927 2.64757
955400 1.31977 1.08214 0.194277 2.59618
955500 1.3048 1.03458 0.177737 2.51712
955600 1.32246 1.02735 0.182469 2.53228
955700 1.33082 1.07858 0.196187 2.60559
955800 1.27005 1.13588 0.21218 2.61811
955900 1.24444 1.15101 0.226311 2.62176
956000 1.25851 1.19406 0.222878 2.67545
956100 1.26636 1.12549 0.218476 2.61032
956200 1.24476 1.0358 0.215779 2.49633
956300 1.20416 1.03065 0.21701 2.45182
956400 1.13637 1.0523 0.2263 2.41497
956500 1.11688 1.03318 0.213103 2.36316
956600 1.16449 1.07091 0.186642 2.42205
956700 1.22711 1.09658 0.170629 2.49432
956800 1.30342 1.0672 0.172955 2.54358
956900 1.35942 1.05854 0.173993 2.59195
957000 1.36473 1.07404 0.199384 2.63815
957100 1.35823 1.04362 0.224437 2.62629
957200 1.35918 1.02907 0.222389 2.61065
957300 1.35857 1.00748 0.206367 2.57242
957400 1.33273 0.973029 0.210235 2.516
957500 1.27948 0.972713 0.196891 2.44909
957600 1.20739 1.02536 0.206545 2.43929
957700 1.16811 1.03245 0.228773 2.42934
957800 1.17239 1.03006 0.240501 2.44295
957900 1.19158 1.0287 0.197172 2.41745
958000 1.21093 1.01765 0.184985 2.41356
958100 1.22958 1.00577 0.180281 2.41564
958200 1.2203 1.00472 0.183684 2.40871
958300 1.17559 1.04673 0.203282 2.4256
958400 1.17645 1.08742 0.235714 2.49959
958500 1.21634 1.08753 0.218417 2.52229
958600 1.27303 1.07261 0.194843 2.54048
958700 1.29179 1.07821 0.185096 2.55509
958800 1.30048 1.0634 0.193233 2.55711
958900 1.28645 1.08453 0.206161 2.57714
959000 1.27929 1.07838 0.227725 2.58539
959100 1.28931 1.03595 0.220251 2.54551
959200 1.3173 1.00768 0.201554 2.52653
959300 1.33206 0.991171 0.183544 2.50678
959400 1.32911 0.953176 0.194169 2.47645
959500 1.31227 0.954503 0.199671 2.46645
959600 1.29816 0.97343 0.228228 2.49982
959700 1.26865 0.984568 0.244687 2.49791
959800 1.24771 0.961631 0.238289 2.44763
959900 1.2382 0.955037 0.197328 2.39057
960000 1.26213 0.947798 0.200627 2.41055
960100 1.25727 0.94252 0.214689 2.41448
960200 1.23357 0.952219 0.23417 2.41996
960300 1.23186 0.983986 0.244202 2.46005
960400 1.27382 0.96794 0.245952 2.48772
960500 1.32407 0.967735 0.220072 2.51188
960600 1.36493 0.966573 0.210164 2.54167
960700 1.38875 1.00701 0.205537 2.60129
960800 1.37841 1.02966 0.216978 2.62505
960900 1.37318 1.03662 0.228648 2.63845
961000 1.39627 1.04871 0.232688 2.67767
961100 1.42509 1.05053 0.21445 2.69007
961200 1.44275 1.03439 0.201814 2.67896
961300 1.44151 1.10087 0.197138 2.73952
961400 1.44053 1.14375 0.209756 2.79403
961500 1.42856 1.14191 0.235225 2.80569
961600 1.45176 1.13475 0.236845 2.82335
961700 1.50222 1.09985 0.214645 2.81672
961800 1.51142 1.03796 0.204217 2.75359
961900 1.49407 1.01424 0.192273 2.70059
962000 1.45614 1.04261 0.18951 2.68826
962100 1.40394 1.05493 0.213846 2.67272
962200 1.3448 1.0246 0.242014 2.61141
962300 1.33081 0.980978 0.225985 2.53777
962400 1.3368 0.944973 0.199944 2.48172
962500 1.31855 0.917595 0.194892 2.43104
962600 1.27591 0.910944 0.179807 2.36666
962700 1.24584 0.956354 0.199328 2.40152
962800 1.22976 0.999236 0.242014 2.47101
962900 1.21567 0.95732 0.254785 2.42777
963000 1.26329 0.895542 0.23692 2.39575
963100 1.35379 0.88017 0.233165 2.46712
963200 1.36393 0.885941 0.231159 2.48103
963300 1.30721 0.937893 0.227289 2.47239
963400 1.28786 1.0383 0.235689 2.56185
963500 1.3191 1.04358 0.229644 2.59232
963600 1.36314 1.02072 0.18527 2.56913
963700 1.42933 1.02654 0.176664 2.63254
963800 1.47904 1.04811 0.175361 2.70251
963900 1.44357 1.10274 0.181617 2.72792
964000 1.38066 1.15613 0.221221 2.75801
964100 1.38555 1.10726 0.269246 2.76206
964200 1.42074 1.06816 0.244722 2.73362
964300 1.41414 0.997464 0.221731 2.63333
964400 1.40201 0.978382 0.234187 2.61458
964500 1.35843 1.02467 0.227404 2.6105
964600 1.29017 1.07529 0.195703 2.56116
964700 1.25947 1.06255 0.206796 2.52882
964800 1.29708 1.04535 0.206839 2.54927
964900 1.35677 0.982065 0.176853 2.51569
965000 1.37403 0.972352 0.171634 2.51802
965100 1.37809 1.00477 0.212784 2.59564
965200 1.35669 1.08656 0.226135 2.66939
965300 1.32843 1.10264 0.238573 2.66964
965400 1.36958 1.08654 0.254504 2.71063
965500 1.48232 1.02844 0.2414 2.75216
965600 1.52991 1.03894 0.220306 2.78916
965700 1.48924 1.07948 0.227021 2.79574
965800 1.43178 1.15141 0.222594 2.80578
965900 1.4131 1.15977 0.213349 2.78621
966000 1.43519 1.15114 0.217677 2.80401
966100 1.477 1.04965 0.205404 2.73205
966200 1.51064 0.977094 0.176915 2.66465
966300 1.49283 0.995795 0.201198 2.68983
966400 1.40826 1.04918 0.220937 2.67838
966500 1.34109 1.06057 0.210412 2.61207
966600 1.32835 1.05844 0.210823 2.59762
966700 1.34993 1.01317 0.211637 2.57474
966800 1.36145 0.964739 0.195851 2.52204
966900 1.34626 0.929434 0.199654 2.47535
967000 1.32771 0.972642 0.221794 2.52215
967100 1.31831 1.02502 0.240411 2.58374
967200 1.33414 1.03904 0.2574 2.63058
967300 1.35483 1.02744 0.246117 2.62838
967400 1.41097 1.0241 0.210831 2.6459
967500 1.4884 1.01913 0.185533 2.69306
967600 1.50492 1.06436 0.188484 2.75777
967700 1.47945 1.1374 0.192284 2.80913
967800 1.50518 1.17515 0.20731 2.88765
967900 1.54883 1.16948 0.231317 2.94963
968000 1.57655 1.13155 0.231121 2.93922
968100 1.61305 1.09909 0.220891 2.93303
968200 1.61694 1.09088 0.226786 2.93461
968300 1.53014 1.09582 0.232755 2.85872
968400 1.47016 1.10117 0.24193 2.81326
968500 1.46188 1.11041 0.238461 2.81075
968600 1.45193 1.07606 0.21673 2.74472
968700 1.45045 1.05478 0.189446 2.69467
968800 1.51277 1.04817 0.188273 2.74921
968900 1.51954 1.06132 0.185825 2.76669
969000 1.4851 1.08306 0.210263 2.77842
969100 1.52538 1.14035 0.242626 2.90836
969200 1.63767 1.13762 0.241528 3.01681
969300 1.67587 1.16355 0.219593 3.05901
969400 1.7484 1.18129 0.216538 3.14623
969500 1.84282 1.24858 0.21932 3.31071
969600 1.83735 1.3236 0.230793 3.39174
969700 1.78981 1.41213 0.245275 3.44721
969800 1.82851 1.40411 0.248192 3.4808
969900 1.83955 1.37568 0.219467 3.4347
970000 1.79758 1.30026 0.203088 3.30093
970100 1.74506 1.27314 0.200122 3.21832
970200 1.70214 1.21056 0.208477 3.12119
970300 1.60578 1.20903 0.217382 3.03219
970400 1.53966 1.18642 0.230105 2.95618
970500 1.52729 1.16905 0.217636 2.91397
970600 1.54206 1.13321 0.200706 2.87598
970700 1.52515 1.16086 0.203354 2.88936
970800 1.52862 1.15312 0.232212 2.91396
970900 1.51918 1.18247 0.254976 2.95663
971000 1.52644 1.17462 0.279813 2.98088
971100 1.54119 1.18821 0.276206 3.00561
971200 1.59716 1.14309 0.221002 2.96125
971300 1.62894 1.16145 0.201811 2.9922
971400 1.67714 1.15697 0.216647 3.05075
971500 1.69418 1.18836 0.209594 3.09214
971600 1.71679 1.20478 0.202337 3.12391
971700 1.71015 1.25843 0.221754 3.19033
971800 1.70794 1.23141 0.202776 3.14213
971900 1.68465 1.24595 0.166615 3.09722
972000 1.68076 1.20003 0.199136 3.07993
972100 1.65854 1.15675 0.241767 3.05705
972200 1.62997 1.11914 0.247518 2.99663
972300 1.57386 1.14968 0.245739 2.96929
972400 1.54686 1.09561 0.251568 2.89405
972500 1.54064 1.05365 0.21798 2.81227
972600 1.517 1.02941 0.188497 2.73491
972700 1.44895 1.05269 0.197162 2.6988
972800 1.41061 1.02508 0.220094 2.65578
972900 1.38581 1.04649 0.228979 2.66128
973000 1.36799 1.08079 0.208411 2.65719
973100 1.36306 1.06213 0.20096 2.62615
973200 1.41601 0.996868 0.203279 2.61615
973300 1.4259 1.02031 0.212469 2.65867
973400 1.3902 1.05666 0.215857 2.66271
973500 1.36853 1.07025 0.238379 2.67716
973600 1.38984 1.10355 0.244532 2.73792
973700 1.40615 1.12209 0.222293 2.75053
973800 1.43853 1.08618 0.199005 2.72371
973900 1.46897 1.09573 0.221791 2.78649
974000 1.47367 1.08645 0.252571 2.81269
974100 1.46563 1.08859 0.243629 2.79785
974200 1.49051 1.13238 0.231182 2.85407
974300 1.53469 1.09949 0.235257 2.86944
974400 1.55286 1.04101 0.216391 2.81027
974500 1.57712 1.06038 0.203804 2.8413
974600 1.5764 1.05767 0.220776 2.85484
974700 1.52807 1.04064 0.236735 2.80544
974800 1.46039 1.11363 0.219791 2.79381
974900 1.42662 1.16541 0.212554 2.80458
975000 1.40209 1.13026 0.204529 2.73688
975100 1.39821 1.06533 0.202661 2.6662
975200 1.3822 1.04135 0.216868 2.64042
975300 1.37642 0.986771 0.248884 2.61207
975400 1.34131 0.988627 0.252506 2.58245
975500 1.33224 1.0257 0.237898 2.59584
975600 1.35499 1.05974 0.21381 2.62854
975700 1.40077 1.05958 0.199842 2.66019
975800 1.4178 1.04736 0.200165 2.66532
975900 1.43511 1.01113 0.223473 2.66972
976000 1.40384 1.06686 0.238451 2.70915
976100 1.35723 1.07105 0.23626 2.66454
976200 1.32192 1.03555 0.229784 2.58725
976300 1.34813 1.00279 0.218895 2.56981
976400 1.35681 0.988604 0.207984 2.55339
976500 1.33728 0.968908 0.228858 2.53505
976600 1.32112 0.991084 0.240294 2.5525
976700 1.32621 1.00793 0.230331 2.56447
976800 1.3209 1.04642 0.220993 2.58831
976900 1.36393 1.01162 0.217078 2.59263
977000 1.41109 0.960546 0.212123 2.58376
977100 1.43898 0.965949 0.211103 2.61603
977200 1.43397 1.00523 0.22465 2.66385
977300 1.45001 1.02212 0.236222 2.70835
977400 1.47483 1.0811 0.226597 2.78252
977500 1.50575 1.12575 0.215613 2.84712
977600 1.54411 1.11696 0.210163 2.87124
977700 1.60145 1.10758 0.222147 2.93117
977800 1.55927 1.15629 0.231777 2.94734
977900 1.44057 1.15991 0.222813 2.82329
978000 1.37907 1.16881 0.201237 2.74912
978100 1.41441 1.1239 0.203899 2.74222
978200 1.39207 1.04709 0.186701 2.62587
978300 1.36279 1.01479 0.182674 2.56026
978400 1.38962 1.0219 0.210831 2.62235
978500 1.43259 1.0104 0.228506 2.6715
978600 1.42044 1.04769 0.210245 2.67838
978700 1.45723 1.09927 0.195939 2.75244
978800 1.52369 1.12482 0.197277 2.84578
978900 1.55686 1.10349 0.206032 2.86638
979000 1.55303 1.11913 0.217921 2.89008
979100 1.55204 1.16054 0.231619 2.9442
979200 1.52973 1.16408 0.242556 2.93636
979300 1.50027 1.16339 0.240738 2.9044
979400 1.48013 1.15945 0.224056 2.86363
979500 1.48148 1.12989 0.216915 2.82829
979600 1.50795 1.08496 0.225847 2.81876
979700 1.49728 1.10888 0.234881 2.84104
979800 1.44762 1.1677 0.219459 2.83477
979900 1.44536 1.16717 0.204797 2.81732
980000 1.49111 1.10522 0.200604 2.79693
980100 1.49484 1.08744 0.178278 2.76056
980200 1.45053 1.03655 0.159005 2.64609
980300 1.42014 0.990189 0.18363 2.59396
980400 1.39674 0.994376 0.223253 2.61437
980500 1.32664 1.04266 0.197653 2.56695
980600 1.2972 1.01744 0.180025 2.49466
980700 1.34461 0.97906 0.214883 2.53855
980800 1.36303 0.969459 0.22301 2.5555
980900 1.30666 1.02636 0.207604 2.54063
981000 1.27571 1.04993 0.221703 2.54734
981100 1.28804 1.07679 0.218588 2.58342
981200 1.30372 1.09792 0.183579 2.58522
981300 1.32363 1.09999 0.168685 2.59231
981400 1.37259 1.06113 0.182165 2.61589
981500 1.41491 1.07275 0.192075 2.67973
981600 1.39546 1.09571 0.201551 2.69272
981700 1.36217 1.13024 0.20995 2.70236
981800 1.35128 1.15825 0.20714 2.71667
981900 1.34326 1.15239 0.204662 2.70031
982000 1.3514 1.12875 0.213919 2.69407
982100 1.37352 1.12999 0.214232 2.71774
982200 1.35977 1.108 0.224673 2.69244
982300 1.31088 1.08754 0.245148 2.64357
982400 1.2979 1.13321 0.236591 2.6677
982500 1.3031 1.16531 0.22277 2.69118
982600 1.3146 1.11186 0.251755 2.67822
982700 1.35473 1.09432 0.271867 2.72092
982800 1.38374 1.12779 0.247613 2.75914
982900 1.40172 1.12969 0.23888 2.77028
983000 1.42312 1.12206 0.241223 2.78641
983100 1.46913 1.16998 0.223713 2.86282
983200 1.50646 1.21301 0.203807 2.92328
983300 1.51097 1.19658 0.204454 2.91201
983400 1.51524 1.20289 0.200947 2.91907
983500 1.51413 1.20557 0.202696 2.92239
983600 1.51909 1.17706 0.215214 2.91136
983700 1.54362 1.13871 0.226418 2.90875
983800 1.53414 1.1553 0.235556 2.925
983900 1.5013 1.19653 0.242092 2.93992
984000 1.51291 1.21417 0.253466 2.98054
984100 1.56447 1.19008 0.281559 3.03611
984200 1.54019 1.18725 0.289505 3.01695
984300 1.5429 1.17592 0.255505 2.97432
984400 1.54921 1.1529 0.23885 2.94096
984500 1.51369 1.14128 0.232826 2.8878
984600 1.45322 1.18612 0.206969 2.84631
984700 1.43789 1.2154 0.200298 2.85359
984800 1.42995 1.23756 0.222509 2.89003
984900 1.4473 1.21501 0.229382 2.89169
985000 1.49637 1.20364 0.218447 2.91846
985100 1.56345 1.2052 0.230282 2.99893
985200 1.58778 1.2269 0.245032 3.05972
985300 1.60092 1.26485 0.249025 3.1148
985400 1.60172 1.34254 0.262521 3.20677
985500 1.64687 1.32144 0.257045 3.22536
985600 1.67618 1.27771 0.243271 3.19716
985700 1.68643 1.2503 0.246558 3.18328
985800 1.63843 1.22123 0.248976 3.10864
985900 1.571 1.21107 0.223142 3.00521
986000 1.47827 1.23533 0.222164 2.93576
986100 1.40608 1.20266 0.236452 2.8452
986200 1.38246 1.15632 0.220712 2.75949
986300 1.39822 1.1184 0.199645 2.71627
986400 1.39496 1.11002 0.216479 2.72146
986500 1.36317 1.13909 0.216316 2.71858
986600 1.35435 1.19794 0.209323 2.76162
986700 1.39475 1.22073 0.223859 2.83934
986800 1.46485 1.23356 0.227756 2.92617
986900 1.55334 1.26527 0.197911 3.01652
987000 1.63653 1.252 0.201234 3.08976
987100 1.67581 1.25728 0.220407 3.1535
987200 1.65466 1.33012 0.226297 3.21108
987300 1.62645 1.36424 0.240771 3.23146
987400 1.64144 1.33165 0.265318 3.2384
987500 1.70071 1.28753 0.253184 3.24142
987600 1.72114 1.24753 0.248466 3.21714
987700 1.681 1.22588 0.256347 3.16323
987800 1.60634 1.2435 0.23959 3.08942
987900 1.5651 1.24734 0.240148 3.05259
988000 1.51577 1.25427 0.25782 3.02786
988100 1.52112 1.21905 0.234323 2.97449
988200 1.56982 1.16028 0.210431 2.94053
988300 1.56924 1.17924 0.214267 2.96274
988400 1.49442 1.197 0.207613 2.89903
988500 1.45263 1.18172 0.185479 2.81983
988600 1.45263 1.16968 0.207278 2.82958
988700 1.44949 1.1383 0.21595 2.80374
988800 1.48522 1.09747 0.177501 2.76019
988900 1.56014 1.10079 0.167158 2.82809
989000 1.58078 1.08228 0.19026 2.85332
989100 1.52092 1.11154 0.202283 2.83475
989200 1.48225 1.14808 0.215032 2.84535
989300 1.46518 1.14016 0.237014 2.84235
989400 1.47159 1.06868 0.226091 2.76635
989500 1.47116 1.06788 0.210211 2.74925
989600 1.46774 1.05276 0.203556 2.72406
989700 1.41735 1.03783 0.210659 2.66584
989800 1.40037 1.03482 0.232862 2.66805
989900 1.42977 1.03721 0.241998 2.70898
990000 1.4802 0.986561 0.234761 2.70152
990100 1.51574 0.999394 0.215569 2.73071
990200 1.53693 1.01988 0.211498 2.76831
990300 1.51823 1.06753 0.213119 2.79887
990400 1.53434 1.0767 0.215232 2.82627
990500 1.55349 1.07333 0.250022 2.87684
990600 1.52953 1.06028 0.275163 2.86498
990700 1.50794 1.06999 0.256107 2.83403
990800 1.53599 1.07051 0.240082 2.84658
990900 1.52202 1.10337 0.253099 2.87849
991000 1.50564 1.094 0.23791 2.83755
991100 1.5413 1.1038 0.222097 2.86719
991200 1.59028 1.10016 0.233733 2.92417
991300 1.57943 1.08571 0.230387 2.89552
991400 1.57379 1.06915 0.217319 2.86026
991500 1.56391 1.12003 0.230001 2.91395
991600 1.51336 1.10604 0.239581 2.85899
991700 1.46804 1.05737 0.234788 2.76019
991800 1.5133 1.01565 0.241132 2.77009
991900 1.51287 0.998658 0.249756 2.76129
992000 1.44388 0.988058 0.239402 2.67134
992100 1.43122 1.01024 0.244989 2.68645
992200 1.43919 1.06274 0.236967 2.7389
992300 1.42814 1.06269 0.213886 2.70472
992400 1.46815 1.01488 0.210588 2.69363
992500 1.53325 1.04062 0.214391 2.78826
992600 1.49438 1.05806 0.202435 2.75487
992700 1.47554 1.0488 0.213741 2.73809
992800 1.50194 1.11501 0.239555 2.85651
992900 1.52226 1.1135 0.249713 2.88548
993000 1.54859 1.03412 0.231109 2.81381
993100 1.61593 1.03767 0.220631 2.87423
993200 1.61717 1.10737 0.220908 2.94545
993300 1.59165 1.11389 0.230144 2.93569
993400 1.6316 1.1356 0.230605 2.9978
993500 1.67108 1.13564 0.235741 3.04246
993600 1.64846 1.07781 0.244753 2.97102
993700 1.66123 1.04386 0.248056 2.95315
993800 1.62517 1.07528 0.233269 2.93372
993900 1.5534 1.083 0.234141 2.87054
994000 1.50974 1.0931 0.249983 2.85282
994100 1.54867 1.06512 0.250905 2.8647
994200 1.52712 1.02233 0.249802 2.79925
994300 1.49569 0.976254 0.251922 2.72387
994400 1.47106 1.00392 0.248819 2.7238
994500 1.41932 1.02621 0.248845 2.69438
994600 1.36596 1.05623 0.235313 2.6575
994700 1.42205 1.0611 0.239978 2.72312
994800 1.43689 1.07418 0.249518 2.76059
994900 1.46032 1.03645 0.261695 2.75847
995000 1.51914 1.0053 0.279411 2.80386
995100 1.56017 1.03551 0.284148 2.87983
995200 1.52264 1.1098 0.268259 2.9007
995300 1.58696 1.1134 0.249274 2.94963
995400 1.67422 1.15458 0.246858 3.07565
995500 1.70919 1.17447 0.23616 3.11983
995600 1.72515 1.17613 0.235982 3.13727
995700 1.80157 1.18668 0.249619 3.23786
995800 1.79393 1.22644 0.249889 3.27026
995900 1.74236 1.16736 0.24991 3.15963
996000 1.72168 1.15785 0.248444 3.12798
996100 1.69386 1.13303 0.258567 3.08546
996200 1.59019 1.08598 0.263724 2.93989
996300 1.55307 1.0408 0.258513 2.85238
996400 1.5456 1.06556 0.252309 2.86346
996500 1.51433 1.02576 0.259074 2.79917
996600 1.48453 1.00628 0.266288 2.7571
996700 1.48712 1.01057 0.264458 2.76215
996800 1.44755 1.01795 0.282219 2.74771
996900 1.41665 1.00122 0.268064 2.68593
997000 1.44151 1.03209 0.211339 2.68493
997100 1.48071 1.03937 0.194158 2.71423
997200 1.49191 1.04563 0.223026 2.76057
997300 1.52571 1.06384 0.236127 2.82568
997400 1.57259 1.10707 0.257224 2.93689
997500 1.61432 1.14054 0.298522 3.05338
997600 1.7124 1.18912 0.298821 3.20034
997700 1.82102 1.22183 0.261896 3.30474
997800 1.85237 1.27627 0.249415 3.37805
997900 1.87082 1.28045 0.244937 3.39621
998000 1.88599 1.25313 0.253924 3.39305
998100 1.82303 1.26098 0.263226 3.34724
998200 1.76655 1.26016 0.245932 3.27264
998300 1.76529 1.19775 0.219941 3.18298
998400 1.69575 1.15478 0.216321 3.06686
998500 1.58817 1.11801 0.210681 2.91686
998600 1.53773 1.06382 0.21442 2.81597
998700 1.45523 1.0371 0.249155 2.74149
998800 1.36856 1.0182 0.266733 2.6535
998900 1.34107 0.991475 0.240452 2.573
999000 1.37748 0.966904 0.232645 2.57703
999100 1.36906 0.965751 0.252648 2.58746
999200 1.39333 0.96629 0.244599 2.60422
999300 1.41199 0.994512 0.243025 2.64953
999400 1.41553 1.02211 0.290809 2.72845
999500 1.39438 1.03489 0.305723 2.73499
999600 1.40585 1.02406 0.268468 2.69838
999700 1.44607 1.02706 0.28023 2.75336
999800 1.49659 0.969411 0.291326 2.75733
999900 1.48295 0.956943 0.255573 2.69546
1000000 1.46401 1.00172 0.248345 2.71407
